date,travel_mode,passengers,positive_cases
2020-07-23,airport_domestic,153963,468.0
2020-07-23,airport_international,41460,751.0
2020-07-23,grand total,420925,5044.0
2020-07-23,road_bus,40370,
2020-07-23,road_own,159986,3367.0
2020-07-23,sea_port,2447,34.0
2020-07-23,train,22699,424.0
2020-07-26,airport_domestic,165068,506.0
2020-07-26,airport_international,43276,787.0
2020-07-26,grand total,439297,5237.0
2020-07-26,road_bus,40494,
2020-07-26,road_own,164438,3485.0
2020-07-26,sea_port,2447,34.0
2020-07-26,train,23574,425.0
2020-07-29,airport_domestic,175172,549.0
2020-07-29,airport_international,45216,805.0
2020-07-29,grand total,455638,5371.0
2020-07-29,road_bus,40619,
2020-07-29,road_own,168610,3558.0
2020-07-29,sea_port,2447,34.0
2020-07-29,train,23574,425.0
2020-07-30,airport_domestic,178540,575.0
2020-07-30,airport_international,46042,807.0
2020-07-30,grand total,462131,5424.0
2020-07-30,road_bus,40641,
2020-07-30,road_own,170033,3583.0
2020-07-30,sea_port,2447,34.0
2020-07-30,train,24428,425.0
2020-08-07,airport_domestic,212107,677.0
2020-08-07,airport_international,51367,853.0
2020-08-07,grand total,514931,5742.0
2020-08-07,road_bus,40764,
2020-08-07,road_own,182307,3752.0
2020-08-07,sea_port,2447,34.0
2020-08-07,train,25939,426.0
2020-08-08,airport_domestic,217290,683.0
2020-08-08,airport_international,52132,853.0
2020-08-08,grand total,522753,5759.0
2020-08-08,road_bus,40769,
2020-08-08,road_own,184176,3763.0
2020-08-08,sea_port,2447,34.0
2020-08-08,train,25939,426.0
2020-08-09,airport_domestic,222420,690.0
2020-08-09,airport_international,53202,860.0
2020-08-09,grand total,532443,5779.0
2020-08-09,road_bus,40784,
2020-08-09,road_own,186591,3769.0
2020-08-09,sea_port,2447,34.0
2020-08-09,train,26999,426.0
2020-08-11,airport_domestic,233037,709.0
2020-08-11,airport_international,54653,863.0
2020-08-11,grand total,548747,5834.0
2020-08-11,road_bus,40797,
2020-08-11,road_own,190814,3800.0
2020-08-11,sea_port,2447,34.0
2020-08-11,train,26999,428.0
2020-08-13,airport_domestic,243523,726.0
2020-08-13,airport_international,56588,867.0
2020-08-13,grand total,567334,5886.0
2020-08-13,road_bus,40810,
2020-08-13,road_own,195816,3831.0
2020-08-13,sea_port,2447,34.0
2020-08-13,train,28150,428.0
2020-08-14,airport_domestic,248841,735.0
2020-08-14,airport_international,57697,868.0
2020-08-14,grand total,575823,5914.0
2020-08-14,road_bus,40814,
2020-08-14,road_own,197874,3849.0
2020-08-14,sea_port,2447,34.0
2020-08-14,train,28150,428.0
2020-08-18,airport_domestic,272188,752.0
2020-08-18,airport_international,60881,884.0
2020-08-18,grand total,612410,6007.0
2020-08-18,road_bus,40820,
2020-08-18,road_own,206796,3909.0
2020-08-18,sea_port,2447,34.0
2020-08-18,train,29278,428.0
2020-08-19,airport_domestic,277707,755.0
2020-08-19,airport_international,61816,885.0
2020-08-19,grand total,621641,6017.0
2020-08-19,road_bus,40886,
2020-08-19,road_own,209507,3915.0
2020-08-19,sea_port,2447,34.0
2020-08-19,train,29278,428.0
2020-08-23,airport_domestic,302220,779.0
2020-08-23,airport_international,65500,896.0
2020-08-23,grand total,665828,6124.0
2020-08-23,road_bus,41240,
2020-08-23,road_own,222923,3987.0
2020-08-23,sea_port,2447,34.0
2020-08-23,train,31498,428.0
2020-08-26,airport_domestic,320910,798.0
2020-08-26,airport_international,68306,899.0
2020-08-26,grand total,697892,6179.0
2020-08-26,road_bus,41240,
2020-08-26,road_own,232320,4020.0
2020-08-26,sea_port,2447,34.0
2020-08-26,train,32669,428.0
2020-09-04,airport_domestic,385360,868.0
2020-09-04,airport_international,76203,921.0
2020-09-04,grand total,797854,6431.0
2020-09-04,road_bus,41326,
2020-09-04,road_own,257698,4180.0
2020-09-04,sea_port,2447,34.0
2020-09-04,train,34820,428.0
2020-09-09,airport_domestic,428195,879.0
2020-09-09,airport_international,79504,922.0
2020-09-09,grand total,860527,6467.0
2020-09-09,road_bus,41388,
2020-09-09,road_own,273619,4204.0
2020-09-09,sea_port,2447,34.0
2020-09-09,train,35374,428.0
2020-09-10,airport_domestic,436818,880.0
2020-09-10,airport_international,80186,922.0
2020-09-10,grand total,873861,6473.0
2020-09-10,road_bus,41388,
2020-09-10,road_own,277648,4209.0
2020-09-10,sea_port,2447,34.0
2020-09-10,train,35374,428.0
2020-09-11,airport_domestic,445726,882.0
2020-09-11,airport_international,80968,922.0
2020-09-11,grand total,885777,6478.0
2020-09-11,road_bus,41388,
2020-09-11,road_own,279874,4212.0
2020-09-11,sea_port,2447,34.0
2020-09-11,train,35374,428.0
2020-09-14,airport_domestic,471168,894.0
2020-09-14,airport_international,82328,922.0
2020-09-14,grand total,919827,6500.0
2020-09-14,road_bus,41388,
2020-09-14,road_own,287122,4222.0
2020-09-14,sea_port,2447,34.0
2020-09-14,train,35374,428.0
2020-09-15,airport_domestic,481061,899.0
2020-09-15,airport_international,83036,924.0
2020-09-15,grand total,932892,6510.0
2020-09-15,road_bus,41388,
2020-09-15,road_own,289586,4225.0
2020-09-15,sea_port,2447,34.0
2020-09-15,train,35374,428.0
2020-09-18,airport_domestic,505529,909.0
2020-09-18,airport_international,84869,924.0
2020-09-18,grand total,964835,6532.0
2020-09-18,road_bus,41388,
2020-09-18,road_own,295228,4237.0
2020-09-18,sea_port,2447,34.0
2020-09-18,train,35374,428.0
2020-09-20,airport_domestic,522717,924.0
2020-09-20,airport_international,86009,924.0
2020-09-20,grand total,986506,6552.0
2020-09-20,road_bus,41388,
2020-09-20,road_own,298571,4242.0
2020-09-20,sea_port,2447,34.0
2020-09-20,train,35374,428.0
2020-09-21,airport_domestic,532366,926.0
2020-09-21,airport_international,86382,924.0
2020-09-21,grand total,997620,6555.0
2020-09-21,road_bus,41388,
2020-09-21,road_own,299663,4243.0
2020-09-21,sea_port,2447,34.0
2020-09-21,train,35374,428.0
2020-09-24,airport_domestic,557027,934.0
2020-09-24,airport_international,87337,924.0
2020-09-24,grand total,1026960,6577.0
2020-09-24,road_bus,41388,
2020-09-24,road_own,303387,4257.0
2020-09-24,sea_port,2447,34.0
2020-09-24,train,35374,428.0
2020-09-25,airport_domestic,565004,941.0
2020-09-25,airport_international,88223,924.0
2020-09-25,grand total,1036951,6585.0
2020-09-25,road_bus,41388,
2020-09-25,road_own,304515,4258.0
2020-09-25,sea_port,2447,34.0
2020-09-25,train,35374,428.0
2020-09-28,airport_domestic,596110,943.0
2020-09-28,airport_international,90102,924.0
2020-09-28,grand total,1073122,6604.0
2020-09-28,road_bus,41388,
2020-09-28,road_own,307701,4275.0
2020-09-28,sea_port,2447,34.0
2020-09-28,train,35374,428.0
2020-09-29,airport_domestic,606611,944.0
2020-09-29,airport_international,90479,924.0
2020-09-29,grand total,1085184,6613.0
2020-09-29,road_bus,41406,
2020-09-29,road_own,308867,4283.0
2020-09-29,sea_port,2447,34.0
2020-09-29,train,35374,428.0
2020-10-02,airport_domestic,633743,954.0
2020-10-02,airport_international,92442,924.0
2020-10-02,grand total,1116679,6638.0
2020-10-02,road_bus,41406,
2020-10-02,road_own,311267,4298.0
2020-10-02,sea_port,2447,34.0
2020-10-02,train,35374,428.0
2020-10-03,airport_domestic,646047,960.0
2020-10-03,airport_international,93027,924.0
2020-10-03,grand total,1131635,6646.0
2020-10-03,road_bus,41406,
2020-10-03,road_own,313334,4300.0
2020-10-03,sea_port,2447,34.0
2020-10-03,train,35374,428.0
2020-10-05,airport_domestic,664731,968.0
2020-10-05,airport_international,94257,924.0
2020-10-05,grand total,1152970,6660.0
2020-10-05,road_bus,41406,
2020-10-05,road_own,314755,4306.0
2020-10-05,sea_port,2447,34.0
2020-10-05,train,35374,428.0
2020-10-06,airport_domestic,675522,968.0
2020-10-06,airport_international,94633,924.0
2020-10-06,grand total,1165198,6663.0
2020-10-06,road_bus,41406,
2020-10-06,road_own,315816,4309.0
2020-10-06,sea_port,2447,34.0
2020-10-06,train,35374,428.0
2020-10-08,airport_domestic,694458,979.0
2020-10-08,airport_international,95368,924.0
2020-10-08,grand total,1186294,6681.0
2020-10-08,road_bus,41406,
2020-10-08,road_own,317241,4316.0
2020-10-08,sea_port,2447,34.0
2020-10-08,train,35374,428.0
2020-10-11,airport_domestic,724109,981.0
2020-10-11,airport_international,97467,925.0
2020-10-11,grand total,1219538,6708.0
2020-10-11,road_bus,41416,
2020-10-11,road_own,318725,4340.0
2020-10-11,sea_port,2447,34.0
2020-10-11,train,35374,428.0
2020-10-12,airport_domestic,734440,982.0
2020-10-12,airport_international,98099,925.0
2020-10-12,grand total,1230727,6711.0
2020-10-12,road_bus,41416,
2020-10-12,road_own,318951,4342.0
2020-10-12,sea_port,2447,34.0
2020-10-12,train,35374,428.0
2020-10-14,airport_domestic,753458,982.0
2020-10-14,airport_international,98951,925.0
2020-10-14,grand total,1251690,6711.0
2020-10-14,road_bus,41416,
2020-10-14,road_own,320044,4342.0
2020-10-14,sea_port,2447,34.0
2020-10-14,train,35374,428.0
2020-10-15,airport_domestic,764297,982.0
2020-10-15,airport_international,99414,925.0
2020-10-15,grand total,1263336,6711.0
2020-10-15,road_bus,41416,
2020-10-15,road_own,320388,4342.0
2020-10-15,sea_port,2447,34.0
2020-10-15,train,35374,428.0
2020-10-16,airport_domestic,781271,982.0
2020-10-16,airport_international,100128,925.0
2020-10-16,grand total,1281291,6711.0
2020-10-16,road_bus,41416,
2020-10-16,road_own,320655,4342.0
2020-10-16,sea_port,2447,34.0
2020-10-16,train,35374,428.0
2020-10-17,airport_domestic,793855,982.0
2020-10-17,airport_international,100764,925.0
2020-10-17,grand total,1294996,6711.0
2020-10-17,road_bus,41416,
2020-10-17,road_own,321140,4342.0
2020-10-17,sea_port,2447,34.0
2020-10-17,train,35374,428.0
2020-10-18,airport_domestic,804751,982.0
2020-10-18,airport_international,101316,925.0
2020-10-18,grand total,1306757,6711.0
2020-10-18,road_bus,41416,
2020-10-18,road_own,321453,4342.0
2020-10-18,sea_port,2447,34.0
2020-10-18,train,35374,428.0
2020-10-19,airport_domestic,816558,982.0
2020-10-19,airport_international,101982,925.0
2020-10-19,grand total,1319435,6711.0
2020-10-19,road_bus,41416,
2020-10-19,road_own,321658,4342.0
2020-10-19,sea_port,2447,34.0
2020-10-19,train,35374,428.0
2020-10-20,airport_domestic,827675,982.0
2020-10-20,airport_international,102552,925.0
2020-10-20,grand total,1331705,6711.0
2020-10-20,road_bus,41416,
2020-10-20,road_own,322241,4342.0
2020-10-20,sea_port,2447,34.0
2020-10-20,train,35374,428.0
2020-10-22,airport_domestic,848276,982.0
2020-10-22,airport_international,103211,925.0
2020-10-22,grand total,1353531,6711.0
2020-10-22,road_bus,41416,
2020-10-22,road_own,322807,4342.0
2020-10-22,sea_port,2447,34.0
2020-10-22,train,35374,428.0
2020-10-23,airport_domestic,857224,982.0
2020-10-23,airport_international,104129,925.0
2020-10-23,grand total,1363932,6711.0
2020-10-23,road_bus,41416,
2020-10-23,road_own,323342,4342.0
2020-10-23,sea_port,2447,34.0
2020-10-23,train,35374,428.0
2020-10-24,airport_domestic,867071,982.0
2020-10-24,airport_international,104950,925.0
2020-10-24,grand total,1374852,6711.0
2020-10-24,road_bus,41416,
2020-10-24,road_own,323594,4342.0
2020-10-24,sea_port,2447,34.0
2020-10-24,train,35374,428.0
2020-10-25,airport_domestic,874915,982.0
2020-10-25,airport_international,105553,925.0
2020-10-25,grand total,1383819,6711.0
2020-10-25,road_bus,41416,
2020-10-25,road_own,324114,4342.0
2020-10-25,sea_port,2447,34.0
2020-10-25,train,35374,428.0
2020-10-26,airport_domestic,886199,982.0
2020-10-26,airport_international,105747,925.0
2020-10-26,grand total,1395483,6711.0
2020-10-26,road_bus,41416,
2020-10-26,road_own,324300,4342.0
2020-10-26,sea_port,2447,34.0
2020-10-26,train,35374,428.0
2020-10-27,airport_domestic,896495,982.0
2020-10-27,airport_international,106251,925.0
2020-10-27,grand total,1406495,6711.0
2020-10-27,road_bus,41416,
2020-10-27,road_own,324512,4342.0
2020-10-27,sea_port,2447,34.0
2020-10-27,train,35374,428.0
2020-10-28,airport_domestic,905128,982.0
2020-10-28,airport_international,107168,925.0
2020-10-28,grand total,1416297,6711.0
2020-10-28,road_bus,41416,
2020-10-28,road_own,324764,4342.0
2020-10-28,sea_port,2447,34.0
2020-10-28,train,35374,428.0
2020-10-29,airport_domestic,914971,982.0
2020-10-29,airport_international,107737,925.0
2020-10-29,grand total,1427176,6711.0
2020-10-29,road_bus,41416,
2020-10-29,road_own,325231,4342.0
2020-10-29,sea_port,2447,34.0
2020-10-29,train,35374,428.0
2020-11-01,airport_domestic,944841,982.0
2020-11-01,airport_international,109501,925.0
2020-11-01,grand total,1459593,6711.0
2020-11-01,road_bus,41416,
2020-11-01,road_own,326014,4342.0
2020-11-01,sea_port,2447,34.0
2020-11-01,train,35374,428.0
2020-11-02,airport_domestic,957509,982.0
2020-11-02,airport_international,110171,925.0
2020-11-02,grand total,1473074,6711.0
2020-11-02,road_bus,41416,
2020-11-02,road_own,326157,4342.0
2020-11-02,sea_port,2447,34.0
2020-11-02,train,35374,428.0
2020-11-07,airport_domestic,1009100,982.0
2020-11-07,airport_international,113000,925.0
2020-11-07,grand total,1529098,6711.0
2020-11-07,road_bus,41416,
2020-11-07,road_own,327761,4342.0
2020-11-07,sea_port,2447,34.0
2020-11-07,train,35374,428.0
2020-11-10,airport_domestic,1042862,982.0
2020-11-10,airport_international,115061,925.0
2020-11-10,grand total,1565643,6711.0
2020-11-10,road_bus,41416,
2020-11-10,road_own,328483,4342.0
2020-11-10,sea_port,2447,34.0
2020-11-10,train,35374,428.0
2020-11-16,airport_domestic,1161241,986.0
2020-11-16,airport_international,119203,925.0
2020-11-16,grand total,1689627,6715.0
2020-11-16,road_bus,41416,
2020-11-16,road_own,329946,4342.0
2020-11-16,sea_port,2447,34.0
2020-11-16,train,35374,428.0
2020-11-17,airport_domestic,1173402,986.0
2020-11-17,airport_international,119785,925.0
2020-11-17,grand total,1702964,6715.0
2020-11-17,road_bus,41416,
2020-11-17,road_own,330540,4342.0
2020-11-17,sea_port,2447,34.0
2020-11-17,train,35374,428.0
2020-11-23,airport_domestic,1237833,997.0
2020-11-23,airport_international,123095,926.0
2020-11-23,grand total,1771687,6736.0
2020-11-23,road_bus,41416,
2020-11-23,road_own,331522,4351.0
2020-11-23,sea_port,2447,34.0
2020-11-23,train,35374,428.0
2020-11-24,airport_domestic,1250656,998.0
2020-11-24,airport_international,123621,926.0
2020-11-24,grand total,1785129,6742.0
2020-11-24,road_bus,41416,
2020-11-24,road_own,331615,4356.0
2020-11-24,sea_port,2447,34.0
2020-11-24,train,35374,428.0
2020-11-26,airport_domestic,1270851,999.0
2020-11-26,airport_international,124808,926.0
2020-11-26,grand total,1806907,6749.0
2020-11-26,road_bus,41416,
2020-11-26,road_own,332011,4362.0
2020-11-26,sea_port,2447,34.0
2020-11-26,train,35374,428.0
2020-11-27,airport_domestic,1279266,999.0
2020-11-27,airport_international,125129,926.0
2020-11-27,grand total,1815750,6756.0
2020-11-27,road_bus,41416,
2020-11-27,road_own,332118,4369.0
2020-11-27,sea_port,2447,34.0
2020-11-27,train,35374,428.0
2020-11-29,airport_domestic,1303550,999.0
2020-11-29,airport_international,126508,926.0
2020-11-29,grand total,1842082,6767.0
2020-11-29,road_bus,41416,
2020-11-29,road_own,332787,4380.0
2020-11-29,sea_port,2447,34.0
2020-11-29,train,35374,428.0
2020-12-02,airport_domestic,1341716,1000.0
2020-12-02,airport_international,128466,927.0
2020-12-02,grand total,1882936,6780.0
2020-12-02,road_bus,41416,
2020-12-02,road_own,333517,4391.0
2020-12-02,sea_port,2447,34.0
2020-12-02,train,35374,428.0
2020-12-07,airport_domestic,1402666,1005.0
2020-12-07,airport_international,131911,927.0
2020-12-07,grand total,1948244,6800.0
2020-12-07,road_bus,41416,
2020-12-07,road_own,334430,4406.0
2020-12-07,sea_port,2447,34.0
2020-12-07,train,35374,428.0
2020-12-09,airport_domestic,1426199,1009.0
2020-12-09,airport_international,132708,927.0
2020-12-09,grand total,1972965,6815.0
2020-12-09,road_bus,41416,
2020-12-09,road_own,334821,4417.0
2020-12-09,sea_port,2447,34.0
2020-12-09,train,35374,428.0
2020-12-10,airport_domestic,1441066,1012.0
2020-12-10,airport_international,133612,928.0
2020-12-10,grand total,1989103,6826.0
2020-12-10,road_bus,41416,
2020-12-10,road_own,335188,4424.0
2020-12-10,sea_port,2447,34.0
2020-12-10,train,35374,428.0
2020-12-11,airport_domestic,1454981,1013.0
2020-12-11,airport_international,134098,928.0
2020-12-11,grand total,2003612,6828.0
2020-12-11,road_bus,41416,
2020-12-11,road_own,335296,4425.0
2020-12-11,sea_port,2447,34.0
2020-12-11,train,35374,428.0
2020-12-13,airport_domestic,1483835,1014.0
2020-12-13,airport_international,135313,928.0
2020-12-13,grand total,2033985,6837.0
2020-12-13,road_bus,41416,
2020-12-13,road_own,335600,4433.0
2020-12-13,sea_port,2447,34.0
2020-12-13,train,35374,428.0
2020-12-17,airport_domestic,1538410,1017.0
2020-12-17,airport_international,138196,928.0
2020-12-17,grand total,2092242,6852.0
2020-12-17,road_bus,41416,
2020-12-17,road_own,336399,4445.0
2020-12-17,sea_port,2447,34.0
2020-12-17,train,35374,428.0
2020-12-18,airport_domestic,1550534,1020.0
2020-12-18,airport_international,138917,928.0
2020-12-18,grand total,2105157,6855.0
2020-12-18,road_bus,41416,
2020-12-18,road_own,336469,4445.0
2020-12-18,sea_port,2447,34.0
2020-12-18,train,35374,428.0
2020-12-23,airport_domestic,1618464,1024.0
2020-12-23,airport_international,142209,929.0
2020-12-23,grand total,2177129,6892.0
2020-12-23,road_bus,41416,
2020-12-23,road_own,337219,4477.0
2020-12-23,sea_port,2447,34.0
2020-12-23,train,35374,428.0
2020-12-24,airport_domestic,1632338,1024.0
2020-12-24,airport_international,143027,929.0
2020-12-24,grand total,2192131,6894.0
2020-12-24,road_bus,41416,
2020-12-24,road_own,337529,4479.0
2020-12-24,sea_port,2447,34.0
2020-12-24,train,35374,428.0
2020-12-26,airport_domestic,1661251,1024.0
2020-12-26,airport_international,144195,929.0
2020-12-26,grand total,2222544,6897.0
2020-12-26,road_bus,41416,
2020-12-26,road_own,337861,4482.0
2020-12-26,sea_port,2447,34.0
2020-12-26,train,35374,428.0
2020-12-27,airport_domestic,1673239,1024.0
2020-12-27,airport_international,144719,929.0
2020-12-27,grand total,2235401,6900.0
2020-12-27,road_bus,41416,
2020-12-27,road_own,338206,4485.0
2020-12-27,sea_port,2447,34.0
2020-12-27,train,35374,428.0
2020-12-28,airport_domestic,1689186,1024.0
2020-12-28,airport_international,145685,929.0
2020-12-28,grand total,2252314,6900.0
2020-12-28,road_bus,41416,
2020-12-28,road_own,338206,4485.0
2020-12-28,sea_port,2447,34.0
2020-12-28,train,35374,428.0
2020-12-29,airport_domestic,1703313,1024.0
2020-12-29,airport_international,146313,929.0
2020-12-29,grand total,2267563,6902.0
2020-12-29,road_bus,41416,
2020-12-29,road_own,338700,4487.0
2020-12-29,sea_port,2447,34.0
2020-12-29,train,35374,428.0
2021-01-03,airport_domestic,1765870,1026.0
2021-01-03,airport_international,149417,930.0
2021-01-03,grand total,2333955,6921.0
2021-01-03,road_bus,41416,
2021-01-03,road_own,339431,4503.0
2021-01-03,sea_port,2447,34.0
2021-01-03,train,35374,428.0
2021-01-04,airport_domestic,1783163,1026.0
2021-01-04,airport_international,150322,930.0
2021-01-04,grand total,2352341,6924.0
2021-01-04,road_bus,41416,
2021-01-04,road_own,339619,4506.0
2021-01-04,sea_port,2447,34.0
2021-01-04,train,35374,428.0
2021-01-09,airport_domestic,1856303,1027.0
2021-01-09,airport_international,154009,932.0
2021-01-09,grand total,2430189,6940.0
2021-01-09,road_bus,41416,
2021-01-09,road_own,340640,4519.0
2021-01-09,sea_port,2447,34.0
2021-01-09,train,35374,428.0
2021-01-10,airport_domestic,1872215,1027.0
2021-01-10,airport_international,155411,936.0
2021-01-10,grand total,2447534,6948.0
2021-01-10,road_bus,41416,
2021-01-10,road_own,340671,4523.0
2021-01-10,sea_port,2447,34.0
2021-01-10,train,35374,428.0
2021-01-11,airport_domestic,1887888,1029.0
2021-01-11,airport_international,156539,936.0
2021-01-11,grand total,2464373,6950.0
2021-01-11,road_bus,41416,
2021-01-11,road_own,340709,4523.0
2021-01-11,sea_port,2447,34.0
2021-01-11,train,35374,428.0
2021-01-14,airport_domestic,1932722,1031.0
2021-01-14,airport_international,159063,938.0
2021-01-14,grand total,2511873,6964.0
2021-01-14,road_bus,41416,
2021-01-14,road_own,340851,4533.0
2021-01-14,sea_port,2447,34.0
2021-01-14,train,35374,428.0
2021-01-16,airport_domestic,1957835,1031.0
2021-01-16,airport_international,161117,940.0
2021-01-16,grand total,2539182,6976.0
2021-01-16,road_bus,41416,
2021-01-16,road_own,340993,4543.0
2021-01-16,sea_port,2447,34.0
2021-01-16,train,35374,428.0
2021-01-17,airport_domestic,1973653,1031.0
2021-01-17,airport_international,162036,940.0
2021-01-17,grand total,2555940,6976.0
2021-01-17,road_bus,41416,
2021-01-17,road_own,341014,4543.0
2021-01-17,sea_port,2447,34.0
2021-01-17,train,35374,428.0
2021-01-18,airport_domestic,1994614,1031.0
2021-01-18,airport_international,162986,940.0
2021-01-18,grand total,2577949,6979.0
2021-01-18,road_bus,41416,
2021-01-18,road_own,341112,4546.0
2021-01-18,sea_port,2447,34.0
2021-01-18,train,35374,428.0
2021-01-22,airport_domestic,2058210,1033.0
2021-01-22,airport_international,166162,940.0
2021-01-22,grand total,2644914,6999.0
2021-01-22,road_bus,41416,
2021-01-22,road_own,341305,4564.0
2021-01-22,sea_port,2447,34.0
2021-01-22,train,35374,428.0
2021-01-23,airport_domestic,2074363,1033.0
2021-01-23,airport_international,166827,940.0
2021-01-23,grand total,2661858,7001.0
2021-01-23,road_bus,41416,
2021-01-23,road_own,341431,4566.0
2021-01-23,sea_port,2447,34.0
2021-01-23,train,35374,428.0
2021-01-24,airport_domestic,2091415,1033.0
2021-01-24,airport_international,167570,940.0
2021-01-24,grand total,2679784,7004.0
2021-01-24,road_bus,41416,
2021-01-24,road_own,341562,4569.0
2021-01-24,sea_port,2447,34.0
2021-01-24,train,35374,428.0
2021-01-25,airport_domestic,2108328,1034.0
2021-01-25,airport_international,168360,940.0
2021-01-25,grand total,2697521,7007.0
2021-01-25,road_bus,41416,
2021-01-25,road_own,341596,4571.0
2021-01-25,sea_port,2447,34.0
2021-01-25,train,35374,428.0
2021-01-26,airport_domestic,2122525,1034.0
2021-01-26,airport_international,169007,940.0
2021-01-26,grand total,2712503,7007.0
2021-01-26,road_bus,41416,
2021-01-26,road_own,341734,4571.0
2021-01-26,sea_port,2447,34.0
2021-01-26,train,35374,428.0
2021-01-27,airport_domestic,2136536,1036.0
2021-01-27,airport_international,169432,940.0
2021-01-27,grand total,2726939,7012.0
2021-01-27,road_bus,41416,
2021-01-27,road_own,341734,4574.0
2021-01-27,sea_port,2447,34.0
2021-01-27,train,35374,428.0
2021-01-28,airport_domestic,2151772,1036.0
2021-01-28,airport_international,170254,940.0
2021-01-28,grand total,2743036,7012.0
2021-01-28,road_bus,41416,
2021-01-28,road_own,341773,4574.0
2021-01-28,sea_port,2447,34.0
2021-01-28,train,35374,428.0
2021-01-29,airport_domestic,2165354,1038.0
2021-01-29,airport_international,170936,940.0
2021-01-29,grand total,2757357,7017.0
2021-01-29,road_bus,41416,
2021-01-29,road_own,341830,4577.0
2021-01-29,sea_port,2447,34.0
2021-01-29,train,35374,428.0
2021-01-30,airport_domestic,2179442,1038.0
2021-01-30,airport_international,171662,940.0
2021-01-30,grand total,2772279,7019.0
2021-01-30,road_bus,41416,
2021-01-30,road_own,341938,4579.0
2021-01-30,sea_port,2447,34.0
2021-01-30,train,35374,428.0
2021-01-31,airport_domestic,2191999,1038.0
2021-01-31,airport_international,172532,940.0
2021-01-31,grand total,2785742,7019.0
2021-01-31,road_bus,41416,
2021-01-31,road_own,341974,4579.0
2021-01-31,sea_port,2447,34.0
2021-01-31,train,35374,428.0
2021-02-02,airport_domestic,2224160,1038.0
2021-02-02,airport_international,174005,940.0
2021-02-02,grand total,2819513,7021.0
2021-02-02,road_bus,41416,
2021-02-02,road_own,342111,4581.0
2021-02-02,sea_port,2447,34.0
2021-02-02,train,35374,428.0
2021-02-04,airport_domestic,2254060,1038.0
2021-02-04,airport_international,175501,941.0
2021-02-04,grand total,2850937,7027.0
2021-02-04,road_bus,41416,
2021-02-04,road_own,342139,4586.0
2021-02-04,sea_port,2447,34.0
2021-02-04,train,35374,428.0
2021-02-05,airport_domestic,2267844,1039.0
2021-02-05,airport_international,176371,941.0
2021-02-05,grand total,2865686,7030.0
2021-02-05,road_bus,41416,
2021-02-05,road_own,342234,4588.0
2021-02-05,sea_port,2447,34.0
2021-02-05,train,35374,428.0
2021-02-07,airport_domestic,2296676,1039.0
2021-02-07,airport_international,177796,942.0
2021-02-07,grand total,2896094,7038.0
2021-02-07,road_bus,41416,
2021-02-07,road_own,342385,4595.0
2021-02-07,sea_port,2447,34.0
2021-02-07,train,35374,428.0
2021-02-08,airport_domestic,2310110,1039.0
2021-02-08,airport_international,178562,943.0
2021-02-08,grand total,2910350,7043.0
2021-02-08,road_bus,41416,
2021-02-08,road_own,342441,4599.0
2021-02-08,sea_port,2447,34.0
2021-02-08,train,35374,428.0
2021-02-09,airport_domestic,2325468,1039.0
2021-02-09,airport_international,179289,943.0
2021-02-09,grand total,2926435,7044.0
2021-02-09,road_bus,41416,
2021-02-09,road_own,342441,4600.0
2021-02-09,sea_port,2447,34.0
2021-02-09,train,35374,428.0
2021-02-10,airport_domestic,2339148,1039.0
2021-02-10,airport_international,179833,943.0
2021-02-10,grand total,2940741,7045.0
2021-02-10,road_bus,41416,
2021-02-10,road_own,342523,4601.0
2021-02-10,sea_port,2447,34.0
2021-02-10,train,35374,428.0
2021-02-12,airport_domestic,2368458,1040.0
2021-02-12,airport_international,181935,946.0
2021-02-12,grand total,2972230,7055.0
2021-02-12,road_bus,41416,
2021-02-12,road_own,342600,4607.0
2021-02-12,sea_port,2447,34.0
2021-02-12,train,35374,428.0
2021-02-13,airport_domestic,2385408,1040.0
2021-02-13,airport_international,182758,946.0
2021-02-13,grand total,2990080,7055.0
2021-02-13,road_bus,41416,
2021-02-13,road_own,342677,4607.0
2021-02-13,sea_port,2447,34.0
2021-02-13,train,35374,428.0
2021-02-14,airport_domestic,2401135,1040.0
2021-02-14,airport_international,183436,946.0
2021-02-14,grand total,3006485,7055.0
2021-02-14,road_bus,41416,
2021-02-14,road_own,342677,4607.0
2021-02-14,sea_port,2447,34.0
2021-02-14,train,35374,428.0
2021-02-16,airport_domestic,2435287,1040.0
2021-02-16,airport_international,184901,946.0
2021-02-16,grand total,3042188,7055.0
2021-02-16,road_bus,41416,
2021-02-16,road_own,342763,4607.0
2021-02-16,sea_port,2447,34.0
2021-02-16,train,35374,428.0
2021-02-17,airport_domestic,2449046,1041.0
2021-02-17,airport_international,185329,946.0
2021-02-17,grand total,3056375,7058.0
2021-02-17,road_bus,41416,
2021-02-17,road_own,342763,4609.0
2021-02-17,sea_port,2447,34.0
2021-02-17,train,35374,428.0
2021-02-19,airport_domestic,2482579,1043.0
2021-02-19,airport_international,187105,946.0
2021-02-19,grand total,3091736,7064.0
2021-02-19,road_bus,41416,
2021-02-19,road_own,342815,4613.0
2021-02-19,sea_port,2447,34.0
2021-02-19,train,35374,428.0
2021-02-20,airport_domestic,2497558,1043.0
2021-02-20,airport_international,187772,946.0
2021-02-20,grand total,3107382,7064.0
2021-02-20,road_bus,41416,
2021-02-20,road_own,342815,4613.0
2021-02-20,sea_port,2447,34.0
2021-02-20,train,35374,428.0
2021-02-21,airport_domestic,2511904,1043.0
2021-02-21,airport_international,188670,946.0
2021-02-21,grand total,3122668,7066.0
2021-02-21,road_bus,41416,
2021-02-21,road_own,342857,4615.0
2021-02-21,sea_port,2447,34.0
2021-02-21,train,35374,428.0
2021-02-25,airport_domestic,2578532,1043.0
2021-02-25,airport_international,191393,948.0
2021-02-25,grand total,3192263,7070.0
2021-02-25,road_bus,41416,
2021-02-25,road_own,343101,4617.0
2021-02-25,sea_port,2447,34.0
2021-02-25,train,35374,428.0
2021-02-27,airport_domestic,2610592,1043.0
2021-02-27,airport_international,192713,950.0
2021-02-27,grand total,3225723,7074.0
2021-02-27,road_bus,41416,
2021-02-27,road_own,343181,4619.0
2021-02-27,sea_port,2447,34.0
2021-02-27,train,35374,428.0
2021-02-28,airport_domestic,2624175,1043.0
2021-02-28,airport_international,193572,950.0
2021-02-28,grand total,3240194,7074.0
2021-02-28,road_bus,41416,
2021-02-28,road_own,343210,4619.0
2021-02-28,sea_port,2447,34.0
2021-02-28,train,35374,428.0
2021-03-01,airport_domestic,2642839,1043.0
2021-03-01,airport_international,194427,950.0
2021-03-01,grand total,3259742,7078.0
2021-03-01,road_bus,41416,
2021-03-01,road_own,343239,4623.0
2021-03-01,sea_port,2447,34.0
2021-03-01,train,35374,428.0
2021-03-02,airport_domestic,2658794,1043.0
2021-03-02,airport_international,195191,950.0
2021-03-02,grand total,3276490,7079.0
2021-03-02,road_bus,41416,
2021-03-02,road_own,343268,4624.0
2021-03-02,sea_port,2447,34.0
2021-03-02,train,35374,428.0
2021-03-03,airport_domestic,2672253,1043.0
2021-03-03,airport_international,195665,950.0
2021-03-03,grand total,3290452,7079.0
2021-03-03,road_bus,41416,
2021-03-03,road_own,343297,4624.0
2021-03-03,sea_port,2447,34.0
2021-03-03,train,35374,428.0
2021-03-04,airport_domestic,2687014,1043.0
2021-03-04,airport_international,196661,953.0
2021-03-04,grand total,3306209,7085.0
2021-03-04,road_bus,41416,
2021-03-04,road_own,343297,4627.0
2021-03-04,sea_port,2447,34.0
2021-03-04,train,35374,428.0
2021-03-05,airport_domestic,2700649,1044.0
2021-03-05,airport_international,197697,955.0
2021-03-05,grand total,3321008,7090.0
2021-03-05,road_bus,41416,
2021-03-05,road_own,343425,4629.0
2021-03-05,sea_port,2447,34.0
2021-03-05,train,35374,428.0
2021-03-06,airport_domestic,2714815,1044.0
2021-03-06,airport_international,199540,955.0
2021-03-06,grand total,3337030,7090.0
2021-03-06,road_bus,41416,
2021-03-06,road_own,343438,4629.0
2021-03-06,sea_port,2447,34.0
2021-03-06,train,35374,428.0
2021-03-07,airport_domestic,2729221,1044.0
2021-03-07,airport_international,200416,955.0
2021-03-07,grand total,3352322,7090.0
2021-03-07,road_bus,41416,
2021-03-07,road_own,343448,4629.0
2021-03-07,sea_port,2447,34.0
2021-03-07,train,35374,428.0
2021-03-08,airport_domestic,2743976,1044.0
2021-03-08,airport_international,201159,956.0
2021-03-08,grand total,3367820,7091.0
2021-03-08,road_bus,41416,
2021-03-08,road_own,343448,4629.0
2021-03-08,sea_port,2447,34.0
2021-03-08,train,35374,428.0
2021-03-10,airport_domestic,2770170,1044.0
2021-03-10,airport_international,204199,957.0
2021-03-10,grand total,3397054,7101.0
2021-03-10,road_bus,41416,
2021-03-10,road_own,343448,4638.0
2021-03-10,sea_port,2447,34.0
2021-03-10,train,35374,428.0
2021-03-11,airport_domestic,2784957,1044.0
2021-03-11,airport_international,205328,959.0
2021-03-11,grand total,3412970,7108.0
2021-03-11,road_bus,41416,
2021-03-11,road_own,343448,4643.0
2021-03-11,sea_port,2447,34.0
2021-03-11,train,35374,428.0
2021-03-12,airport_domestic,2797515,1044.0
2021-03-12,airport_international,206363,960.0
2021-03-12,grand total,3426563,7109.0
2021-03-12,road_bus,41416,
2021-03-12,road_own,343448,4643.0
2021-03-12,sea_port,2447,34.0
2021-03-12,train,35374,428.0
2021-03-13,airport_domestic,2811618,1044.0
2021-03-13,airport_international,209130,961.0
2021-03-13,grand total,3443433,7114.0
2021-03-13,road_bus,41416,
2021-03-13,road_own,343448,4647.0
2021-03-13,sea_port,2447,34.0
2021-03-13,train,35374,428.0
2021-03-14,airport_domestic,2825633,1044.0
2021-03-14,airport_international,211012,962.0
2021-03-14,grand total,3459330,7115.0
2021-03-14,road_bus,41416,
2021-03-14,road_own,343448,4647.0
2021-03-14,sea_port,2447,34.0
2021-03-14,train,35374,428.0
2021-03-15,airport_domestic,2841695,1044.0
2021-03-15,airport_international,213697,963.0
2021-03-15,grand total,3478077,7116.0
2021-03-15,road_bus,41416,
2021-03-15,road_own,343448,4647.0
2021-03-15,sea_port,2447,34.0
2021-03-15,train,35374,428.0
2021-03-16,airport_domestic,2857837,1045.0
2021-03-16,airport_international,215621,963.0
2021-03-16,grand total,3496143,7119.0
2021-03-16,road_bus,41416,
2021-03-16,road_own,343448,4649.0
2021-03-16,sea_port,2447,34.0
2021-03-16,train,35374,428.0
2021-03-17,airport_domestic,2871685,1045.0
2021-03-17,airport_international,216915,963.0
2021-03-17,grand total,3511285,7126.0
2021-03-17,road_bus,41416,
2021-03-17,road_own,343448,4656.0
2021-03-17,sea_port,2447,34.0
2021-03-17,train,35374,428.0
2021-03-18,airport_domestic,2886282,1045.0
2021-03-18,airport_international,217965,963.0
2021-03-18,grand total,3526932,7130.0
2021-03-18,road_bus,41416,
2021-03-18,road_own,343448,4660.0
2021-03-18,sea_port,2447,34.0
2021-03-18,train,35374,428.0
2021-03-20,airport_domestic,2914974,1047.0
2021-03-20,airport_international,222552,965.0
2021-03-20,grand total,3560258,7137.0
2021-03-20,road_bus,41416,
2021-03-20,road_own,343495,4663.0
2021-03-20,sea_port,2447,34.0
2021-03-20,train,35374,428.0
2021-03-21,airport_domestic,2928431,1047.0
2021-03-21,airport_international,224074,966.0
2021-03-21,grand total,3575275,7146.0
2021-03-21,road_bus,41416,
2021-03-21,road_own,343533,4671.0
2021-03-21,sea_port,2447,34.0
2021-03-21,train,35374,428.0
2021-03-22,airport_domestic,2942754,1047.0
2021-03-22,airport_international,227310,967.0
2021-03-22,grand total,3592872,7149.0
2021-03-22,road_bus,41416,
2021-03-22,road_own,343571,4673.0
2021-03-22,sea_port,2447,34.0
2021-03-22,train,35374,428.0
2021-03-24,airport_domestic,2968035,1048.0
2021-03-24,airport_international,229218,970.0
2021-03-24,grand total,3620130,7164.0
2021-03-24,road_bus,41416,
2021-03-24,road_own,343640,4684.0
2021-03-24,sea_port,2447,34.0
2021-03-24,train,35374,428.0
2021-03-27,airport_domestic,3007953,1050.0
2021-03-27,airport_international,235684,972.0
2021-03-27,grand total,3666558,7191.0
2021-03-27,road_bus,41416,
2021-03-27,road_own,343684,4707.0
2021-03-27,sea_port,2447,34.0
2021-03-27,train,35374,428.0
2021-03-28,airport_domestic,3022248,1051.0
2021-03-28,airport_international,237076,972.0
2021-03-28,grand total,3682245,7204.0
2021-03-28,road_bus,41416,
2021-03-28,road_own,343684,4719.0
2021-03-28,sea_port,2447,34.0
2021-03-28,train,35374,428.0
2021-04-03,airport_domestic,3097108,1058.0
2021-04-03,airport_international,248654,976.0
2021-04-03,grand total,3768683,7262.0
2021-04-03,road_bus,41416,
2021-04-03,road_own,343684,4766.0
2021-04-03,sea_port,2447,34.0
2021-04-03,train,35374,428.0
2021-04-04,airport_domestic,3112839,1058.0
2021-04-04,airport_international,250992,977.0
2021-04-04,grand total,3786779,7281.0
2021-04-04,road_bus,41416,
2021-04-04,road_own,343711,4784.0
2021-04-04,sea_port,2447,34.0
2021-04-04,train,35374,428.0
2021-04-06,airport_domestic,3139682,1058.0
2021-04-06,airport_international,255265,981.0
2021-04-06,grand total,3817969,7323.0
2021-04-06,road_bus,41416,
2021-04-06,road_own,343785,4822.0
2021-04-06,sea_port,2447,34.0
2021-04-06,train,35374,428.0
2021-04-09,airport_domestic,3174658,1059.0
2021-04-09,airport_international,261319,986.0
2021-04-09,grand total,3859116,7385.0
2021-04-09,road_bus,41416,
2021-04-09,road_own,343902,4878.0
2021-04-09,sea_port,2447,34.0
2021-04-09,train,35374,428.0
2021-04-10,airport_domestic,3186547,1059.0
2021-04-10,airport_international,262837,986.0
2021-04-10,grand total,3872601,7411.0
2021-04-10,road_bus,41416,
2021-04-10,road_own,343980,4904.0
2021-04-10,sea_port,2447,34.0
2021-04-10,train,35374,428.0
2021-04-11,airport_domestic,3198381,1059.0
2021-04-11,airport_international,265005,991.0
2021-04-11,grand total,3886674,7446.0
2021-04-11,road_bus,41416,
2021-04-11,road_own,344051,4934.0
2021-04-11,sea_port,2447,34.0
2021-04-11,train,35374,428.0
2021-04-19,airport_domestic,3280224,1067.0
2021-04-19,airport_international,278805,1000.0
2021-04-19,grand total,3983127,7669.0
2021-04-19,road_bus,41416,
2021-04-19,road_own,344861,5140.0
2021-04-19,sea_port,2447,34.0
2021-04-19,train,35374,428.0
2021-04-20,airport_domestic,3292568,1067.0
2021-04-20,airport_international,280382,1001.0
2021-04-20,grand total,3997142,7724.0
2021-04-20,road_bus,41416,
2021-04-20,road_own,344955,5194.0
2021-04-20,sea_port,2447,34.0
2021-04-20,train,35374,428.0
2021-04-24,airport_domestic,3324676,1069.0
2021-04-24,airport_international,285527,1001.0
2021-04-24,grand total,4035195,7917.0
2021-04-24,road_bus,41416,
2021-04-24,road_own,345755,5385.0
2021-04-24,sea_port,2447,34.0
2021-04-24,train,35374,428.0
2021-04-25,airport_domestic,3335060,1069.0
2021-04-25,airport_international,287335,1001.0
2021-04-25,grand total,4047648,7950.0
2021-04-25,road_bus,41416,
2021-04-25,road_own,346016,5418.0
2021-04-25,sea_port,2447,34.0
2021-04-25,train,35374,428.0
2021-04-30,airport_domestic,3365047,1073.0
2021-04-30,airport_international,294003,1001.0
2021-04-30,grand total,4085445,8126.0
2021-04-30,road_bus,41416,
2021-04-30,road_own,347158,5590.0
2021-04-30,sea_port,2447,34.0
2021-04-30,train,35374,428.0
2021-05-01,airport_domestic,3372518,1073.0
2021-05-01,airport_international,295773,1001.0
2021-05-01,grand total,4094950,8156.0
2021-05-01,road_bus,41416,
2021-05-01,road_own,347422,5620.0
2021-05-01,sea_port,2447,34.0
2021-05-01,train,35374,428.0
2021-05-03,airport_domestic,3384792,1074.0
2021-05-03,airport_international,298294,1002.0
2021-05-03,grand total,4110245,8199.0
2021-05-03,road_bus,41416,
2021-05-03,road_own,347922,5661.0
2021-05-03,sea_port,2447,34.0
2021-05-03,train,35374,428.0
2021-05-04,airport_domestic,3389929,1074.0
2021-05-04,airport_international,299286,1002.0
2021-05-04,grand total,4116556,8233.0
2021-05-04,road_bus,41416,
2021-05-04,road_own,348104,5695.0
2021-05-04,sea_port,2447,34.0
2021-05-04,train,35374,428.0
2021-05-08,airport_domestic,3422396,1075.0
2021-05-08,airport_international,303674,1005.0
2021-05-08,grand total,4154845,8317.0
2021-05-08,road_bus,41416,
2021-05-08,road_own,349538,5775.0
2021-05-08,sea_port,2447,34.0
2021-05-08,train,35374,428.0
2021-05-09,airport_domestic,3426266,1075.0
2021-05-09,airport_international,304916,1005.0
2021-05-09,grand total,4160229,8345.0
2021-05-09,road_bus,41416,
2021-05-09,road_own,349810,5803.0
2021-05-09,sea_port,2447,34.0
2021-05-09,train,35374,428.0
2021-05-11,airport_domestic,1075,
2021-05-11,airport_international,307507,1005.0
2021-05-11,grand total,4170473,8381.0
2021-05-11,road_bus,41416,
2021-05-11,road_own,350418,5839.0
2021-05-11,sea_port,2447,34.0
2021-05-11,train,35374,428.0
2021-05-14,airport_domestic,3440014,1075.0
2021-05-14,airport_international,310347,1005.0
2021-05-14,grand total,4181019,8420.0
2021-05-14,road_bus,41416,
2021-05-14,road_own,351421,5878.0
2021-05-14,sea_port,2447,34.0
2021-05-14,train,35374,428.0
2021-05-21,airport_domestic,3455970,1075.0
2021-05-21,airport_international,316137,1005.0
2021-05-21,grand total,4204244,8474.0
2021-05-21,road_bus,41416,
2021-05-21,road_own,352900,5932.0
2021-05-21,sea_port,2447,34.0
2021-05-21,train,35374,428.0
2021-05-23,airport_domestic,3460802,1075.0
2021-05-23,airport_international,317874,1005.0
2021-05-23,grand total,4211008,8494.0
2021-05-23,road_bus,41416,
2021-05-23,road_own,353095,5952.0
2021-05-23,sea_port,2447,34.0
2021-05-23,train,35374,428.0
2021-06-05,airport_domestic,3493468,1075.0
2021-06-05,airport_international,331755,1005.0
2021-06-05,grand total,4258216,8522.0
2021-06-05,road_bus,41416,
2021-06-05,road_own,353756,5980.0
2021-06-05,sea_port,2447,34.0
2021-06-05,train,35374,428.0
2021-06-13,airport_domestic,3526970,1075.0
2021-06-13,airport_international,338745,1006.0
2021-06-13,grand total,4298900,8539.0
2021-06-13,road_bus,41416,
2021-06-13,road_own,353948,5996.0
2021-06-13,sea_port,2447,34.0
2021-06-13,train,35374,428.0
2021-06-16,airport_domestic,3541099,1075.0
2021-06-16,airport_international,340871,1006.0
2021-06-16,grand total,4315193,8545.0
2021-06-16,road_bus,41416,
2021-06-16,road_own,353986,6002.0
2021-06-16,sea_port,2447,34.0
2021-06-16,train,35374,428.0
2021-06-17,airport_domestic,3545851,1075.0
2021-06-17,airport_international,342004,1006.0
2021-06-17,grand total,4321087,8548.0
2021-06-17,road_bus,41416,
2021-06-17,road_own,353995,6005.0
2021-06-17,sea_port,2447,34.0
2021-06-17,train,35374,428.0
2021-06-23,airport_domestic,3579662,1075.0
2021-06-23,airport_international,348094,1007.0
2021-06-23,grand total,4361039,8562.0
2021-06-23,road_bus,41416,
2021-06-23,road_own,354046,6018.0
2021-06-23,sea_port,2447,34.0
2021-06-23,train,35374,428.0
2021-06-28,airport_domestic,3612132,1075.0
2021-06-28,airport_international,354097,1007.0
2021-06-28,grand total,4399568,8571.0
2021-06-28,road_bus,41416,
2021-06-28,road_own,354102,6027.0
2021-06-28,sea_port,2447,34.0
2021-06-28,train,35374,428.0
2021-06-29,airport_domestic,3618803,1075.0
2021-06-29,airport_international,355142,1007.0
2021-06-29,grand total,4407286,8573.0
2021-06-29,road_bus,41416,
2021-06-29,road_own,354104,6029.0
2021-06-29,sea_port,2447,34.0
2021-06-29,train,35374,428.0
2021-06-30,airport_domestic,3624932,1075.0
2021-06-30,airport_international,355931,1007.0
2021-06-30,grand total,4414209,8573.0
2021-06-30,road_bus,41416,
2021-06-30,road_own,354109,6029.0
2021-06-30,sea_port,2447,34.0
2021-06-30,train,35374,428.0
2021-07-01,airport_domestic,3632321,1075.0
2021-07-01,airport_international,357241,1007.0
2021-07-01,grand total,4422912,8574.0
2021-07-01,road_bus,41416,
2021-07-01,road_own,354113,6030.0
2021-07-01,sea_port,2447,34.0
2021-07-01,train,35374,428.0
2021-07-02,airport_domestic,3640235,1075.0
2021-07-02,airport_international,358909,1007.0
2021-07-02,grand total,4432501,8583.0
2021-07-02,road_bus,41416,
2021-07-02,road_own,354120,6039.0
2021-07-02,sea_port,2447,34.0
2021-07-02,train,35374,428.0
2021-07-04,airport_domestic,3649842,1075.0
2021-07-04,airport_international,362088,1008.0
2021-07-04,grand total,4445295,8587.0
2021-07-04,road_bus,41416,
2021-07-04,road_own,354128,6042.0
2021-07-04,sea_port,2447,34.0
2021-07-04,train,35374,428.0
2021-07-07,airport_domestic,3676033,1075.0
2021-07-07,airport_international,365819,1008.0
2021-07-07,grand total,4475236,8592.0
2021-07-07,road_bus,41416,
2021-07-07,road_own,354147,6047.0
2021-07-07,sea_port,2447,34.0
2021-07-07,train,35374,428.0
2021-07-08,airport_domestic,3684693,1075.0
2021-07-08,airport_international,367070,1008.0
2021-07-08,grand total,4485152,8593.0
2021-07-08,road_bus,41416,
2021-07-08,road_own,354152,6048.0
2021-07-08,sea_port,2447,34.0
2021-07-08,train,35374,428.0
2021-07-13,airport_domestic,3731115,1075.0
2021-07-13,airport_international,374543,1009.0
2021-07-13,grand total,4539065,8605.0
2021-07-13,road_bus,41416,
2021-07-13,road_own,354170,6059.0
2021-07-13,sea_port,2447,34.0
2021-07-13,train,35374,428.0
2021-07-14,airport_domestic,3738823,1075.0
2021-07-14,airport_international,375723,1009.0
2021-07-14,grand total,4547957,8608.0
2021-07-14,road_bus,41416,
2021-07-14,road_own,354174,6062.0
2021-07-14,sea_port,2447,34.0
2021-07-14,train,35374,428.0
2021-07-16,airport_domestic,3757497,1075.0
2021-07-16,airport_international,379420,1009.0
2021-07-16,grand total,4570346,8612.0
2021-07-16,road_bus,41416,
2021-07-16,road_own,354192,6066.0
2021-07-16,sea_port,2447,34.0
2021-07-16,train,35374,428.0
2021-07-17,airport_domestic,3767841,1075.0
2021-07-17,airport_international,381146,1009.0
2021-07-17,grand total,4582425,8614.0
2021-07-17,road_bus,41416,
2021-07-17,road_own,354201,6068.0
2021-07-17,sea_port,2447,34.0
2021-07-17,train,35374,428.0
2021-07-19,airport_domestic,3786493,1075.0
2021-07-19,airport_international,384444,1010.0
2021-07-19,grand total,4604388,8619.0
2021-07-19,road_bus,41416,
2021-07-19,road_own,354214,6072.0
2021-07-19,sea_port,2447,34.0
2021-07-19,train,35374,428.0
2021-07-20,airport_domestic,3795766,1075.0
2021-07-20,airport_international,386044,1010.0
2021-07-20,grand total,4615266,8622.0
2021-07-20,road_bus,41416,
2021-07-20,road_own,354219,6075.0
2021-07-20,sea_port,2447,34.0
2021-07-20,train,35374,428.0
2021-07-21,airport_domestic,3801801,1076.0
2021-07-21,airport_international,387036,1015.0
2021-07-21,grand total,4622296,8638.0
2021-07-21,road_bus,41416,
2021-07-21,road_own,354222,6085.0
2021-07-21,sea_port,2447,34.0
2021-07-21,train,35374,428.0
2021-07-22,airport_domestic,3811461,1076.0
2021-07-22,airport_international,388297,1015.0
2021-07-22,grand total,4633219,8639.0
2021-07-22,road_bus,41416,
2021-07-22,road_own,354224,6086.0
2021-07-22,sea_port,2447,34.0
2021-07-22,train,35374,428.0
2021-07-23,airport_domestic,3819972,1077.0
2021-07-23,airport_international,389491,1015.0
2021-07-23,grand total,4642925,8641.0
2021-07-23,road_bus,41416,
2021-07-23,road_own,354225,6087.0
2021-07-23,sea_port,2447,34.0
2021-07-23,train,35374,428.0
2021-07-25,airport_domestic,3839438,1078.0
2021-07-25,airport_international,392317,1015.0
2021-07-25,grand total,4665222,8645.0
2021-07-25,road_bus,41416,
2021-07-25,road_own,354230,6090.0
2021-07-25,sea_port,2447,34.0
2021-07-25,train,35374,428.0
2021-07-26,airport_domestic,3851195,1078.0
2021-07-26,airport_international,393587,1015.0
2021-07-26,grand total,4678252,8645.0
2021-07-26,road_bus,41416,
2021-07-26,road_own,354233,6090.0
2021-07-26,sea_port,2447,34.0
2021-07-26,train,35374,428.0
2021-07-27,airport_domestic,3860788,1078.0
2021-07-27,airport_international,394590,1015.0
2021-07-27,grand total,4688851,8646.0
2021-07-27,road_bus,41416,
2021-07-27,road_own,354236,6091.0
2021-07-27,sea_port,2447,34.0
2021-07-27,train,35374,428.0
2021-07-28,airport_domestic,3868838,1078.0
2021-07-28,airport_international,395797,1015.0
2021-07-28,grand total,4698112,8647.0
2021-07-28,road_bus,41416,
2021-07-28,road_own,354240,6092.0
2021-07-28,sea_port,2447,34.0
2021-07-28,train,35374,428.0
2021-07-29,airport_domestic,3878296,1078.0
2021-07-29,airport_international,397083,1015.0
2021-07-29,grand total,4708865,8648.0
2021-07-29,road_bus,41416,
2021-07-29,road_own,354249,6093.0
2021-07-29,sea_port,2447,34.0
2021-07-29,train,35374,428.0
2021-07-30,airport_domestic,3878296,1078.0
2021-07-30,airport_international,398405,1015.0
2021-07-30,grand total,4710199,8651.0
2021-07-30,road_bus,41416,
2021-07-30,road_own,354261,6096.0
2021-07-30,sea_port,2447,34.0
2021-07-30,train,35374,428.0
2021-07-31,airport_domestic,3897524,1078.0
2021-07-31,airport_international,400121,1015.0
2021-07-31,grand total,4731156,8651.0
2021-07-31,road_bus,41416,
2021-07-31,road_own,354274,6096.0
2021-07-31,sea_port,2447,34.0
2021-07-31,train,35374,428.0
2021-08-02,airport_domestic,3925143,1078.0
2021-08-02,airport_international,403381,1017.0
2021-08-02,grand total,4762040,8658.0
2021-08-02,road_bus,41416,
2021-08-02,road_own,354279,6101.0
2021-08-02,sea_port,2447,34.0
2021-08-02,train,35374,428.0
2021-08-03,airport_domestic,3939276,1078.0
2021-08-03,airport_international,403646,1020.0
2021-08-03,grand total,4776448,8661.0
2021-08-03,road_bus,41416,
2021-08-03,road_own,354289,6101.0
2021-08-03,sea_port,2447,34.0
2021-08-03,train,35374,428.0
2021-08-05,airport_domestic,3964864,1080.0
2021-08-05,airport_international,406239,1020.0
2021-08-05,grand total,4804639,8663.0
2021-08-05,road_bus,41416,
2021-08-05,road_own,354299,6101.0
2021-08-05,sea_port,2447,34.0
2021-08-05,train,35374,428.0
2021-08-09,airport_domestic,4018899,1080.0
2021-08-09,airport_international,412585,1020.0
2021-08-09,grand total,4865051,8664.0
2021-08-09,road_bus,41416,
2021-08-09,road_own,354330,6102.0
2021-08-09,sea_port,2447,34.0
2021-08-09,train,35374,428.0
2021-08-11,airport_domestic,4042785,1080.0
2021-08-11,airport_international,414792,1020.0
2021-08-11,grand total,4891160,8664.0
2021-08-11,road_bus,41416,
2021-08-11,road_own,354346,6102.0
2021-08-11,sea_port,2447,34.0
2021-08-11,train,35374,428.0
2021-08-13,airport_domestic,4067610,1080.0
2021-08-13,airport_international,418093,1021.0
2021-08-13,grand total,4919297,8667.0
2021-08-13,road_bus,41416,
2021-08-13,road_own,354357,6104.0
2021-08-13,sea_port,2447,34.0
2021-08-13,train,35374,428.0
2021-08-14,airport_domestic,4080889,1080.0
2021-08-14,airport_international,420260,1021.0
2021-08-14,grand total,4934750,8667.0
2021-08-14,road_bus,41416,
2021-08-14,road_own,354364,6104.0
2021-08-14,sea_port,2447,34.0
2021-08-14,train,35374,428.0
2021-08-15,airport_domestic,4093698,1080.0
2021-08-15,airport_international,422025,1021.0
2021-08-15,grand total,4949336,8667.0
2021-08-15,road_bus,41416,
2021-08-15,road_own,354376,6104.0
2021-08-15,sea_port,2447,34.0
2021-08-15,train,35374,428.0
2021-08-18,airport_domestic,3775704,1075.0
2021-08-18,airport_international,382942,1009.0
2021-08-18,grand total,4592092,8615.0
2021-08-18,road_bus,41416,
2021-08-18,road_own,354209,6069.0
2021-08-18,sea_port,2447,34.0
2021-08-18,train,35374,428.0
2021-08-20,airport_domestic,4157883,1081.0
2021-08-20,airport_international,429282,1022.0
2021-08-20,grand total,5020802,8669.0
2021-08-20,road_bus,41416,
2021-08-20,road_own,354400,6104.0
2021-08-20,sea_port,2447,34.0
2021-08-20,train,35374,428.0
2021-08-24,airport_domestic,4208772,1082.0
2021-08-24,airport_international,435602,1022.0
2021-08-24,grand total,5078023,8671.0
2021-08-24,road_bus,41416,
2021-08-24,road_own,354412,6105.0
2021-08-24,sea_port,2447,34.0
2021-08-24,train,35374,428.0
2021-08-25,airport_domestic,4220153,1082.0
2021-08-25,airport_international,436593,1022.0
2021-08-25,grand total,5090402,8672.0
2021-08-25,road_bus,41416,
2021-08-25,road_own,354419,6106.0
2021-08-25,sea_port,2447,34.0
2021-08-25,train,35374,428.0
2021-08-27,airport_domestic,4244987,1082.0
2021-08-27,airport_international,439467,1023.0
2021-08-27,grand total,5118118,8673.0
2021-08-27,road_bus,41416,
2021-08-27,road_own,354427,6106.0
2021-08-27,sea_port,2447,34.0
2021-08-27,train,35374,428.0
2021-08-28,airport_domestic,4258107,1082.0
2021-08-28,airport_international,441552,1023.0
2021-08-28,grand total,5133333,8673.0
2021-08-28,road_bus,41416,
2021-08-28,road_own,354437,6106.0
2021-08-28,sea_port,2447,34.0
2021-08-28,train,35374,428.0
2021-08-29,airport_domestic,4270154,1082.0
2021-08-29,airport_international,443352,1023.0
2021-08-29,grand total,5147186,8673.0
2021-08-29,road_bus,41416,
2021-08-29,road_own,354443,6106.0
2021-08-29,sea_port,2447,34.0
2021-08-29,train,35374,428.0
2021-08-30,airport_domestic,4283267,1082.0
2021-08-30,airport_international,444761,1023.0
2021-08-30,grand total,5161715,8673.0
2021-08-30,road_bus,41416,
2021-08-30,road_own,354450,6106.0
2021-08-30,sea_port,2447,34.0
2021-08-30,train,35374,428.0
2021-08-31,airport_domestic,4295429,1082.0
2021-08-31,airport_international,446235,1023.0
2021-08-31,grand total,5175357,8673.0
2021-08-31,road_bus,41416,
2021-08-31,road_own,354456,6106.0
2021-08-31,sea_port,2447,34.0
2021-08-31,train,35374,428.0
2021-09-01,airport_domestic,4322909,1082.0
2021-09-01,airport_international,449654,1025.0
2021-09-01,grand total,5206269,8675.0
2021-09-01,road_bus,41416,
2021-09-01,road_own,354469,6106.0
2021-09-01,sea_port,2447,34.0
2021-09-01,train,35374,428.0
2021-09-04,airport_domestic,4351731,1082.0
2021-09-04,airport_international,453460,1025.0
2021-09-04,grand total,5238910,8680.0
2021-09-04,road_bus,41416,
2021-09-04,road_own,354482,6111.0
2021-09-04,sea_port,2447,34.0
2021-09-04,train,35374,428.0
2021-09-05,airport_domestic,4366345,1082.0
2021-09-05,airport_international,455776,1025.0
2021-09-05,grand total,5255845,8680.0
2021-09-05,road_bus,41416,
2021-09-05,road_own,354487,6111.0
2021-09-05,sea_port,2447,34.0
2021-09-05,train,35374,428.0
2021-09-06,airport_domestic,4382326,1082.0
2021-09-06,airport_international,457409,1025.0
2021-09-06,grand total,5273459,8680.0
2021-09-06,road_bus,41416,
2021-09-06,road_own,354487,6111.0
2021-09-06,sea_port,2447,34.0
2021-09-06,train,35374,428.0
2021-09-08,airport_domestic,4409596,1082.0
2021-09-08,airport_international,460364,1025.0
2021-09-08,grand total,5303690,8680.0
2021-09-08,road_bus,41416,
2021-09-08,road_own,354493,6111.0
2021-09-08,sea_port,2447,34.0
2021-09-08,train,35374,428.0
2021-09-10,airport_domestic,4439265,1082.0
2021-09-10,airport_international,464141,1026.0
2021-09-10,grand total,5337148,8681.0
2021-09-10,road_bus,41416,
2021-09-10,road_own,354505,6111.0
2021-09-10,sea_port,2447,34.0
2021-09-10,train,35374,428.0
2021-09-11,airport_domestic,4453251,1082.0
2021-09-11,airport_international,466318,1026.0
2021-09-11,grand total,5353317,8681.0
2021-09-11,road_bus,41416,
2021-09-11,road_own,354511,6111.0
2021-09-11,sea_port,2447,34.0
2021-09-11,train,35374,428.0
2021-09-12,airport_domestic,4465211,1082.0
2021-09-12,airport_international,468574,1027.0
2021-09-12,grand total,5367535,8682.0
2021-09-12,road_bus,41416,
2021-09-12,road_own,354513,6111.0
2021-09-12,sea_port,2447,34.0
2021-09-12,train,35374,428.0
2021-09-13,airport_domestic,4481849,1082.0
2021-09-13,airport_international,470093,1027.0
2021-09-13,grand total,5385694,8682.0
2021-09-13,road_bus,41416,
2021-09-13,road_own,354515,6111.0
2021-09-13,sea_port,2447,34.0
2021-09-13,train,35374,428.0
2021-09-14,airport_domestic,4496841,1082.0
2021-09-14,airport_international,471405,1027.0
2021-09-14,grand total,5402005,8682.0
2021-09-14,road_bus,41416,
2021-09-14,road_own,354522,6111.0
2021-09-14,sea_port,2447,34.0
2021-09-14,train,35374,428.0
2021-09-18,airport_domestic,4552176,1083.0
2021-09-18,airport_international,478452,1027.0
2021-09-18,grand total,5464407,8683.0
2021-09-18,road_bus,41416,
2021-09-18,road_own,354542,6111.0
2021-09-18,sea_port,2447,34.0
2021-09-18,train,35374,428.0
2021-09-19,airport_domestic,4565606,1083.0
2021-09-19,airport_international,480351,1027.0
2021-09-19,grand total,5479747,8684.0
2021-09-19,road_bus,41416,
2021-09-19,road_own,354553,6112.0
2021-09-19,sea_port,2447,34.0
2021-09-19,train,35374,428.0
2021-09-20,airport_domestic,4589833,1083.0
2021-09-20,airport_international,481722,1027.0
2021-09-20,grand total,5505353,8684.0
2021-09-20,road_bus,41416,
2021-09-20,road_own,354561,6112.0
2021-09-20,sea_port,2447,34.0
2021-09-20,train,35374,428.0
2021-09-21,airport_domestic,4604416,1083.0
2021-09-21,airport_international,483023,1027.0
2021-09-21,grand total,5521242,8685.0
2021-09-21,road_bus,41416,
2021-09-21,road_own,354566,6113.0
2021-09-21,sea_port,2447,34.0
2021-09-21,train,35374,428.0
2021-09-23,airport_domestic,4630334,1083.0
2021-09-23,airport_international,485757,1027.0
2021-09-23,grand total,5549912,8686.0
2021-09-23,road_bus,41416,
2021-09-23,road_own,354584,6114.0
2021-09-23,sea_port,2447,34.0
2021-09-23,train,35374,428.0
2021-09-24,airport_domestic,4643439,1083.0
2021-09-24,airport_international,487634,1027.0
2021-09-24,grand total,5564905,8686.0
2021-09-24,road_bus,41416,
2021-09-24,road_own,354595,6114.0
2021-09-24,sea_port,2447,34.0
2021-09-24,train,35374,428.0
2021-09-26,airport_domestic,4671615,1083.0
2021-09-26,airport_international,491709,1027.0
2021-09-26,grand total,5597169,8687.0
2021-09-26,road_bus,41416,
2021-09-26,road_own,354608,6115.0
2021-09-26,sea_port,2447,34.0
2021-09-26,train,35374,428.0
2021-09-28,airport_domestic,4688288,1083.0
2021-09-28,airport_international,494855,1027.0
2021-09-28,grand total,5616994,8688.0
2021-09-28,road_bus,41416,
2021-09-28,road_own,354614,6116.0
2021-09-28,sea_port,2447,34.0
2021-09-28,train,35374,428.0
2021-10-01,airport_domestic,4740233,1083.0
2021-10-01,airport_international,500155,1027.0
2021-10-01,grand total,5674248,8688.0
2021-10-01,road_bus,41416,
2021-10-01,road_own,354623,6116.0
2021-10-01,sea_port,2447,34.0
2021-10-01,train,35374,428.0
2021-10-02,airport_domestic,4754737,1083.0
2021-10-02,airport_international,502367,1027.0
2021-10-02,grand total,5690967,8688.0
2021-10-02,road_bus,41416,
2021-10-02,road_own,354626,6116.0
2021-10-02,sea_port,2447,34.0
2021-10-02,train,35374,428.0
2021-10-03,airport_domestic,4768897,1083.0
2021-10-03,airport_international,505001,1027.0
2021-10-03,grand total,5707764,8689.0
2021-10-03,road_bus,41416,
2021-10-03,road_own,354629,6117.0
2021-10-03,sea_port,2447,34.0
2021-10-03,train,35374,428.0
2021-10-04,airport_domestic,4784581,1083.0
2021-10-04,airport_international,507133,1028.0
2021-10-04,grand total,5725582,8690.0
2021-10-04,road_bus,41416,
2021-10-04,road_own,354631,6117.0
2021-10-04,sea_port,2447,34.0
2021-10-04,train,35374,428.0
2021-10-05,airport_domestic,4798778,1083.0
2021-10-05,airport_international,509092,1028.0
2021-10-05,grand total,5741741,8690.0
2021-10-05,road_bus,41416,
2021-10-05,road_own,354634,6117.0
2021-10-05,sea_port,2447,34.0
2021-10-05,train,35374,428.0
2021-10-06,airport_domestic,4811346,1083.0
2021-10-06,airport_international,510775,1028.0
2021-10-06,grand total,5756002,8690.0
2021-10-06,road_bus,41416,
2021-10-06,road_own,354644,6117.0
2021-10-06,sea_port,2447,34.0
2021-10-06,train,35374,428.0
2021-10-08,airport_domestic,4839085,1083.0
2021-10-08,airport_international,514581,1028.0
2021-10-08,grand total,5787555,8690.0
2021-10-08,road_bus,41416,
2021-10-08,road_own,354652,6117.0
2021-10-08,sea_port,2447,34.0
2021-10-08,train,35374,428.0
2021-10-09,airport_domestic,4854113,1083.0
2021-10-09,airport_international,517130,1028.0
2021-10-09,grand total,5805135,8690.0
2021-10-09,road_bus,41416,
2021-10-09,road_own,354655,6117.0
2021-10-09,sea_port,2447,34.0
2021-10-09,train,35374,428.0
2021-10-12,airport_domestic,4899873,1083.0
2021-10-12,airport_international,523386,1028.0
2021-10-12,grand total,5857162,8690.0
2021-10-12,road_bus,41416,
2021-10-12,road_own,354666,6117.0
2021-10-12,sea_port,2447,34.0
2021-10-12,train,35374,428.0
2021-10-16,airport_domestic,4957834,1085.0
2021-10-16,airport_international,531265,1029.0
2021-10-16,grand total,5923016,8693.0
2021-10-16,road_bus,41416,
2021-10-16,road_own,354680,6117.0
2021-10-16,sea_port,2447,34.0
2021-10-16,train,35374,428.0
2021-10-17,airport_domestic,4972127,1085.0
2021-10-17,airport_international,533899,1029.0
2021-10-17,grand total,5939945,8693.0
2021-10-17,road_bus,41416,
2021-10-17,road_own,354682,6117.0
2021-10-17,sea_port,2447,34.0
2021-10-17,train,35374,428.0
2021-10-19,airport_domestic,5009827,1085.0
2021-10-19,airport_international,537833,1029.0
2021-10-19,grand total,5981585,8693.0
2021-10-19,road_bus,41416,
2021-10-19,road_own,354688,6117.0
2021-10-19,sea_port,2447,34.0
2021-10-19,train,35374,428.0
2021-10-20,airport_domestic,5026672,1085.0
2021-10-20,airport_international,539599,1029.0
2021-10-20,grand total,6000198,8693.0
2021-10-20,road_bus,41416,
2021-10-20,road_own,354690,6117.0
2021-10-20,sea_port,2447,34.0
2021-10-20,train,35374,428.0
2021-10-21,airport_domestic,5044347,1085.0
2021-10-21,airport_international,541822,1029.0
2021-10-21,grand total,6020098,8693.0
2021-10-21,road_bus,41416,
2021-10-21,road_own,354692,6117.0
2021-10-21,sea_port,2447,34.0
2021-10-21,train,35374,428.0
2021-10-22,airport_domestic,5061239,1085.0
2021-10-22,airport_international,544498,1029.0
2021-10-22,grand total,6039668,8693.0
2021-10-22,road_bus,41416,
2021-10-22,road_own,354694,6117.0
2021-10-22,sea_port,2447,34.0
2021-10-22,train,35374,428.0
2021-10-23,airport_domestic,5078293,1085.0
2021-10-23,airport_international,547220,1029.0
2021-10-23,grand total,6059445,8693.0
2021-10-23,road_bus,41416,
2021-10-23,road_own,354695,6117.0
2021-10-23,sea_port,2447,34.0
2021-10-23,train,35374,428.0
2021-10-24,airport_domestic,5095612,1085.0
2021-10-24,airport_international,548012,1029.0
2021-10-24,grand total,6077559,8693.0
2021-10-24,road_bus,41416,
2021-10-24,road_own,354698,6117.0
2021-10-24,sea_port,2447,34.0
2021-10-24,train,35374,428.0
2021-10-25,airport_domestic,5114025,1085.0
2021-10-25,airport_international,549972,1029.0
2021-10-25,grand total,6097933,8693.0
2021-10-25,road_bus,41416,
2021-10-25,road_own,354699,6117.0
2021-10-25,sea_port,2447,34.0
2021-10-25,train,35374,428.0
2021-10-29,airport_domestic,5178899,1085.0
2021-10-29,airport_international,554349,1030.0
2021-10-29,grand total,6167192,8694.0
2021-10-29,road_bus,41416,
2021-10-29,road_own,354707,6117.0
2021-10-29,sea_port,2447,34.0
2021-10-29,train,35374,428.0
2021-10-30,airport_domestic,5196520,1085.0
2021-10-30,airport_international,554760,1030.0
2021-10-30,grand total,6185226,8694.0
2021-10-30,road_bus,41416,
2021-10-30,road_own,354709,6117.0
2021-10-30,sea_port,2447,34.0
2021-10-30,train,35374,428.0
2021-10-31,airport_domestic,5215394,1085.0
2021-10-31,airport_international,555154,1030.0
2021-10-31,grand total,6204496,8694.0
2021-10-31,road_bus,41416,
2021-10-31,road_own,354711,6117.0
2021-10-31,sea_port,2447,34.0
2021-10-31,train,35374,428.0
2021-11-01,airport_domestic,5234828,1085.0
2021-11-01,airport_international,555245,1030.0
2021-11-01,grand total,6224023,8694.0
2021-11-01,road_bus,41416,
2021-11-01,road_own,354713,6117.0
2021-11-01,sea_port,2447,34.0
2021-11-01,train,35374,428.0
2021-11-02,airport_domestic,5251072,1085.0
2021-11-02,airport_international,555814,1030.0
2021-11-02,grand total,6240838,8694.0
2021-11-02,road_bus,41416,
2021-11-02,road_own,354715,6117.0
2021-11-02,sea_port,2447,34.0
2021-11-02,train,35374,428.0
2021-11-05,airport_domestic,5295177,1085.0
2021-11-05,airport_international,556475,1030.0
2021-11-05,grand total,6285614,8694.0
2021-11-05,road_bus,41416,
2021-11-05,road_own,354725,6117.0
2021-11-05,sea_port,2447,34.0
2021-11-05,train,35374,428.0
2021-11-07,airport_domestic,5312864,1085.0
2021-11-07,airport_international,557053,1030.0
2021-11-07,grand total,6303888,8694.0
2021-11-07,road_bus,41416,
2021-11-07,road_own,354734,6117.0
2021-11-07,sea_port,2447,34.0
2021-11-07,train,35374,428.0
2021-11-08,airport_domestic,5348674,1085.0
2021-11-08,airport_international,557309,1030.0
2021-11-08,grand total,6339958,8694.0
2021-11-08,road_bus,41416,
2021-11-08,road_own,354738,6117.0
2021-11-08,sea_port,2447,34.0
2021-11-08,train,35374,428.0
2021-11-09,airport_domestic,5368545,1085.0
2021-11-09,airport_international,557840,1030.0
2021-11-09,grand total,6360361,8694.0
2021-11-09,road_bus,41416,
2021-11-09,road_own,354739,6117.0
2021-11-09,sea_port,2447,34.0
2021-11-09,train,35374,428.0
2021-11-10,airport_domestic,5384745,1085.0
2021-11-10,airport_international,557995,1030.0
2021-11-10,grand total,6376719,8694.0
2021-11-10,road_bus,41416,
2021-11-10,road_own,354742,6117.0
2021-11-10,sea_port,2447,34.0
2021-11-10,train,35374,428.0
2021-11-11,airport_domestic,5400904,1085.0
2021-11-11,airport_international,558231,1030.0
2021-11-11,grand total,6393117,8694.0
2021-11-11,road_bus,41416,
2021-11-11,road_own,354745,6117.0
2021-11-11,sea_port,2447,34.0
2021-11-11,train,35374,428.0
2021-11-12,airport_domestic,5410645,1085.0
2021-11-12,airport_international,558660,1030.0
2021-11-12,grand total,6403288,8694.0
2021-11-12,road_bus,41416,
2021-11-12,road_own,354746,6117.0
2021-11-12,sea_port,2447,34.0
2021-11-12,train,35374,428.0
2021-11-13,airport_domestic,5427040,1085.0
2021-11-13,airport_international,558790,1030.0
2021-11-13,grand total,6419814,8694.0
2021-11-13,road_bus,41416,
2021-11-13,road_own,354747,6117.0
2021-11-13,sea_port,2447,34.0
2021-11-13,train,35374,428.0
2021-11-17,airport_domestic,5502145,1085.0
2021-11-17,airport_international,561200,1032.0
2021-11-17,grand total,6497342,8696.0
2021-11-17,road_bus,41416,
2021-11-17,road_own,354760,6117.0
2021-11-17,sea_port,2447,34.0
2021-11-17,train,35374,428.0
2021-11-18,airport_domestic,5520011,1085.0
2021-11-18,airport_international,561723,1032.0
2021-11-18,grand total,6515736,8696.0
2021-11-18,road_bus,41416,
2021-11-18,road_own,354765,6117.0
2021-11-18,sea_port,2447,34.0
2021-11-18,train,35374,428.0
2021-11-19,airport_domestic,5538101,1085.0
2021-11-19,airport_international,562310,1032.0
2021-11-19,grand total,6534418,8696.0
2021-11-19,road_bus,41416,
2021-11-19,road_own,354770,6117.0
2021-11-19,sea_port,2447,34.0
2021-11-19,train,35374,428.0
2021-11-21,airport_domestic,5576255,1085.0
2021-11-21,airport_international,563853,1032.0
2021-11-21,grand total,6574121,8696.0
2021-11-21,road_bus,41416,
2021-11-21,road_own,354776,6117.0
2021-11-21,sea_port,2447,34.0
2021-11-21,train,35374,428.0
2021-11-22,airport_domestic,5598376,1085.0
2021-11-22,airport_international,564293,1032.0
2021-11-22,grand total,6596685,8696.0
2021-11-22,road_bus,41416,
2021-11-22,road_own,354779,6117.0
2021-11-22,sea_port,2447,34.0
2021-11-22,train,35374,428.0
2021-11-23,airport_domestic,5621032,1085.0
2021-11-23,airport_international,564751,1032.0
2021-11-23,grand total,6619801,8696.0
2021-11-23,road_bus,41416,
2021-11-23,road_own,354781,6117.0
2021-11-23,sea_port,2447,34.0
2021-11-23,train,35374,428.0
2021-11-24,airport_domestic,5641759,1085.0
2021-11-24,airport_international,565276,1032.0
2021-11-24,grand total,6641055,8696.0
2021-11-24,road_bus,41416,
2021-11-24,road_own,354783,6117.0
2021-11-24,sea_port,2447,34.0
2021-11-24,train,35374,428.0
2021-11-25,airport_domestic,5662374,1085.0
2021-11-25,airport_international,565719,1032.0
2021-11-25,grand total,6662118,8696.0
2021-11-25,road_bus,41416,
2021-11-25,road_own,354788,6117.0
2021-11-25,sea_port,2447,34.0
2021-11-25,train,35374,428.0
2021-11-26,airport_domestic,5682496,1085.0
2021-11-26,airport_international,566711,1032.0
2021-11-26,grand total,6683235,8696.0
2021-11-26,road_bus,41416,
2021-11-26,road_own,354791,6117.0
2021-11-26,sea_port,2447,34.0
2021-11-26,train,35374,428.0
2021-11-27,airport_domestic,5702320,1085.0
2021-11-27,airport_international,567640,1032.0
2021-11-27,grand total,6703989,8696.0
2021-11-27,road_bus,41416,
2021-11-27,road_own,354792,6117.0
2021-11-27,sea_port,2447,34.0
2021-11-27,train,35374,428.0
2021-11-28,airport_domestic,5723109,1085.0
2021-11-28,airport_international,568789,1032.0
2021-11-28,grand total,6725929,8696.0
2021-11-28,road_bus,41416,
2021-11-28,road_own,354794,6117.0
2021-11-28,sea_port,2447,34.0
2021-11-28,train,35374,428.0
2021-11-30,airport_domestic,5763117,1085.0
2021-11-30,airport_international,569279,1032.0
2021-11-30,grand total,6766428,8698.0
2021-11-30,road_bus,41416,
2021-11-30,road_own,354795,6119.0
2021-11-30,sea_port,2447,34.0
2021-11-30,train,35374,428.0
2021-12-01,airport_domestic,5782548,1085.0
2021-12-01,airport_international,569846,1032.0
2021-12-01,grand total,6786426,8706.0
2021-12-01,road_bus,41416,
2021-12-01,road_own,354795,6127.0
2021-12-01,sea_port,2447,34.0
2021-12-01,train,35374,428.0
2021-12-02,airport_domestic,5801391,1085.0
2021-12-02,airport_international,571183,1032.0
2021-12-02,grand total,6806608,8709.0
2021-12-02,road_bus,41416,
2021-12-02,road_own,354797,6130.0
2021-12-02,sea_port,2447,34.0
2021-12-02,train,35374,428.0
2021-12-03,airport_domestic,5821202,1085.0
2021-12-03,airport_international,573939,1033.0
2021-12-03,grand total,6829183,8716.0
2021-12-03,road_bus,41416,
2021-12-03,road_own,354805,6136.0
2021-12-03,sea_port,2447,34.0
2021-12-03,train,35374,428.0
2021-12-04,airport_domestic,5840780,1085.0
2021-12-04,airport_international,575752,1034.0
2021-12-04,grand total,6850580,8721.0
2021-12-04,road_bus,41416,
2021-12-04,road_own,354811,6140.0
2021-12-04,sea_port,2447,34.0
2021-12-04,train,35374,428.0
2021-12-05,airport_domestic,5862117,1085.0
2021-12-05,airport_international,577967,1034.0
2021-12-05,grand total,6874138,8721.0
2021-12-05,road_bus,41416,
2021-12-05,road_own,354817,6140.0
2021-12-05,sea_port,2447,34.0
2021-12-05,train,35374,428.0
2021-12-06,airport_domestic,5884347,1085.0
2021-12-06,airport_international,579934,1034.0
2021-12-06,grand total,6898335,8721.0
2021-12-06,road_bus,41416,
2021-12-06,road_own,354817,6140.0
2021-12-06,sea_port,2447,34.0
2021-12-06,train,35374,428.0
2021-12-08,airport_domestic,5925461,1085.0
2021-12-08,airport_international,584023,1034.0
2021-12-08,grand total,6943542,8723.0
2021-12-08,road_bus,41416,
2021-12-08,road_own,354821,6142.0
2021-12-08,sea_port,2447,34.0
2021-12-08,train,35374,428.0
2021-12-09,airport_domestic,5946920,1085.0
2021-12-09,airport_international,585690,1034.0
2021-12-09,grand total,6966673,8725.0
2021-12-09,road_bus,41416,
2021-12-09,road_own,354826,6144.0
2021-12-09,sea_port,2447,34.0
2021-12-09,train,35374,428.0
2021-12-10,airport_domestic,5969348,1085.0
2021-12-10,airport_international,588182,1034.0
2021-12-10,grand total,6991598,8726.0
2021-12-10,road_bus,41416,
2021-12-10,road_own,354831,6145.0
2021-12-10,sea_port,2447,34.0
2021-12-10,train,35374,428.0
2021-12-11,airport_domestic,5991282,1085.0
2021-12-11,airport_international,589941,1034.0
2021-12-11,grand total,7015295,8726.0
2021-12-11,road_bus,41416,
2021-12-11,road_own,354835,6145.0
2021-12-11,sea_port,2447,34.0
2021-12-11,train,35374,428.0
2021-12-13,airport_domestic,6036800,1085.0
2021-12-13,airport_international,592942,1035.0
2021-12-13,grand total,7063822,8727.0
2021-12-13,road_bus,41416,
2021-12-13,road_own,354843,6145.0
2021-12-13,sea_port,2447,34.0
2021-12-13,train,35374,428.0
2021-12-14,airport_domestic,6058982,1085.0
2021-12-14,airport_international,594543,1035.0
2021-12-14,grand total,7087607,8729.0
2021-12-14,road_bus,41416,
2021-12-14,road_own,354845,6147.0
2021-12-14,sea_port,2447,34.0
2021-12-14,train,35374,428.0
2021-12-15,airport_domestic,6079834,1085.0
2021-12-15,airport_international,596671,1035.0
2021-12-15,grand total,7110591,8729.0
2021-12-15,road_bus,41416,
2021-12-15,road_own,354849,6147.0
2021-12-15,sea_port,2447,34.0
2021-12-15,train,35374,428.0
2021-12-16,airport_domestic,6101556,1085.0
2021-12-16,airport_international,598255,1035.0
2021-12-16,grand total,7133905,8729.0
2021-12-16,road_bus,41416,
2021-12-16,road_own,354857,6147.0
2021-12-16,sea_port,2447,34.0
2021-12-16,train,35374,428.0
