date,active_cases,tested_positive_today,tested_positive_till_date,rtpcr_samples_tested_today,rtpcr_samples_tested_till_date,persons_tested_rt_pcr_today,persons_tested_rt_pcr_till_date,male_positive_tests_today,female_positive_tests_today,transgender_positive_tests_today,male_positive_tests_till_date,female_positive_tests_till_date,transgender_positive_tests_till_date,discharged_today,discharged_total,deaths_today,deaths_total,deaths_private_hospitals,deaths_government_hopitals
2020-08-09,53336,5974,296901,70186,3225805,68179,3109708,3503,2489,2,179247,117625,29,6020,238638,119,4927,34,85
2020-08-10,53099,5879,302815,67153,3292958,65141,3174849,3532,2382,0,182779,120007,29,6037,244675,114,5041,34,80
2020-08-11,52810,5814,308649,67492,3360450,65490,3240339,3377,2457,0,186156,122464,29,6005,250680,118,5159,47,71
2020-08-13,53499,5810,320355,67275,3499300,65560,3375596,3549,2286,0,193226,127100,29,5146,261459,119,5397,38,81
2020-08-14,53716,5862,326245,70153,3569453,68301,3443897,3518,2372,0,196744,129472,29,5556,267015,117,5514,34,83
2020-08-15,54213,5830,332105,71343,3640796,69598,3513495,3509,2351,0,200253,131823,29,5236,272251,127,5641,44,83
2020-08-16,54019,5918,338055,70450,3711246,68444,3581939,3585,2365,0,203838,134188,29,6019,278270,125,5766,39,86
2020-08-18,53860,5698,349654,67025,3845803,65075,3712657,3445,2264,0,210953,138672,29,5850,289787,121,6007,32,89
2020-08-19,53155,5785,355449,67720,3913523,65592,3778249,3541,2254,0,214494,140926,29,6384,296171,116,6123,32,84
2020-08-21,53413,5963,367430,74344,4062943,72423,3923834,3630,2365,0,221753,145648,29,5764,307677,101,6340,36,65
2020-08-22,53710,5957,373410,73547,4136490,71679,3995513,3665,2315,0,225418,147963,29,5603,313280,80,6420,23,57
2020-08-23,53541,5942,379385,70127,4206617,68111,4063624,3650,2325,0,229068,150288,29,6047,319327,97,6517,21,76
2020-08-26,52362,5943,397261,75500,4422361,73631,4273123,3652,2306,0,239946,157286,29,5606,338060,118,6839,41,77
2020-08-27,52364,5951,403242,76345,4498706,74388,4347511,3643,2338,0,243589,159624,29,5870,343930,109,6948,30,79
2020-08-28,52506,5979,409238,75103,4573809,73186,4420697,3543,2453,0,247132,162077,29,5752,349682,102,7050,33,69
2020-08-29,52726,6326,415590,80988,4654797,78973,4499670,3881,2471,0,251013,164548,29,6045,355727,87,7137,28,59
2020-08-30,52721,6468,422085,83250,4738047,80100,4579770,3824,2671,0,254837,167219,29,6406,362133,94,7231,37,57
2020-08-31,52578,5925,428041,75100,4813147,73097,4652867,3533,2423,0,258370,169642,29,6008,368141,91,7322,35,56
2020-09-01,52379,5897,433969,75165,4888312,73155,4726022,3853,2075,0,262223,171717,29,6031,374172,96,7418,35,61
2020-09-02,52380,5962,439959,75829,4964141,73883,4799905,3465,2525,0,265688,174242,29,5891,380063,98,7516,41,57
2020-09-03,52070,5855,445851,82901,5047042,80864,4880769,3447,2445,0,269135,176687,29,6110,386173,92,7608,34,58
2020-09-04,51633,5951,451827,83699,5130741,81588,4962357,3604,2372,0,272739,179059,29,6334,392507,79,7687,28,51
2020-09-07,51215,5769,469256,80503,5379011,78526,5204757,3369,2407,0,283073,186154,29,5930,410116,89,7925,36,53
2020-09-09,49203,5576,480524,82573,5544850,80401,5366224,3394,2190,0,289777,190718,29,6516,423231,78,8090,21,57
2020-09-10,48482,5522,486052,85473,5630323,83411,5449635,3377,2151,0,293154,192869,29,6185,429416,64,8154,22,42
2020-09-11,47918,5514,491571,84893,5715216,82891,5532526,3324,2195,0,296478,195064,29,6006,435422,77,8231,36,41
2020-09-12,47110,5490,497066,88562,5803778,86486,5619012,3313,2182,0,299791,197246,29,6227,441649,76,8307,37,39
2020-09-14,46912,5742,508511,80123,5968209,78190,5779589,3153,2599,0,306354,202128,29,5799,453165,53,8434,19,34
2020-09-15,46806,5687,514208,80623,6048832,78711,5858300,3484,2213,0,309838,204341,29,5735,458900,68,8502,28,40
2020-09-16,46633,5645,519860,84567,6133399,82644,5940944,3489,2163,0,313327,206504,29,5768,464668,57,8559,23,34
2020-09-17,46610,5555,525420,84524,6217923,82683,6023627,3319,2241,0,316646,208745,29,5524,470192,59,8618,23,36
2020-09-18,46506,5478,530908,85543,6303466,83701,6107328,3293,2194,1,319939,210939,30,5525,475717,67,8685,34,33
2020-09-20,46703,5514,541993,86073,6474656,84338,6274931,3409,2107,0,326699,215264,30,5206,486479,60,8811,22,38
2020-09-21,46495,5341,547337,80672,6555328,78841,6353772,3260,2084,0,329959,217348,30,5492,491971,60,8871,29,31
2020-09-22,46350,5334,552674,84730,6640058,82928,6436700,3228,2109,0,333187,219457,30,5406,497377,76,8947,32,44
2020-09-23,46249,5319,557999,84979,6725037,83191,6519891,3282,2043,0,336469,221500,30,5363,502740,63,9010,27,36
2020-09-24,46405,5679,563691,90607,6815644,88784,6608675,3546,2146,0,340015,223646,30,5470,508210,66,9076,23,43
2020-09-25,46386,5671,569370,94877,6910521,93002,6701677,3455,2224,0,343470,225870,30,5626,513836,72,9148,35,37
2020-09-27,46341,5786,580808,96102,7100660,94200,6888043,3544,2247,0,350462,230316,30,5706,525154,80,9313,27,53
2020-09-28,46306,5577,586397,80465,7181125,78614,6966657,3396,2192,1,353858,232508,31,5554,530708,70,9383,29,41
2020-09-29,46281,5537,591943,85997,7267122,84163,7050820,3395,2151,0,357253,234659,31,5501,536209,70,9453,29,41
2020-09-30,46263,5646,597602,86928,7354050,85058,7135878,3476,2183,0,360729,236842,31,5610,541819,67,9520,21,46
2020-10-01,46369,5683,603290,87647,7441697,85808,7221686,3400,2288,0,364129,239130,31,5516,547335,66,9586,27,39
2020-10-02,46294,5588,608885,84991,7526688,83123,7304809,3417,2178,0,367546,241308,31,5603,552938,67,9653,24,43
2020-10-03,46255,5614,614507,87311,7613999,85446,7390255,3417,2205,0,370963,243513,31,5596,558534,65,9718,24,41
2020-10-04,46120,5482,619996,86012,7700011,84159,7474414,3322,2167,0,374285,245680,31,5558,564092,66,9784,29,37
2020-10-05,45881,5388,625391,82725,7782736,80868,7555282,3256,2139,0,377541,247819,31,5572,569664,62,9846,31,31
2020-10-06,45279,5014,630408,81128,7863864,79279,7634561,3088,1929,0,380629,249748,31,5548,575212,71,9917,30,41
2020-10-07,45135,5438,635855,93242,7957106,91401,7725962,3338,2109,0,383967,251857,31,5524,580736,67,9984,32,35
2020-10-08,44437,5079,640943,87341,8044447,85435,7811397,3113,1975,0,387080,253832,31,5718,586454,68,10052,31,37
2020-10-09,44197,5166,646128,97087,8141534,95301,7906698,3164,2021,0,390244,255853,31,5357,591811,68,10120,34,34
2020-10-11,44095,5015,656385,90107,8322832,88439,8084587,3053,1962,0,396505,259849,31,5005,602038,65,10252,39,26
2020-10-12,43747,4876,661264,80162,8402994,78440,8163027,2877,2001,1,399382,261850,32,5165,607203,62,10314,29,33
2020-10-13,43239,4666,665930,85509,8488503,83803,8246830,2834,1832,0,402216,263682,32,5117,612320,57,10371,19,38
2020-10-14,42566,4462,670392,95538,8584041,93844,8340674,2701,1761,0,404917,265443,32,5083,617403,52,10423,21,31
2020-10-15,41872,4410,674802,90752,8674793,89067,8429741,2660,1750,0,407577,267193,32,5055,622458,49,10472,22,27
2020-10-16,40959,4389,679191,91245,8766038,89497,8519238,2631,1758,0,410208,268951,32,5245,627703,57,10529,20,37
2020-10-17,40192,4295,683486,90242,8856280,88574,8607812,2594,1701,0,412802,270652,32,5005,632708,57,10586,27,30
2020-10-18,39121,3914,687400,90286,8946566,88643,8696455,2319,1595,0,415121,272247,32,4929,637637,56,10642,29,27
2020-10-19,38093,3536,690936,85130,9031696,83625,8780080,2095,1441,0,417216,273688,32,4515,642152,49,10691,25,24
2020-10-20,36734,3094,694030,80371,9112067,78903,8858983,1830,1264,0,419046,274952,32,4403,646555,50,10741,19,31
2020-10-22,34198,3077,700193,81259,9275108,79821,9019152,1829,1248,0,422711,277450,32,4314,655170,45,10825,20,25
2020-10-23,32960,3057,703250,81472,9356580,80051,9099203,1818,1239,0,424529,278689,32,4262,659432,33,10858,13,20
2020-10-24,31787,2886,706136,80237,9436817,78896,9178099,1711,1175,0,426240,279864,32,4024,663456,35,10893,16,19
2020-10-25,30606,2869,709005,80690,9517507,79350,9257449,1720,1149,0,427960,281013,32,4019,667475,31,10924,14,17
2020-10-26,29268,2708,711713,72236,9589743,70898,9328347,1634,1074,0,429594,282087,32,4014,671489,32,10956,14,18
2020-10-27,27734,2522,714235,70687,9660430,69344,9397691,1518,1004,0,431112,283091,32,4029,675518,27,10983,11,16
2020-10-28,26356,2516,716751,72433,9732863,71147,9468838,1508,1008,0,432620,284099,32,3859,679377,35,11018,16,19
2020-10-29,24886,2652,719403,75224,9808087,73862,9542700,1595,1057,0,434215,285156,32,4087,683464,35,11053,16,19
2020-10-30,23532,2608,722011,77356,9885443,76048,9618748,1568,1040,0,435783,286196,32,3924,687388,38,11091,17,21
2020-10-31,22164,2511,724522,70767,9956210,69484,9688232,1507,1004,0,437290,287200,32,3848,691236,31,11122,17,14
2020-11-01,20994,2504,727026,73012,10029222,71797,9760029,1509,995,0,438799,288195,32,3644,694880,30,11152,15,15
2020-11-02,19504,2481,729507,70297,10099519,68984,9829013,1453,1028,0,440252,289223,32,3940,698820,31,11183,21,10
2020-11-03,19201,2435,731942,70398,10169917,69496,9898509,1557,877,1,441809,290100,33,2707,701527,31,11214,16,15
2020-11-04,19154,2487,734429,75331,10245248,74496,9973005,1529,958,0,443338,291058,33,2504,704031,30,11244,13,17
2020-11-05,19061,2348,736777,80192,10325440,79388,10052393,1455,893,0,444793,291951,33,2413,706444,28,11272,14,14
2020-11-06,19002,2370,739147,80786,10406226,79985,10132378,1434,936,0,446227,292887,33,2402,708846,27,11299,6,21
2020-11-07,18966,2341,741488,80112,10486338,79328,10211706,1456,885,0,447683,293772,33,2352,711198,25,11324,14,11
2020-11-08,18894,2334,743822,75384,10561722,74589,10286295,1410,924,0,449093,294696,33,2386,713584,20,11344,9,11
2020-11-09,18825,2257,746079,75277,10636999,74508,10360803,1380,877,0,450473,295573,33,2308,715892,18,11362,6,12
2020-11-10,18709,2146,748225,72257,10709256,71511,10432314,1335,811,0,451808,296384,33,2237,718129,25,11387,9,16
2020-11-11,18655,2184,750409,77309,10786565,76572,10508886,1350,834,0,453158,297218,33,2210,720339,28,11415,13,15
2020-11-12,18395,2112,752521,77356,10863921,76574,10585460,1296,816,0,454454,298034,33,2347,722686,25,11440,12,13
2020-11-13,17748,1939,754460,73486,10937407,72629,10658089,1193,746,0,455647,298780,33,2572,725258,14,11454,7,7
2020-11-16,15765,1721,759916,63777,11136662,62982,10854878,1114,611,0,459073,300810,33,2384,732656,17,11495,9,8
2020-11-17,15085,1652,761568,62415,11199077,61644,10916522,1032,620,0,460105,301430,33,2314,734970,18,11513,12,6
2020-11-18,14470,1704,763282,67014,11266091,66244,10982766,1052,662,0,461157,302092,33,2311,737281,18,11531,10,8
2020-11-19,13907,1704,764989,67115,11333206,66365,11049131,1029,678,0,462186,302770,33,2251,739532,19,11550,7,12
2020-11-20,13404,1686,766677,68033,11401239,67309,11116440,1031,657,0,463217,303427,33,2173,741705,18,11568,11,7
2020-11-21,12916,1662,768340,69190,11470429,68479,11184919,1010,653,0,464227,304080,33,2133,743838,18,11586,7,11
2020-11-22,12542,1655,769995,70809,11541238,70139,11255058,982,673,0,465209,304753,33,2010,745848,19,11605,11,8
2020-11-23,12245,1619,771619,65012,11606250,64377,11319435,958,666,0,466167,305419,33,1904,747752,17,11622,9,8
2020-11-24,11875,1551,773176,67271,11673521,66634,11386069,944,613,0,467111,306032,33,1910,749662,17,11639,7,10
2020-11-25,11520,1534,774710,68082,11741603,67458,11453527,914,619,1,468025,306651,34,1873,751535,16,11655,8,8
2020-11-26,11173,1457,776174,60964,11802567,60365,11513892,884,580,0,468909,307231,34,1797,753332,14,11669,6,8
2020-11-27,11109,1435,777616,61610,11864177,61112,11575004,883,559,0,469792,307790,34,1494,754826,12,11681,5,7
2020-11-28,11073,1428,779046,66063,11930240,65579,11640583,878,552,0,470670,308342,34,1453,756279,13,11694,7,6
2020-11-29,11052,1450,780505,67145,11997385,66655,11707238,888,571,0,471558,308913,34,1471,757750,9,11703,2,7
2020-12-01,10980,1399,783319,65058,12125059,64588,11833957,868,536,0,473298,309987,34,1411,760617,10,11722,6,4
2020-12-02,10999,1421,784747,68854,12193913,68388,11902345,897,531,0,474195,310518,34,1398,762015,11,11733,6,5
2020-12-03,10988,1408,786163,70156,12264069,69685,11972030,841,575,0,475036,311093,34,1413,763428,14,11747,6,8
2020-12-05,10882,1364,788920,70881,12405328,70412,12112345,791,575,0,476674,312212,34,1407,766261,15,11777,8,7
2020-12-06,10788,1315,790240,70765,12476093,70299,12182644,799,521,0,477473,312733,34,1398,767659,16,11793,11,5
2020-12-07,10695,1311,791552,64010,12540103,63547,12246191,770,542,0,478243,313275,34,1389,769048,16,11809,9,7
2020-12-08,10588,1236,792788,65186,12605289,64743,12310934,753,483,0,478996,313758,34,1330,770378,13,11822,7,6
2020-12-09,10491,1217,794020,70262,12675551,69824,12380758,734,498,0,479730,314256,34,1315,771693,14,11836,7,7
2020-12-10,10392,1209,795240,68928,12744479,68494,12449252,737,483,0,480467,314739,34,1302,772995,17,11853,9,8
2020-12-11,10299,1233,796475,70436,12814915,69999,12519251,772,463,0,481239,315202,34,1311,774306,17,11870,8,9
2020-12-12,10208,1213,797693,72122,12887037,71690,12590941,759,459,0,481998,315661,34,1296,775602,13,11883,6,7
2020-12-13,10115,1191,798888,69568,12956605,69143,12660084,713,482,0,482711,316143,34,1276,776878,12,11895,7,5
2020-12-14,10039,1140,800029,63989,13020594,63588,12723672,679,462,0,483390,316605,34,1203,778081,14,11909,8,6
2020-12-15,9951,1130,801161,66213,13086807,65810,12789482,720,412,0,484110,317017,34,1210,779291,10,11919,6,4
2020-12-17,9829,1168,803516,75532,13235354,75127,12937211,716,458,0,485544,317938,34,1214,781745,11,11942,5,6
2020-12-18,9781,1131,804650,75347,13310701,74957,13012168,658,476,0,486202,318414,34,1170,782915,12,11954,7,5
2020-12-19,9692,1117,805777,76348,13387049,75947,13088115,688,439,0,486890,318853,34,1202,784117,14,11968,6,8
2020-12-20,9593,1106,806891,72967,13460016,72568,13160683,661,453,0,487551,319306,34,1198,785315,15,11983,8,7
2020-12-21,9495,1062,807962,63016,13523032,62630,13223313,656,415,0,488207,319721,34,1157,786472,12,11995,6,6
2020-12-22,9391,1046,809014,65357,13588389,64977,13288290,638,414,0,488845,320135,34,1139,787611,17,12012,7,10
2020-12-23,9314,1062,810080,70911,13659300,70534,13358824,650,416,0,489495,320551,34,1131,788742,12,12024,4,8
2020-12-24,9217,1033,811115,70993,13730293,70620,13429444,625,410,0,490120,320961,34,1120,789862,12,12036,6,6
2020-12-25,9129,1024,812142,65510,13795803,65142,13494586,615,412,0,490735,321373,34,1103,790965,12,12048,8,4
2020-12-26,9039,1019,813161,64441,13860244,64075,13558661,622,397,0,491357,321770,34,1098,792063,11,12059,5,6
2020-12-27,8947,1006,814170,64283,13924527,63919,13622580,623,386,0,491980,322156,34,1091,793154,10,12069,3,7
2020-12-28,8867,1005,815175,63242,13987769,62884,13685464,624,381,0,492604,322537,34,1074,794228,11,12080,5,6
2020-12-29,8747,955,816132,64768,14052537,64413,13749877,596,361,0,493200,322898,34,1065,795293,12,12092,6,6
2020-12-30,8615,942,817077,70196,14122733,69843,13819720,582,363,0,493782,323261,34,1060,796353,17,12109,8,9
2020-12-31,8501,930,818014,68761,14191494,68415,13888135,573,364,0,494355,323625,34,1038,797391,13,12122,7,6
2021-01-01,8380,920,818935,67151,14258645,66808,13954943,573,348,0,494928,323973,34,1029,798420,13,12135,5,8
2021-01-02,8272,905,819845,62401,14321046,62065,14017008,582,328,0,495510,324301,34,1007,799427,11,12146,5,6
2021-01-03,8127,864,820712,61077,14382123,60743,14077751,539,328,0,496049,324629,34,1002,800429,10,12156,4,6
2021-01-04,7970,835,821550,60502,14442625,60174,14137925,518,320,0,496567,324949,34,985,801414,10,12166,3,7
2021-01-05,7808,820,822370,60304,14502929,59980,14197905,491,329,0,497058,325278,34,971,802385,11,12177,7,4
2021-01-06,7665,804,823181,63582,14566511,63268,14261173,494,317,0,497552,325595,34,943,803328,11,12188,5,6
2021-01-07,7547,802,823986,64364,14630875,64060,14325233,487,318,0,498039,325913,34,911,804239,12,12200,6,6
2021-01-08,7432,788,824776,64231,14695106,63932,14389165,479,311,0,498518,326224,34,897,805136,8,12208,3,5
2021-01-09,7304,757,825537,65513,14760619,65219,14454384,443,318,0,498961,326542,34,882,806018,7,12215,5,2
2021-01-10,7164,716,826261,64080,14824699,63794,14518178,434,290,0,499395,326832,34,857,806875,7,12222,3,4
2021-01-11,6971,680,826943,60314,14885013,60024,14578202,406,276,0,499801,327108,34,869,807744,6,12228,4,2
2021-01-12,6807,665,827614,60563,14945576,60287,14638489,416,255,0,500217,327363,34,827,808571,8,12236,5,3
2021-01-13,6653,667,828287,62683,15008259,62409,14700898,422,251,0,500639,327614,34,821,809392,6,12242,3,3
2021-01-14,6488,663,828952,60681,15068940,60406,14761304,409,256,0,501048,327870,34,826,810218,4,12246,2,2
2021-01-15,6299,614,829573,55847,15124787,55579,14816883,389,232,0,501437,328102,34,805,811023,5,12251,3,2
2021-01-16,6128,605,830183,52307,15177094,52049,14868932,371,239,0,501808,328341,34,775,811798,6,12257,4,2
2021-01-17,5940,589,830772,52213,15229307,51956,14920888,353,236,0,502161,328577,34,770,812568,7,12264,5,2
2021-01-18,5725,548,831323,50501,15279808,50248,14971136,316,235,0,502477,328812,34,758,813326,8,12272,5,3
2021-01-19,5487,540,831866,51461,15331269,51204,15022340,334,209,0,502811,329021,34,772,814098,9,12281,6,3
2021-01-21,5196,592,833011,61023,15452541,60788,15143139,366,230,0,503513,329464,34,705,815516,9,12299,6,3
2021-01-22,5073,568,833585,62152,15514693,61922,15205061,325,249,0,503838,329713,34,689,816205,8,12307,6,2
2021-01-23,4984,584,834171,63073,15577766,62849,15267910,366,220,0,504204,329933,34,673,816878,2,12309,1,1
2021-01-24,4904,566,834740,62619,15640385,62405,15330315,341,228,0,504545,330161,34,642,817520,7,12316,3,4
2021-01-25,4813,537,835280,55919,15696304,55710,15386025,299,241,0,504844,330402,34,627,818147,4,12320,2,2
2021-01-26,4736,523,835803,55815,15752119,55617,15441642,307,216,0,505151,330618,34,595,818742,5,12325,3,2
2021-01-27,4676,507,836315,56098,15808217,55910,15497552,305,207,0,505456,330825,34,564,819306,8,12333,5,3
2021-01-28,4629,503,836818,52457,15860674,52276,15549828,300,203,0,505756,331028,34,544,819850,6,12339,3,3
2021-01-29,4601,504,837327,52520,15913194,52343,15602171,309,200,0,506065,331228,34,531,820381,6,12345,3,3
2021-01-30,4575,503,837832,52725,15965919,52550,15654721,297,208,0,506362,331436,34,526,820907,5,12350,2,3
2021-01-31,4554,508,838340,54043,16019962,53869,15708590,316,192,0,506678,331628,34,523,821430,6,12356,2,4
2021-02-01,4532,502,838842,51664,16071626,51492,15760082,290,212,0,506968,331840,34,517,821947,7,12363,4,3
2021-02-02,4517,508,839352,51644,16123270,51470,15811552,306,204,0,507274,332044,34,521,822468,4,12367,1,3
2021-02-03,4494,512,839866,53649,16176919,53471,15865023,314,200,0,507588,332244,34,533,823001,4,12371,2,2
2021-02-04,4467,490,840360,51882,16228801,51710,15916733,301,193,0,507889,332437,34,517,823518,4,12375,1,3
2021-02-05,4446,486,840849,52656,16281457,52487,15969220,282,207,0,508171,332644,34,506,824024,4,12379,2,2
2021-02-06,4417,471,841326,53256,16334713,53088,16022308,290,187,0,508461,332831,34,503,824527,3,12382,2,1
2021-02-07,4389,469,841797,53530,16388243,53364,16075672,267,204,0,508728,333035,34,498,825025,1,12383,0,1
2021-02-08,4354,459,842261,51613,16439856,51448,16127120,269,195,0,508997,333230,34,495,825520,4,12387,3,1
2021-02-09,4328,468,842730,51174,16491030,51010,16178130,302,167,0,509299,333397,34,491,826011,4,12391,3,1
2021-02-10,4309,478,843209,53076,16544106,52912,16231042,284,194,1,509583,333591,35,493,826504,5,12396,2,3
2021-02-11,4294,476,843690,55755,16599861,55592,16286634,288,193,0,509871,333784,35,490,826994,6,12402,3,3
2021-02-12,4285,478,844173,55290,16655151,55128,16341762,291,192,0,510162,333976,35,486,827480,6,12408,3,3
2021-02-13,4275,477,844650,54034,16709185,53873,16395635,295,182,0,510457,334158,35,482,827962,5,12413,2,3
2021-02-14,4260,470,845120,53483,16762668,53323,16448958,277,193,0,510734,334351,35,479,828441,6,12419,3,3
2021-02-15,4232,455,845575,50352,16813020,50193,16499151,250,205,0,510984,334556,35,477,828918,6,12425,3,3
2021-02-16,4206,451,846026,50800,16863820,50643,16549794,269,182,0,511253,334738,35,470,829388,7,12432,4,3
2021-02-17,4192,451,846480,52350,16916170,52196,16601990,271,183,0,511524,334921,35,462,829850,6,12438,4,2
2021-02-18,4173,454,846937,51101,16967271,50944,16652934,269,188,0,511793,335109,35,470,830320,6,12444,2,4
2021-02-19,4147,445,847385,52280,17019551,52124,16705058,261,187,0,512054,335296,35,467,830787,7,12451,4,3
2021-02-20,4120,438,847823,51046,17070597,50893,16755951,256,182,0,512310,335478,35,459,831246,6,12457,1,5
2021-02-21,4109,450,848275,50148,17120745,49995,16805946,275,177,0,512585,335655,35,460,831706,3,12460,0,3
2021-02-22,4091,447,848724,50202,17170947,50048,16855994,279,170,0,512864,335825,35,461,832167,6,12466,2,4
2021-02-23,4074,441,849166,51301,17222248,51150,16907144,255,187,0,513119,336012,35,453,832620,6,12472,3,3
2021-02-24,4062,463,849629,50395,17272643,50239,16957383,270,193,0,513389,336205,35,469,833089,6,12478,2,4
2021-02-25,4053,466,850096,50740,17323383,50583,17007966,275,192,0,513664,336397,35,471,833560,5,12483,2,3
2021-02-26,4046,480,850577,52746,17376129,52585,17060551,287,194,0,513951,336591,35,483,834043,5,12488,2,3
2021-02-27,4036,483,851063,52628,17428757,52464,17113015,281,205,0,514232,336796,35,491,834534,5,12493,2,3
2021-02-28,4022,479,851542,50815,17479572,50652,17163667,282,197,0,514514,336993,35,490,835024,3,12496,1,2
2021-03-01,4009,470,852016,50091,17529663,49930,17213597,276,198,0,514790,337191,35,482,835506,5,12501,2,3
2021-03-02,3997,461,852478,50209,17579872,50051,17263648,284,178,0,515074,337369,35,473,835979,1,12502,0,1
2021-03-03,3990,489,852967,50783,17630655,50618,17314266,294,195,0,515368,337564,35,494,836473,2,12504,0,2
2021-03-04,3978,477,853449,50706,17681361,50543,17364809,276,206,0,515644,337770,35,490,836963,4,12508,1,3
2021-03-05,3954,538,853992,54863,17736224,54676,17419485,328,215,0,515972,337985,35,562,837525,5,12513,2,3
2021-03-06,3952,562,854554,55051,17791275,54864,17474349,334,228,0,516306,338213,35,560,838085,4,12517,1,3
2021-03-07,3997,567,855121,55116,17846391,54841,17529190,348,219,0,516654,338432,35,521,838606,1,12518,1,0
2021-03-08,4018,555,855677,54325,17900716,54148,17583338,340,216,0,516994,338648,35,532,839138,3,12521,2,1
2021-03-09,4073,564,856246,55134,17955850,54964,17638302,329,240,0,517323,338888,35,510,839648,4,12525,2,2
2021-03-10,4207,666,856917,65082,18020932,64905,17703207,407,264,0,517730,339152,35,532,840180,5,12530,2,3
2021-03-11,4344,678,857602,65945,18086877,65764,17768971,406,279,0,518136,339431,35,543,840723,5,12535,3,2
2021-03-12,4483,669,858272,65109,18151986,64933,17833904,394,276,0,518530,339707,35,527,841250,4,12539,2,2
2021-03-13,4662,690,858967,65295,18217281,65124,17899028,414,281,0,518944,339988,35,512,841762,4,12543,2,2
2021-03-14,4870,758,859726,67269,18284550,67087,17966115,449,310,0,519393,340298,35,547,842309,4,12547,2,2
2021-03-15,5149,835,860562,64829,18349379,64645,18030760,476,360,0,519869,340658,35,553,842862,4,12551,2,2
2021-03-16,5450,864,861429,64193,18413572,64006,18094766,498,369,0,520367,341027,35,561,843423,5,12556,1,4
2021-03-17,5811,938,862374,71888,18485460,71696,18166462,549,396,0,520916,341423,35,576,843999,8,12564,4,4
2021-03-18,6222,985,863363,72025,18557485,71835,18238297,604,385,0,521520,341808,35,569,844568,9,12573,5,4
2021-03-19,6690,1083,864450,73201,18630686,72998,18311295,639,448,0,522159,342256,35,610,845178,9,12582,6,3
2021-03-20,7291,1240,865693,75165,18705851,74954,18386249,743,500,0,522902,342756,35,634,845812,8,12590,5,3
2021-03-21,7903,1280,866982,75258,18781109,75035,18461284,748,541,0,523650,343297,35,668,846480,9,12599,4,5
2021-03-22,8619,1382,868367,73247,18854356,73027,18534311,817,568,0,524467,343865,35,659,847139,10,12609,5,5
2021-03-23,9145,1428,869804,76128,18930484,75827,18610138,860,577,0,525327,344442,35,902,848041,9,12618,4,5
2021-03-24,9746,1630,871440,80634,19011118,80293,18690431,972,664,0,526299,345106,35,1023,849064,12,12630,6,6
2021-03-25,10487,1770,873219,81103,19092221,80761,18771192,1044,735,0,527343,345841,35,1027,850091,11,12641,5,5
2021-03-26,11318,1958,875190,85053,19177274,84676,18855868,1195,776,0,528538,346617,35,1131,851222,9,12650,4,5
2021-03-27,12157,2084,877279,85173,19262447,84759,18940627,1287,801,1,529825,347418,36,1241,852463,9,12659,4,5
2021-03-28,13070,2181,879473,85350,19347797,84927,19025554,1285,909,0,531110,348327,36,1270,853733,11,12670,4,7
2021-03-29,13983,2271,881752,80704,19428501,80253,19105807,1359,920,0,532469,349247,36,1352,855085,14,12684,7,7
2021-03-30,14846,2332,884094,83154,19511655,82666,19188473,1404,938,0,533873,350185,36,1463,856548,16,12700,7,9
2021-03-31,15879,2568,886673,83713,19595368,83204,19271677,1509,1070,0,535382,351255,36,1527,858075,19,12719,11,8
2021-04-01,17043,2813,889490,85876,19681244,85331,19357008,1697,1120,0,537079,352375,36,1634,859709,19,12738,10,8
2021-04-02,18606,3282,892780,86066,19767310,85494,19442502,1899,1391,0,538978,353766,36,1715,861424,12,12750,8,4
2021-04-03,20204,3429,896226,82078,19849388,81467,19523969,2041,1405,0,541019,355171,36,1834,863258,14,12764,7,7
2021-04-04,21958,3562,899807,82791,19932179,82187,19606156,2170,1411,0,543189,356582,36,1813,865071,14,12778,7,7
2021-04-05,23777,3663,903479,80056,20012235,79442,19685598,2196,1476,0,545385,358058,36,1842,866913,11,12789,5,6
2021-04-06,25598,3612,907124,80856,20093091,80253,19765851,2176,1469,0,547561,359527,36,1809,868722,15,12804,6,9
2021-04-07,27743,3972,911110,80535,20173626,79927,19845778,2391,1595,0,549952,361122,36,1824,870546,17,12821,9,8
2021-04-08,30131,4260,915386,85281,20258907,84658,19930436,2593,1683,0,552545,362805,36,1869,872415,19,12840,8,11
2021-04-09,33659,5409,920827,88135,20347042,87505,20017941,3289,2152,0,555834,364957,36,1890,874305,23,12863,9,14
2021-04-10,37673,5963,926816,84546,20431588,83895,20101836,3652,2337,0,559486,367294,36,1952,876257,23,12886,7,16
2021-04-11,41955,6583,933434,88538,20520126,87767,20189603,3992,2626,0,563478,369920,36,2314,878571,22,12908,14,8
2021-04-12,46308,6703,940145,82982,20603108,82202,20271805,4036,2675,0,567514,372595,36,2339,880910,19,12927,11,8
2021-04-13,49985,6958,947129,83332,20686440,82236,20354041,4203,2781,0,571717,375376,36,3289,884199,18,12945,8,10
2021-04-14,54315,7785,954948,97668,20784108,96513,20450554,4733,3086,0,576450,378462,36,3464,887663,25,12970,12,13
2021-04-15,58097,7946,962935,95387,20879495,93995,20544549,4797,3190,0,581247,381652,36,4176,891839,29,12999,14,15
2021-04-16,61593,8419,971384,97201,20976696,95561,20640110,5116,3333,0,586363,384985,36,4920,896759,33,13032,18,15
2021-04-17,65635,9314,980728,100804,21077500,99050,20739160,5679,3665,0,592042,388650,36,5263,902022,39,13071,22,17
2021-04-18,70391,10694,991451,110130,21187630,108155,20847315,6533,4190,0,598575,392840,36,5925,907947,42,13113,21,21
2021-04-19,75116,10916,1002392,111590,21299220,109533,20956848,6572,4369,0,605147,397209,36,6172,914119,44,13157,22,22
2021-04-20,79804,10931,1013378,101329,21400549,99246,21056094,6689,4297,0,611836,401506,36,6250,920369,48,13205,26,22
2021-04-21,84361,11611,1025059,112661,21513210,110304,21166398,6973,4708,0,618809,406214,36,7071,927440,53,13258,32,21
2021-04-22,89428,12616,1037711,115653,21628863,113144,21279542,7583,5067,2,626392,411281,38,7526,934966,59,13317,39,20
2021-04-23,95048,13732,1051487,125593,21754456,122900,21402442,8432,5344,0,634824,416625,38,8078,943044,78,13395,44,34
2021-04-24,100668,14799,1066329,125718,21880174,122671,21525113,8874,5968,0,643698,422593,38,9142,952186,80,13475,41,39
2021-04-25,105180,15626,1081988,126298,22006472,122610,21647723,9469,6190,0,653167,428783,38,11065,963251,82,13557,51,31
2021-04-26,107145,15666,1097672,120184,22126656,115642,21763365,9605,6079,0,662772,434862,38,13625,976876,94,13651,44,50
2021-04-27,108855,15771,1113502,121549,22248205,116868,21880233,9508,6322,0,672280,441184,38,14043,990919,77,13728,31,46
2021-04-28,110308,16632,1130167,130042,22378247,125004,22005237,10239,6426,0,682519,447610,38,15114,1006033,98,13826,47,51
2021-04-29,112556,17858,1148064,140589,22518836,135408,22140645,10866,7031,0,693385,454641,38,15542,1021575,107,13933,46,61
2021-04-30,115128,18665,1166756,143571,22662407,138235,22278880,11439,7253,0,704824,461894,38,16007,1037582,113,14046,52,61
2021-05-01,117405,19558,1186344,151452,22813859,145731,22424611,11951,7637,0,716775,469531,38,17164,1054746,147,14193,55,92
2021-05-02,120444,20742,1207112,143083,22956942,137224,22561835,12375,8393,0,729150,477924,38,17576,1072322,153,14346,81,72
2021-05-03,123258,20935,1228064,141021,23097963,135016,22696851,12345,8607,0,741495,486531,38,18016,1090338,122,14468,46,76
2021-05-04,125230,21194,1249292,140512,23238475,134141,22830992,12450,8778,0,753945,495309,38,19112,1109450,144,14612,58,86
2021-05-05,128311,23286,1272602,155382,23393857,148695,22979687,13671,9639,0,767616,504948,38,20062,1129512,167,14779,73,94
2021-05-06,131468,24871,1297500,152130,23545987,144948,23124635,14683,10215,0,782299,515163,38,21546,1151058,195,14974,81,114
2021-05-07,135355,26445,1323965,152812,23698799,145352,23269987,15525,10940,0,797824,526103,38,22381,1173439,197,15171,73,124
2021-05-08,139401,27384,1351362,155998,23854797,148295,23418282,16101,11296,0,813925,537399,38,23110,1196549,241,15412,90,151
2021-05-09,144547,28869,1380259,153790,24008587,145952,23564234,16920,11977,0,830845,549376,38,23515,1220064,236,15648,85,151
2021-05-10,152389,28967,1409237,146233,24154820,139265,23703499,16925,12053,0,847770,561429,38,20904,1240968,232,15880,98,134
2021-05-11,162181,29247,1438509,156111,24310931,149717,23853216,16983,12289,0,864753,573718,38,19182,1260150,298,16178,106,192
2021-05-12,172735,30336,1468864,156356,24467287,149853,24003069,17442,12913,0,882195,586631,38,19508,1279658,293,16471,131,162
2021-05-14,195339,31885,1531377,160042,24785458,153363,24308132,18359,13533,0,918086,613253,38,20037,1318982,288,17056,130,158
2021-05-15,207789,33651,1565035,164945,24950403,157977,24466109,19449,14209,0,937535,627462,38,20905,1339887,303,17359,125,178
2021-05-16,219342,33172,1598216,166812,25117215,159706,24625815,19008,14173,0,956543,641635,38,21317,1361204,311,17670,148,163
2021-05-17,231596,33072,1631291,156278,25273493,149449,24775264,18719,14356,0,975262,655991,38,20486,1381690,335,18005,152,183
2021-05-18,242929,33047,1664350,160463,25433956,153342,24928606,18718,14341,0,993980,670332,38,21362,1403052,364,18369,172,192
2021-05-19,253576,34867,1699225,170355,25604311,162401,25091007,19842,15033,0,1013822,685365,38,23863,1426915,365,18734,178,187
2021-05-20,263390,35570,1734804,171094,25775405,162638,25253645,19919,15660,0,1033741,701025,38,25368,1452283,397,19131,185,212
2021-05-21,274629,36178,1770988,174112,25949517,165953,25419598,20425,15759,0,1054166,716784,38,24478,1476761,467,19598,168,299
2021-05-22,284278,35860,1806861,175231,26124748,166639,25586237,19895,15978,0,1074061,732762,38,25776,1502537,448,20046,169,279
2021-05-23,294143,35476,1842344,176824,26301572,168425,25754662,19725,15758,0,1093786,748520,38,25196,1527733,422,20468,182,240
2021-05-24,301580,34866,1877211,168194,26469766,159185,25913847,19421,15446,0,1113207,763966,38,27026,1554759,404,20872,177,227
2021-05-26,310224,33764,1945260,172424,26814056,162518,26238649,18713,15051,0,1151192,794030,38,29717,1613221,475,21815,197,278
2021-05-27,313048,33361,1978621,174145,26988201,164124,26402773,18618,14743,0,1169810,808773,38,30063,1643284,474,22289,199,275
2021-05-30,305546,28864,2068580,173351,27511443,162357,26894017,16238,12626,0,1220401,848141,38,32982,1739280,493,23754,199,294
2021-06-02,288702,25316,2148346,174329,28016841,163575,27367695,14088,11229,0,1265038,883270,38,32263,1834439,483,25205,204,279
2021-06-03,280426,24400,2172751,179438,28196279,168698,27536393,13448,10957,0,1278486,894227,38,32221,1866660,460,25665,213,247
2021-06-04,268968,22645,2195402,175033,28371312,163818,27700211,12513,10138,0,1290999,904365,38,33646,1900306,463,26128,190,273
2021-06-05,257463,21406,2216812,175365,28546677,164541,27864752,11652,9758,0,1302651,914123,38,32472,1932778,443,26571,166,277
2021-06-06,244289,20418,2237233,174982,28721659,163928,28028680,11227,9194,0,1313878,923317,38,33161,1965939,434,27005,166,268
2021-06-07,232026,19446,2256681,170838,28892497,160385,28189065,10765,8683,0,1324643,932000,38,31360,1997299,351,27356,103,248
2021-06-08,218595,18022,2274704,170112,29062609,159764,28348829,9992,8031,0,1334635,940031,38,31045,2028344,409,27765,150,259
2021-06-09,204258,17319,2292025,180750,29243359,170332,28519161,9522,7799,0,1344157,947830,38,31253,2059597,405,28170,169,236
2021-06-10,188664,16811,2308838,181920,29425279,171237,28690398,9278,7535,0,1353435,955365,38,32049,2091646,358,28528,135,223
2021-06-11,174802,15757,2324597,182586,29607865,172838,28863236,8769,6990,0,1362204,962355,38,29243,2120889,378,28906,138,240
2021-06-12,162073,15105,2339705,182878,29790743,173724,29036960,8342,6766,0,1370546,969121,38,27463,2148352,374,29280,130,244
2021-06-13,149927,14014,2353721,177295,29968038,168663,29205623,7839,6177,0,1378385,975298,38,25895,2174247,267,29547,80,187
2021-06-14,136884,12770,2366493,170256,30138294,161736,29367359,7245,5527,0,1385630,980825,38,25561,2199808,254,29801,108,146
2021-06-15,125215,11803,2378298,170961,30309255,163225,29530584,6727,5078,0,1392357,985903,38,23207,2223015,267,30068,119,148
2021-06-16,114335,10446,2388746,171085,30480340,164066,29694650,5849,4599,0,1398206,990502,38,21058,2244073,270,30338,106,164
2021-06-17,100523,9115,2397864,175010,30655350,167437,29862087,5013,4105,0,1403219,994607,38,22720,2266793,210,30548,109,101
2021-06-18,89009,8631,2406497,170269,30825619,163649,30025736,4882,3751,0,1408101,998358,38,19860,2286653,287,30835,145,142
2021-06-19,78780,8180,2414680,171179,30996798,165102,30190838,4620,3563,0,1412721,1001921,38,18232,2304885,180,31015,70,110
2021-06-20,69372,7814,2422497,172543,31169341,166862,30357700,4305,3512,0,1417026,1005433,38,17043,2321928,182,31197,76,106
2021-06-21,61329,7424,2429924,170923,31340264,165829,30523529,4267,3160,0,1421293,1008593,38,15281,2337209,189,31386,82,107
2021-06-23,52884,6596,2443415,170105,31675744,166628,30851147,3709,2887,0,1428916,1014461,38,10432,2358785,166,31746,57,109
2021-06-24,49845,6159,2449577,170283,31846027,167268,31018415,3517,2645,0,1432433,1017106,38,9046,2367831,155,31901,57,98
2021-06-25,47318,5751,2455332,171117,32017144,168406,31186821,3297,2458,0,1435730,1019564,38,8132,2375963,150,32051,55,95
2021-06-26,44924,5413,2460747,170963,32188107,168409,31355230,3069,2346,0,1438799,1021910,38,7661,2383624,148,32199,48,100
2021-06-28,40954,4804,2470678,160895,32515205,158711,31677758,2742,2062,0,1444445,1026195,38,6553,2397336,98,32388,37,61
2021-06-29,39335,4510,2475190,160423,32675628,158419,31836177,2599,1913,0,1447044,1028108,38,6013,2403349,118,32506,47,71
2021-06-30,38191,4506,2479696,162622,32838250,160776,31996953,2466,2040,0,1449510,1030148,38,5537,2408886,113,32619,34,79
2021-07-01,37526,4480,2484177,163654,33001904,161973,32158926,2546,1935,0,1452056,1032083,38,5044,2413930,102,32721,24,78
2021-07-02,36707,4221,2488407,160810,33162714,159159,32318085,2418,1812,0,1454474,1033895,38,4952,2418882,97,32818,23,74
2021-07-03,35881,4011,2492420,160194,33322908,158619,32476704,2319,1694,0,1456793,1035589,38,4724,2423606,115,32933,22,93
2021-07-04,35294,3865,2496287,157791,33480699,156330,32633034,2187,1680,0,1458980,1037269,38,4382,2427988,72,33005,18,54
2021-07-05,34926,3714,2500002,155371,33636070,154028,32787062,2130,1585,0,1461110,1038854,38,4029,2432017,54,33059,19,35
2021-07-06,34477,3476,2503481,153390,33789460,152105,32939167,2041,1438,0,1463151,1040292,38,3855,2435872,73,33132,18,55
2021-07-07,34076,3366,2506848,151844,33941304,150609,33089776,1950,1417,0,1465101,1041709,38,3704,2439576,64,33196,18,46
2021-07-08,33665,3210,2510059,154763,34096067,153575,33243351,1813,1398,0,1466914,1043107,38,3565,2443141,57,33253,13,44
2021-07-09,33224,3038,2513098,151631,34247698,150494,33393845,1713,1326,0,1468627,1044433,38,3411,2446552,69,33322,18,51
2021-07-10,32767,2908,2516011,150412,34398110,149305,33543150,1672,1241,0,1470299,1045674,38,3321,2449873,49,33371,6,43
2021-07-11,32307,2775,2518786,148182,34546292,147119,33690269,1583,1192,0,1471882,1046866,38,3188,2453061,47,33418,15,32
2021-07-13,31218,2500,2523943,140132,34826887,139113,33968810,1460,1045,0,1474860,1049045,38,3058,2459223,48,33502,14,34
2021-07-14,30600,2455,2526401,146394,34973281,145387,34114197,1428,1030,0,1476288,1050075,38,3021,2462244,55,33557,16,39
2021-07-15,29950,2404,2528806,146665,35119946,145663,34259860,1356,1049,0,1477644,1051124,38,3006,2465250,49,33606,11,38
2021-07-16,29230,2309,2531118,148778,35268724,147783,34407643,1360,952,0,1479004,1052076,38,2986,2468236,46,33652,18,28
2021-07-17,28590,2203,2533323,145814,35414538,144880,34552523,1270,935,0,1480274,1053011,38,2802,2471038,43,33695,13,30
2021-07-19,27282,1967,2537373,134989,35692956,134136,34829174,1139,832,0,1482615,1054720,38,2558,2476339,28,33752,8,20
2021-07-20,26717,1901,2539277,133962,35826918,133149,34962323,1094,810,0,1483709,1055530,38,2439,2478778,30,33782,8,22
2021-07-21,26158,1875,2541168,141248,35968166,140440,35102763,1090,801,0,1484799,1056331,38,2423,2481201,27,33809,10,17
2021-07-22,25526,1871,2543040,145584,36113750,144759,35247522,1072,800,0,1485871,1057131,38,2475,2483676,29,33838,10,19
2021-07-23,24816,1828,2544870,135008,36248758,134169,35381691,1062,768,0,1486933,1057899,38,2516,2486192,24,33862,6,18
2021-07-24,24025,1816,2546689,141758,36390516,140897,35522588,1026,793,0,1487959,1058692,38,2583,2488775,27,33889,5,22
2021-07-25,23364,1807,2548497,144219,36534735,143403,35665991,1046,762,0,1489005,1059454,38,2447,2491222,22,33911,3,19
2021-07-26,22762,1785,2550282,137292,36672027,136505,35802496,1049,736,0,1490054,1060190,38,2361,2493583,26,33937,5,21
2021-07-27,22188,1766,2552049,143310,36815337,142539,35945035,1030,737,0,1491084,1060927,38,2312,2495895,29,33966,6,23
2021-07-28,21521,1755,2553805,155997,36971334,155199,36100234,1005,751,0,1492089,1061678,38,2394,2498289,29,33995,8,21
2021-07-29,21207,1858,2555664,157074,37128408,156359,36256593,1053,806,0,1493142,1062484,38,2145,2500434,28,34023,7,21
2021-07-30,20934,1944,2557611,156843,37285251,156112,36412705,1109,838,0,1494251,1063322,38,2193,2502627,27,34050,3,24
2021-07-31,20716,1986,2559597,160897,37446148,160171,36572876,1103,883,0,1495354,1064205,38,2178,2504805,26,34076,7,19
2021-08-01,20524,1988,2561587,158646,37604794,157927,36730803,1124,866,0,1496478,1065071,38,2156,2506961,26,34102,6,20
2021-08-02,20385,1952,2563544,145321,37750115,144632,36875435,1099,858,0,1497577,1065929,38,2068,2509029,28,34130,5,23
2021-08-03,20217,1905,2565452,145585,37895700,144903,37020338,1104,804,0,1498681,1066733,38,2047,2511076,29,34159,6,23
2021-08-04,20117,1949,2567401,156635,38052335,155965,37176303,1096,853,0,1499777,1067586,38,2011,2513087,38,34197,12,26
2021-08-05,20138,1995,2569398,158797,38211132,158149,37334452,1164,833,0,1500941,1068419,38,1943,2515030,33,34230,5,28
2021-08-06,20185,1985,2571383,160501,38371633,159865,37494317,1148,837,0,1502089,1069256,38,1908,2516938,30,34260,3,27
2021-08-07,20286,1969,2573352,165325,38536958,164712,37659029,1127,842,0,1503216,1070098,38,1839,2518777,29,34289,7,22
2021-08-08,20407,1956,2575308,160229,38697187,159627,37818656,1083,873,0,1504299,1070971,38,1807,2520584,28,34317,4,24
2021-08-09,20427,1928,2577237,154702,38851889,154073,37972729,1109,820,0,1505408,1071791,38,1886,2522470,23,34340,2,21
2021-08-10,20363,1893,2579130,150868,39002757,150225,38122954,1086,807,0,1506494,1072598,38,1930,2524400,27,34367,5,22
2021-08-11,20382,1964,2581094,162791,39165548,162152,38285106,1121,843,0,1507615,1073441,38,1917,2526317,28,34395,5,23
2021-08-12,20399,1941,2583036,160528,39326076,159897,38445003,1115,827,0,1508730,1074268,38,1892,2528209,33,34428,9,24
2021-08-13,20411,1931,2584969,159564,39485640,158935,38603938,1101,832,0,1509831,1075100,38,1887,2530096,34,34462,12,22
2021-08-14,20427,1916,2586885,160306,39645946,159684,38763622,1061,855,0,1510892,1075955,38,1866,2531962,34,34496,12,22
2021-08-15,20458,1896,2588781,157587,39803533,156973,38920595,1090,806,0,1511982,1076761,38,1842,2533804,23,34519,4,19
2021-08-16,20370,1850,2590632,154631,39958164,153994,39074589,1070,781,0,1513052,1077542,38,1911,2535715,28,34547,7,21
2021-08-17,20225,1804,2592436,150724,40108888,150085,39224674,1013,791,0,1514065,1078333,38,1917,2537632,32,34579,10,22
2021-08-18,27897,2078,2535402,143429,35557967,142515,34695038,1202,877,0,1481476,1053888,38,2743,2473781,29,33724,10,19
2021-08-19,19864,1702,2595935,162173,40428400,161542,39542919,959,743,0,1516065,1079832,38,1892,2541432,29,34639,9,20
2021-08-20,19621,1667,2597603,163177,40591577,162548,39705467,942,726,0,1517007,1080558,38,1887,2543319,24,34663,5,19
2021-08-21,19391,1652,2599255,159213,40750790,158593,39864060,968,684,0,1517975,1081242,38,1859,2545178,23,34686,4,19
2021-08-22,19171,1630,2600885,155607,40906397,154998,40019058,931,699,0,1518906,1081941,38,1827,2547005,23,34709,3,20
2021-08-23,18887,1603,2602489,153068,41059465,152447,40171505,918,686,0,1519824,1082627,38,1863,2548868,25,34734,7,18
2021-08-24,18603,1584,2604074,150911,41210376,150297,40321802,913,672,0,1520737,1083299,38,1842,2550710,27,34761,7,20
2021-08-25,18352,1572,2605647,156985,41367361,156386,40478188,913,660,0,1521650,1083959,38,1797,2552507,27,34788,6,21
2021-08-26,18069,1559,2607206,160911,41528272,160306,40638494,878,681,0,1522528,1084640,38,1816,2554323,26,34814,6,20
2021-08-27,17797,1541,2608748,162487,41690759,161889,40800383,881,661,0,1523409,1085301,38,1793,2556116,21,34835,1,20
2021-08-28,17559,1551,2610299,163230,41853989,162641,40963024,872,679,0,1524281,1085980,38,1768,2557884,21,34856,9,12
2021-08-29,17322,1538,2611837,161974,42015963,161390,41124414,868,670,0,1525149,1086650,38,1753,2559637,22,34878,4,18
2021-08-30,17085,1523,2613360,150948,42166911,150368,41274782,861,662,0,1526010,1087312,38,1739,2561376,21,34899,7,14
2021-08-31,16850,1512,2614872,151012,42317923,150437,41425219,874,638,0,1526884,1087950,38,1725,2563101,22,34921,6,16
2021-09-01,16478,1561,2617943,160523,42633164,159962,41739326,890,672,0,1528632,1089273,38,1684,2566504,20,34961,7,13
2021-09-02,16370,1563,2619511,160742,42793906,160190,41899516,901,667,0,1529533,1089940,38,1657,2568161,19,34980,3,16
2021-09-03,16370,1563,2619511,160742,42793906,160190,41899516,901,667,0,1529533,1089940,38,1657,2568161,19,34980,3,16
2021-09-04,16315,1575,2621086,161231,42955137,160694,42060210,895,680,0,1530428,1090620,38,1610,2569771,20,35000,3,17
2021-09-05,16282,1592,2622678,162119,43117256,161583,42221793,885,707,0,1531313,1091327,38,1607,2571378,18,35018,7,11
2021-09-06,16256,1556,2624234,155609,43272865,155088,42376881,885,671,0,1532198,1091998,38,1564,2572942,18,35036,6,12
2021-09-07,16205,1544,2625778,155210,43428075,154685,42531566,877,667,0,1533075,1092665,38,1576,2574518,19,35055,5,14
2021-09-08,16180,1587,2627365,160303,43588378,159772,42691338,889,698,0,1533964,1093363,38,1594,2576112,18,35073,3,15
2021-09-09,16221,1596,2628961,160195,43748573,159684,42851022,919,677,0,1534883,1094040,38,1534,2577646,21,35094,3,18
2021-09-10,16304,1630,2630592,158197,43906770,157689,43008711,930,701,0,1535813,1094741,38,1523,2579169,25,35119,7,18
2021-09-11,16399,1639,2632231,158623,44065393,158117,43166828,950,689,0,1536763,1095430,38,1517,2580686,27,35146,6,21
2021-09-12,16473,1607,2633839,155807,44221200,155303,43322131,929,679,0,1537692,1096109,38,1512,2582198,22,35168,7,15
2021-09-13,16522,1580,2635419,153584,44374784,153081,43475212,906,674,0,1538598,1096783,38,1509,2583707,22,35190,7,15
2021-09-14,16549,1591,2637010,152296,44527080,151784,43626996,901,690,0,1539499,1097473,38,1537,2585244,27,35217,7,20
2021-09-15,16636,1658,2638668,150740,44677820,150226,43777222,959,699,0,1540458,1098172,38,1542,2586786,29,35246,6,23
2021-09-18,16893,1652,2643683,156175,45144520,155648,44242357,938,715,0,1543308,1100337,38,1581,2591480,22,35310,3,19
2021-09-19,16969,1696,2645380,156850,45301370,156319,44398676,1004,693,0,1544312,1101030,38,1594,2593074,27,35337,3,24
2021-09-20,16984,1661,2647041,153034,45454404,152493,44551169,925,736,0,1545237,1101766,38,1623,2594697,23,35360,5,18
2021-09-21,16993,1646,2648688,150159,45604563,149619,44700788,944,703,0,1546181,1102469,38,1619,2596316,19,35379,3,16
2021-09-22,17027,1682,2650370,151802,45756365,151260,44852048,959,723,0,1547140,1103192,38,1627,2597943,21,35400,6,15
2021-09-23,17121,1744,2652115,160057,45916422,159516,45011564,953,792,0,1548093,1103984,38,1624,2599567,27,35427,8,19
2021-09-24,17196,1733,2653848,158075,46074497,157531,45169095,991,742,0,1549084,1104726,38,1631,2601198,27,35454,8,19
2021-09-25,17263,1724,2655572,156490,46230987,155945,45325040,985,739,0,1550069,1105465,38,1635,2602833,22,35476,8,14
2021-09-26,17285,1693,2657266,155245,46386232,154692,45479732,994,700,0,1551063,1106165,38,1658,2604491,14,35490,4,10
2021-09-28,17231,1629,2660553,150725,46688837,150177,45781235,932,698,0,1552960,1107555,38,1643,2607796,17,35526,5,12
2021-09-30,17150,1612,2663789,153327,46993842,152785,46085152,924,688,0,1554831,1108920,38,1626,2611061,28,35578,9,19
2021-10-01,17099,1597,2665386,153829,47147671,153288,46238440,898,699,0,1555729,1109619,38,1623,2612684,25,35603,7,18
2021-10-02,17046,1578,2666964,151855,47299526,151319,46389759,904,674,0,1556633,1110293,38,1607,2614291,24,35627,8,16
2021-10-03,16972,1530,2668495,150410,47449936,149883,46539642,891,640,0,1557524,1110933,38,1582,2615873,23,35650,8,15
2021-10-04,16864,1466,2669962,148749,47598685,148229,46687871,883,584,0,1558407,1111517,38,1559,2617432,16,35666,6,10
2021-10-05,16749,1449,2671411,146735,47745420,146219,46834090,849,600,0,1559256,1112117,38,1548,2618980,16,35682,0,16
2021-10-06,16637,1432,2672843,145338,47890758,144832,46978922,839,593,0,1560095,1112710,38,1519,2620499,25,35707,4,21
2021-10-07,16513,1390,2674233,145846,48036604,145350,47124272,797,593,0,1560892,1113303,38,1487,2621986,27,35734,5,22
2021-10-08,16379,1359,2675592,143355,48179959,142864,47267136,770,589,0,1561662,1113892,38,1473,2623459,20,35754,4,16
2021-10-09,16252,1344,2676936,143863,48323822,143377,47410513,787,557,0,1562449,1114449,38,1457,2624916,14,35768,1,13
2021-10-10,16130,1329,2678265,140091,48463913,139612,47550125,763,566,0,1563212,1115015,38,1436,2626352,15,35783,3,12
2021-10-12,15842,1289,2680857,137548,48741297,137074,47826559,757,532,0,1564713,1116106,38,1421,2629201,18,35814,8,10
2021-10-14,15451,1259,2683396,137423,49017492,136944,48101791,719,540,0,1566175,1117183,38,1438,2632092,20,35853,8,12
2021-10-15,15238,1243,2684641,135760,49153252,135279,48237070,740,505,0,1566915,1117688,38,1442,2633534,16,35869,4,12
2021-10-16,15022,1233,2685874,130251,49283503,129773,48366843,734,499,0,1567649,1118187,38,1434,2634968,15,35884,2,13
2021-10-17,14814,1218,2687092,128313,49411816,127843,48494686,714,504,0,1568363,1118691,38,1411,2636379,15,35899,6,9
2021-10-18,14570,1192,2688284,126786,49538602,126312,48620998,711,481,0,1569074,1119172,38,1423,2637802,13,35912,4,9
2021-10-19,14326,1179,2689463,124849,49663451,124380,48745378,698,481,0,1569772,1119653,38,1407,2639209,16,35928,5,11
2021-10-20,14058,1170,2690633,128759,49792210,128286,48873664,656,514,0,1570428,1120167,38,1418,2640627,20,35948,5,15
2021-10-21,13790,1164,2691797,129820,49922030,129349,49003013,653,511,0,1571081,1120678,38,1412,2642039,20,35968,5,15
2021-10-22,13531,1152,2692949,129573,50051603,129109,49132122,664,488,0,1571745,1121166,38,1392,2643431,19,35987,4,15
2021-10-23,13280,1140,2694089,125158,50176761,124700,49256822,632,508,0,1572377,1121674,38,1374,2644805,17,36004,4,13
2021-10-24,13034,1127,2695216,124177,50300938,123724,49380546,628,499,0,1573005,1122173,38,1358,2646163,15,36019,5,10
2021-10-25,12791,1112,2696328,122700,50423638,122253,49502799,632,480,0,1573637,1122653,38,1341,2647504,14,36033,5,9
2021-10-26,12540,1089,2697418,120376,50544014,119934,49622733,633,457,0,1574270,1123110,38,1326,2648830,15,36048,5,10
2021-10-27,12288,1075,2698493,121553,50665567,121115,49743848,628,447,0,1574898,1123557,38,1315,2650145,12,36060,4,8
2021-10-28,12051,1061,2699554,122835,50788402,122406,49866254,622,439,0,1575520,1123996,38,1286,2651431,12,36072,3,9
2021-10-29,11850,1039,2700593,123084,50911486,122674,49988928,575,464,0,1576095,1124460,38,1229,2652660,11,36083,5,6
2021-10-30,11685,1021,2701614,124055,51035541,123664,50112592,613,408,0,1576708,1124868,38,1172,2653832,14,36097,5,9
2021-10-31,11492,1009,2702623,123701,51159242,123307,50235899,586,423,0,1577294,1125291,38,1183,2655015,19,36116,5,14
2021-11-01,11309,990,2703613,120153,51279395,119769,50355668,598,392,0,1577892,1125683,38,1153,2656168,20,36136,3,17
2021-11-02,11147,973,2704586,115219,51394614,114848,50470516,567,406,0,1578459,1126089,38,1114,2657282,21,36157,5,16
2021-11-03,11012,962,2705548,115237,51509851,114878,50585394,570,392,0,1579029,1126481,38,1078,2658360,19,36176,6,13
2021-11-04,10895,945,2706493,114043,51623894,113694,50699088,566,379,0,1579595,1126860,38,1047,2659407,15,36191,5,10
2021-11-05,10745,875,2707368,105832,51729726,105495,50804583,522,353,0,1580117,1127213,38,1012,2660419,13,36204,6,7
2021-11-06,10588,862,2708230,101023,51830749,100687,50905270,521,341,0,1580638,1127554,38,1009,2661428,10,36214,7,3
2021-11-07,10474,850,2709080,101825,51932574,101506,51006776,496,354,0,1581134,1127908,38,958,2662386,6,36220,4,2
2021-11-08,10372,841,2709921,100875,52033449,100563,51107339,505,336,0,1581639,1128244,38,937,2663323,6,36226,3,3
2021-11-09,10271,835,2710756,102380,52135829,102072,51209411,496,339,0,1582135,1128583,38,924,2664247,12,36238,4,8
2021-11-10,10159,828,2711584,101143,52236972,100833,51310244,465,363,0,1582600,1128946,38,931,2665178,9,36247,3,6
2021-11-11,10013,820,2712404,102343,52339315,102022,51412266,485,335,0,1583085,1129281,38,962,2666140,4,36251,0,4
2021-11-12,9890,811,2713216,102154,52441469,101845,51514111,480,332,0,1583565,1129613,38,927,2667067,8,36259,2,6
2021-11-13,9751,809,2714025,101034,52542503,100723,51614834,437,372,0,1584002,1129985,38,934,2668001,14,36273,5,9
2021-11-14,9616,805,2714830,103684,52646187,103374,51718208,464,341,0,1584466,1130326,38,929,2668930,11,36284,6,5
2021-11-15,9488,800,2715632,101070,52747257,100764,51818972,480,322,0,1584946,1130648,38,918,2669848,12,36296,7,5
2021-11-16,9349,789,2716421,103202,52850459,102898,51921870,481,308,0,1585427,1130956,38,913,2670761,15,36311,7,8
2021-11-17,9211,782,2717203,101984,52952443,101682,52023552,463,319,0,1585890,1131275,38,907,2671668,13,36324,5,8
2021-11-18,9078,775,2717978,101635,53054078,101336,52124888,464,311,0,1586354,1131586,38,896,2672564,12,36336,2,10
2021-11-19,8953,772,2718750,102383,53156461,102088,52226976,461,311,0,1586815,1131897,38,884,2673448,13,36349,7,6
2021-11-20,8827,765,2719515,100998,53257459,100705,52327681,445,320,0,1587260,1132217,38,879,2674327,12,36361,7,5
2021-11-21,8722,756,2720271,100767,53358226,100485,52428166,445,311,0,1587705,1132528,38,847,2675174,14,36375,7,7
2021-11-22,8616,750,2721021,101397,53459623,101116,52529282,443,307,0,1588148,1132835,38,843,2676017,13,36388,5,8
2021-11-23,8536,741,2721762,100817,53560440,100548,52629830,421,320,0,1588569,1133155,38,808,2676825,13,36401,7,6
2021-11-24,8484,744,2722506,101624,53662064,101363,52731193,438,306,0,1589007,1133461,38,782,2677607,14,36415,5,9
2021-11-25,8442,739,2723245,101993,53764057,101738,52832931,435,304,0,1589442,1133765,38,764,2678371,17,36432,7,10
2021-11-26,8418,746,2723991,103258,53867315,103005,52935936,449,297,0,1589891,1134062,38,759,2679130,11,36443,2,9
2021-11-27,8382,740,2724731,101030,53968345,100775,53036711,442,298,0,1590333,1134360,38,765,2679895,11,36454,4,7
2021-11-28,8337,736,2725467,101446,54069791,101189,53137900,444,292,0,1590777,1134652,38,772,2680667,9,36463,2,7
2021-11-29,8291,730,2726197,100508,54170299,100252,53238152,440,290,0,1591217,1134942,38,767,2681434,9,36472,4,5
2021-11-30,8244,718,2726917,100048,54270347,99795,53337947,426,294,0,1591643,1135236,38,758,2682192,9,36481,4,5
2021-12-01,8200,709,2727635,100562,54370909,100312,53438259,439,279,0,1592082,1135515,38,751,2682943,11,36492,4,7
2021-12-02,8155,711,2728350,101818,54472727,101569,53539828,420,295,0,1592502,1135810,38,748,2683691,12,36504,5,7
2021-12-03,8098,704,2729061,102673,54575400,102420,53642248,418,293,0,1592920,1136103,38,759,2684450,9,36513,4,5
2021-12-04,8070,726,2729792,106505,54681905,106254,53748502,422,309,0,1593342,1136412,38,753,2685203,6,36519,2,4
2021-12-05,8041,724,2730516,102068,54783973,101820,53850322,430,294,0,1593772,1136706,38,743,2685946,10,36529,5,5
2021-12-06,8013,719,2731235,101255,54885228,101009,53951331,429,290,0,1594201,1136996,38,737,2686683,10,36539,3,7
2021-12-07,7982,708,2731945,100393,54985621,100149,54051480,411,299,0,1594612,1137295,38,731,2687414,10,36549,4,6
2021-12-08,7946,703,2732648,101766,55087387,101523,54153003,427,276,0,1595039,1137571,38,728,2688142,11,36560,4,7
2021-12-09,7883,696,2733346,102043,55189430,101794,54254797,409,289,0,1595448,1137860,38,746,2688888,15,36575,6,9
2021-12-10,7821,687,2734034,103017,55292447,102771,54357568,415,273,0,1595863,1138133,38,739,2689627,11,36586,5,6
2021-12-11,7770,681,2734715,102414,55394861,102174,54459742,401,280,0,1596264,1138413,38,719,2690346,13,36599,7,6
2021-12-13,7666,656,2736046,100085,55596111,99851,54660522,382,275,0,1597039,1138969,38,702,2691756,12,36624,5,7
2021-12-14,7611,647,2736695,103889,55700000,103657,54764179,369,280,0,1597408,1139249,38,695,2692451,9,36633,3,6
2021-12-15,7548,640,2737335,102775,55802775,102544,54866723,372,268,0,1597780,1139517,38,692,2693143,11,36644,2,9
2021-12-16,7476,627,2737962,104531,55907306,104302,54971025,365,262,0,1598145,1139779,38,687,2693830,12,36656,4,8
2021-12-17,7407,620,2738583,105974,56013280,105748,55076773,357,264,0,1598502,1140043,38,679,2694509,11,36667,4,7
2021-12-18,7346,613,2739196,100175,56113455,99953,55176726,349,264,0,1598851,1140307,38,665,2695174,9,36676,3,6
2021-12-19,7172,600,2740411,101237,56316308,101005,55379120,363,242,0,1599575,1140798,38,697,2696553,6,36686,2,4
2021-12-20,7172,600,2740411,101237,56316308,101005,55379120,363,242,0,1599575,1140798,38,697,2696553,6,36686,2,4
2021-12-21,7078,600,2741013,100342,56416650,100112,55479232,351,251,0,1599926,1141049,38,691,2697244,5,36691,2,3
2021-12-22,6979,599,2741617,101713,56518363,101481,55580713,344,260,0,1600270,1141309,38,695,2697939,8,36699,3,5
