date,hospital_dedicated,hospital_dedicated_govt,hospital_dedicated_pvt,covid19_beds,covid19_bed_occupancy,icu_hdu_beds,n_safe_homes,safe_home_beds,n_ventilators,total_patients_home_isolation,current_patients_home_isolation,released_patients_home_isolation,current_patients_hospital,current_patients_safe_homes
2020-05-05,,15,52.0,,13.04,860,,,271.0,,,,,
2020-06-08,69.0,16,53.0,8785.0,22.03,920,,,392.0,,,,,
2020-06-09,69.0,16,53.0,8785.0,22.96,920,,,392.0,,,,,
2020-06-10,69.0,16,53.0,8785.0,23.16,920,,,392.0,,,,,
2020-06-11,69.0,16,53.0,8785.0,23.92,920,,,392.0,,,,,
2020-06-12,69.0,16,53.0,8785.0,25.09,920,,,392.0,,,,,
2020-06-13,69.0,16,53.0,8785.0,24.82,920,,,392.0,,,,,
2020-06-14,69.0,16,53.0,8785.0,24.54,920,,,392.0,,,,,
2020-06-15,69.0,16,53.0,8785.0,25.28,920,,,392.0,,,,,
2020-06-16,77.0,24,53.0,10105.0,21.93,948,,,395.0,,,,,
2020-06-17,77.0,24,53.0,10105.0,22.25,948,,,395.0,,,,,
2020-06-18,77.0,24,53.0,10313.0,20.25,948,,,395.0,,,,,
2020-06-19,77.0,24,53.0,10327.0,20.45,948,106.0,6908.0,395.0,153826.0,142869.0,153826.0,,241.0
2020-06-20,77.0,24,53.0,10340.0,20.84,948,106.0,6908.0,395.0,160726.0,136582.0,160726.0,,231.0
2020-06-21,77.0,24,53.0,10340.0,20.54,948,106.0,6908.0,395.0,160728.0,137838.0,160728.0,,166.0
2020-06-22,77.0,24,53.0,10340.0,20.95,948,106.0,6908.0,395.0,166297.0,133391.0,166297.0,,198.0
2020-06-23,77.0,24,53.0,10341.0,20.83,948,106.0,6908.0,395.0,178394.0,121294.0,178394.0,,187.0
2020-06-24,78.0,25,53.0,10418.0,20.6,948,106.0,6908.0,395.0,190385.0,110803.0,190385.0,,510.0
2020-06-25,78.0,25,53.0,10425.0,21.03,948,106.0,6908.0,395.0,203937.0,98751.0,203937.0,,495.0
2020-06-26,78.0,25,53.0,10458.0,22.64,948,106.0,6908.0,395.0,214596.0,90771.0,214596.0,,463.0
2020-06-27,78.0,25,53.0,10472.0,21.83,948,106.0,6908.0,395.0,223192.0,84291.0,223192.0,,467.0
2020-06-28,78.0,25,53.0,10474.0,22.05,948,106.0,6908.0,395.0,231293.0,77217.0,231293.0,,455.0
2020-06-29,78.0,25,53.0,10474.0,21.91,948,106.0,6908.0,395.0,239192.0,71466.0,239192.0,,421.0
2020-06-30,78.0,25,53.0,10479.0,22.44,948,106.0,6908.0,395.0,247613.0,65990.0,247613.0,,397.0
2020-07-01,78.0,25,53.0,10479.0,23.11,948,106.0,6908.0,395.0,256374.0,59658.0,256374.0,,377.0
2020-07-02,78.0,25,53.0,10489.0,22.76,948,106.0,6908.0,395.0,263972.0,53903.0,263972.0,,345.0
2020-07-03,79.0,26,53.0,10594.0,23.25,948,106.0,6908.0,395.0,269624.0,51770.0,269624.0,,347.0
2020-07-04,79.0,26,53.0,10600.0,23.82,948,106.0,6908.0,395.0,275630.0,49273.0,275630.0,,338.0
2020-07-05,79.0,26,53.0,10600.0,24.36,948,106.0,6908.0,395.0,287230.0,41349.0,287230.0,,317.0
2020-07-06,79.0,26,53.0,10607.0,25.07,948,106.0,6908.0,395.0,294290.0,41520.0,294290.0,,309.0
2020-07-07,79.0,26,53.0,10607.0,26.56,948,106.0,6908.0,395.0,298810.0,38614.0,298810.0,,311.0
2020-07-08,80.0,26,54.0,10657.0,27.29,948,106.0,6908.0,395.0,304719.0,36824.0,304719.0,,301.0
2020-07-09,80.0,26,54.0,10658.0,27.41,948,106.0,6908.0,395.0,309130.0,34595.0,309130.0,,279.0
2020-07-10,80.0,26,54.0,10830.0,27.02,948,106.0,6908.0,395.0,313719.0,34254.0,313719.0,,257.0
2020-07-11,80.0,26,54.0,10840.0,26.85,948,106.0,6908.0,395.0,319607.0,32460.0,319607.0,,239.0
2020-07-12,80.0,26,54.0,10862.0,27.03,948,106.0,6908.0,395.0,325181.0,30839.0,325181.0,,247.0
2020-07-13,80.0,26,54.0,10862.0,28.48,948,106.0,6908.0,395.0,331395.0,28430.0,331395.0,,277.0
2020-07-14,80.0,26,54.0,10832.0,31.14,948,106.0,6908.0,395.0,335132.0,26201.0,335132.0,,297.0
2020-07-15,80.0,26,54.0,10939.0,31.99,948,106.0,6908.0,395.0,338291.0,24303.0,338291.0,,341.0
2020-07-16,80.0,26,54.0,10992.0,32.85,948,106.0,6908.0,395.0,341139.0,25380.0,341139.0,,349.0
2020-07-17,81.0,27,54.0,11027.0,34.79,948,106.0,6908.0,395.0,342140.0,27410.0,342140.0,,497.0
2020-07-18,81.0,27,54.0,11227.0,34.17,948,106.0,6908.0,395.0,343502.0,29603.0,343502.0,,558.0
2020-07-19,81.0,27,54.0,11179.0,36.76,948,106.0,6908.0,395.0,345621.0,31320.0,345621.0,,608.0
2020-07-20,81.0,27,54.0,11239.0,37.09,948,106.0,6908.0,395.0,347720.0,31329.0,347720.0,,689.0
2020-07-21,81.0,27,54.0,11239.0,37.82,948,106.0,6908.0,395.0,350130.0,32304.0,350130.0,,778.0
2020-07-22,81.0,27,54.0,11239.0,39.55,948,106.0,6908.0,395.0,354139.0,31320.0,354139.0,,838.0
2020-07-23,81.0,27,54.0,11239.0,40.05,948,106.0,6908.0,395.0,356140.0,32140.0,356140.0,,878.0
2020-07-24,81.0,27,54.0,11239.0,40.86,948,106.0,6908.0,395.0,359140.0,31219.0,359140.0,,1078.0
2020-07-25,81.0,27,54.0,11239.0,40.71,948,106.0,6908.0,395.0,362140.0,33184.0,362140.0,,1313.0
2020-07-26,81.0,27,54.0,11239.0,42.32,948,106.0,6908.0,395.0,363721.0,34291.0,363721.0,,1413.0
2020-07-27,83.0,28,55.0,11299.0,42.04,948,106.0,6908.0,395.0,365391.0,34912.0,365391.0,,1403.0
2020-07-28,83.0,28,55.0,11299.0,41.83,948,106.0,6908.0,395.0,368203.0,33628.0,368203.0,,1474.0
2020-07-29,83.0,28,55.0,11299.0,40.11,948,106.0,6908.0,395.0,371291.0,32280.0,371291.0,,1422.0
2020-07-30,83.0,28,55.0,11299.0,40.15,948,106.0,6908.0,395.0,374945.0,31424.0,374945.0,,1474.0
2020-08-01,83.0,28,55.0,11299.0,39.05,948,106.0,6908.0,395.0,379181.0,31229.0,379181.0,,1610.0
2020-08-02,83.0,28,55.0,11552.0,37.88,948,106.0,6908.0,395.0,383458.0,33479.0,383458.0,,1565.0
2020-08-03,83.0,28,55.0,11560.0,39.18,948,106.0,6908.0,395.0,385489.0,32490.0,385489.0,,1711.0
2020-08-06,83.0,28,55.0,11560.0,39.79,948,106.0,6908.0,395.0,391392.0,29340.0,391392.0,,1702.0
2020-08-09,83.0,28,55.0,11560.0,39.08,948,106.0,6908.0,395.0,397139.0,27204.0,397139.0,,1558.0
2020-08-11,83.0,28,55.0,11775.0,37.1,948,109.0,7126.0,715.0,401289.0,27927.0,401289.0,,1608.0
2020-08-12,84.0,29,55.0,11775.0,36.57,948,109.0,7126.0,715.0,402173.0,28838.0,402173.0,,1735.0
2020-08-13,84.0,29,55.0,11775.0,35.8,948,200.0,11507.0,715.0,404788.0,32987.0,404788.0,,1832.0
2020-08-15,84.0,29,55.0,11775.0,36.31,1243,200.0,11507.0,790.0,409384.0,38715.0,409384.0,,1857.0
2020-08-16,84.0,29,55.0,11775.0,36.15,1243,200.0,11507.0,790.0,412385.0,39731.0,412385.0,,1888.0
2020-08-17,84.0,29,55.0,11775.0,36.87,1243,200.0,11507.0,790.0,415294.0,41937.0,415294.0,,1963.0
2020-08-18,84.0,29,55.0,11775.0,36.82,1243,200.0,11507.0,790.0,418439.0,43927.0,418439.0,,1953.0
2020-08-19,85.0,30,55.0,11825.0,38.24,1243,200.0,11507.0,790.0,421739.0,44591.0,421739.0,,1952.0
2020-08-20,86.0,31,55.0,11935.0,36.24,1243,200.0,11507.0,790.0,424390.0,45184.0,424390.0,,1919.0
2020-08-21,86.0,31,55.0,11935.0,35.84,1243,200.0,11507.0,790.0,428628.0,46037.0,428628.0,,1993.0
2020-08-22,87.0,32,55.0,12035.0,36.71,1243,200.0,11507.0,790.0,432017.0,47305.0,432017.0,,1962.0
2020-08-23,87.0,32,55.0,12035.0,36.51,1243,200.0,11507.0,790.0,436185.0,48140.0,436185.0,,1989.0
2020-08-24,87.0,32,55.0,12035.0,35.57,1243,200.0,11507.0,790.0,440938.0,47814.0,440938.0,,1879.0
2020-08-25,87.0,32,55.0,12045.0,35.17,1243,200.0,11507.0,790.0,444152.0,48038.0,444152.0,,1776.0
2020-08-26,87.0,32,55.0,12045.0,35.0,1243,200.0,11507.0,790.0,448028.0,49183.0,448028.0,,1756.0
2020-08-27,87.0,32,55.0,12045.0,34.69,1243,200.0,11507.0,790.0,451773.0,50259.0,451773.0,,1697.0
2020-08-28,87.0,32,55.0,12045.0,33.55,1243,200.0,11507.0,790.0,455294.0,52937.0,455294.0,,1760.0
2020-08-29,87.0,32,55.0,12045.0,33.28,1243,200.0,11507.0,790.0,459294.0,51597.0,459294.0,,1744.0
2020-08-30,87.0,32,55.0,12045.0,32.69,1243,200.0,11507.0,790.0,463901.0,52692.0,463901.0,,1713.0
2020-08-31,87.0,32,55.0,12045.0,32.14,1243,200.0,11507.0,790.0,467017.0,54318.0,467017.0,,1779.0
2020-09-01,87.0,32,55.0,12045.0,33.08,1243,200.0,11507.0,790.0,471365.0,55738.0,471365.0,,1760.0
2020-09-02,87.0,32,55.0,12045.0,32.75,1243,200.0,11507.0,790.0,476813.0,56307.0,476813.0,,1747.0
2020-09-03,90.0,35,55.0,12275.0,32.36,1243,200.0,11507.0,790.0,481283.0,58039.0,481283.0,,1720.0
2020-09-04,90.0,35,55.0,12275.0,32.47,1243,200.0,11507.0,790.0,486937.0,60142.0,486937.0,,1739.0
2020-09-05,91.0,36,55.0,12355.0,33.94,1243,200.0,11507.0,790.0,491374.0,61955.0,491374.0,,1613.0
2020-09-06,91.0,36,55.0,12355.0,33.99,1243,200.0,11507.0,790.0,496284.0,62037.0,496284.0,,1622.0
2020-09-07,91.0,36,55.0,12355.0,33.65,1243,200.0,11507.0,790.0,501382.0,63845.0,501382.0,,1777.0
2020-09-08,92.0,37,55.0,12385.0,33.67,1243,200.0,11507.0,790.0,506526.0,64921.0,506526.0,,1766.0
2020-09-09,92.0,37,55.0,12385.0,32.93,1243,200.0,11507.0,790.0,511392.0,65701.0,511392.0,,1810.0
2020-09-11,92.0,37,55.0,12505.0,32.48,1243,200.0,11507.0,790.0,521732.0,66395.0,521732.0,,1738.0
2020-09-12,92.0,37,55.0,12675.0,32.98,1243,200.0,11507.0,790.0,526937.0,67852.0,526937.0,,1714.0
2020-09-13,92.0,37,55.0,12675.0,32.36,1243,200.0,11507.0,790.0,531258.0,69637.0,531258.0,,1725.0
2020-09-14,92.0,37,55.0,12675.0,32.16,1243,200.0,11507.0,790.0,536613.0,71270.0,536613.0,,1702.0
2020-09-15,92.0,37,55.0,12675.0,32.87,1243,200.0,11507.0,790.0,541628.0,72695.0,541628.0,,1697.0
2020-09-16,92.0,37,55.0,12675.0,33.09,1243,200.0,11507.0,790.0,546735.0,73951.0,546735.0,,1672.0
2020-09-17,92.0,37,55.0,12675.0,33.39,1243,200.0,11507.0,790.0,551731.0,74814.0,551731.0,,1695.0
2020-09-18,92.0,37,55.0,12675.0,33.58,1243,200.0,11507.0,790.0,557136.0,73816.0,557136.0,,1641.0
2020-09-19,92.0,37,55.0,12675.0,33.84,1243,200.0,11507.0,790.0,562921.0,75201.0,562921.0,,1605.0
2020-09-20,92.0,37,55.0,12675.0,33.94,1243,200.0,11507.0,790.0,567203.0,75861.0,567203.0,,1511.0
2020-09-21,92.0,37,55.0,12675.0,33.14,1243,200.0,11507.0,790.0,572813.0,76409.0,572813.0,,1465.0
2020-09-22,92.0,37,55.0,12675.0,33.54,1243,200.0,11507.0,790.0,578639.0,76812.0,578639.0,,1422.0
2020-09-23,92.0,37,55.0,12675.0,33.93,1243,200.0,11507.0,790.0,584195.0,77102.0,584195.0,,1446.0
2020-09-24,92.0,37,55.0,12675.0,34.79,1243,200.0,11507.0,790.0,590514.0,77638.0,590514.0,,1438.0
2020-09-25,92.0,37,55.0,12675.0,35.46,1243,200.0,11507.0,790.0,596381.0,77820.0,596381.0,,1445.0
2020-09-26,92.0,37,55.0,12675.0,35.47,1243,200.0,11507.0,790.0,601927.0,77340.0,601927.0,,1342.0
2020-09-27,92.0,37,55.0,12675.0,36.09,1243,200.0,11507.0,790.0,606728.0,78103.0,606728.0,,1422.0
2020-09-28,92.0,37,55.0,12675.0,35.94,1243,200.0,11507.0,790.0,611937.0,78870.0,611937.0,,1305.0
2020-09-29,92.0,37,55.0,12675.0,35.77,1243,200.0,11507.0,790.0,617403.0,77260.0,617403.0,,1462.0
2020-09-30,92.0,37,55.0,12715.0,35.34,1243,200.0,11507.0,790.0,622936.0,78417.0,622936.0,,1338.0
2020-10-01,92.0,37,55.0,12715.0,35.45,1243,200.0,11507.0,790.0,628307.0,79614.0,628307.0,,1313.0
2020-10-02,92.0,37,55.0,12715.0,37.02,1243,200.0,11507.0,790.0,634825.0,79213.0,634825.0,,1343.0
2020-10-03,92.0,37,55.0,12715.0,37.4,1243,200.0,11507.0,790.0,641364.0,79609.0,641364.0,,1320.0
2020-10-04,92.0,37,55.0,12715.0,37.16,1243,200.0,11507.0,790.0,646827.0,80471.0,646827.0,,1337.0
2020-10-05,92.0,37,55.0,12715.0,37.51,1243,200.0,11507.0,790.0,651827.0,80281.0,651827.0,,1363.0
2020-10-06,92.0,37,55.0,12715.0,38.0,1243,200.0,11507.0,790.0,656728.0,81261.0,656728.0,,1329.0
2020-10-07,92.0,37,55.0,12715.0,37.61,1243,200.0,11507.0,790.0,662317.0,80969.0,662317.0,,1346.0
2020-10-08,92.0,37,55.0,12715.0,38.04,1243,200.0,11507.0,790.0,667894.0,80427.0,667894.0,,1408.0
2020-10-09,92.0,37,55.0,12715.0,37.59,1243,200.0,11507.0,790.0,673279.0,82401.0,673279.0,,1376.0
2020-10-10,92.0,37,55.0,12715.0,36.85,1243,200.0,11507.0,790.0,679520.0,84817.0,679520.0,,1353.0
2020-10-11,92.0,37,55.0,12715.0,37.4,1243,200.0,11507.0,790.0,685742.0,86732.0,685742.0,,1338.0
2020-10-12,92.0,37,55.0,12715.0,35.82,1243,200.0,11507.0,790.0,690831.0,88061.0,690831.0,,1324.0
2020-10-13,92.0,37,55.0,12715.0,37.43,1243,200.0,11507.0,790.0,696831.0,90385.0,696831.0,,1264.0
2020-10-14,92.0,37,55.0,12715.0,36.52,1243,200.0,11507.0,790.0,703829.0,90731.0,703829.0,,1215.0
2020-10-15,92.0,37,55.0,12715.0,37.88,1243,200.0,11507.0,790.0,709408.0,91628.0,709408.0,,1183.0
2020-10-16,92.0,37,55.0,12715.0,37.66,1243,200.0,11507.0,790.0,715851.0,91273.0,715851.0,,1252.0
2020-10-17,93.0,38,55.0,12751.0,37.82,1243,200.0,11507.0,790.0,721806.0,92571.0,721806.0,,1237.0
2020-10-18,93.0,38,55.0,12751.0,37.32,1243,200.0,11507.0,790.0,727204.0,92296.0,727204.0,,1261.0
2020-10-19,93.0,38,55.0,12751.0,37.49,1243,200.0,11507.0,790.0,733802.0,93571.0,733802.0,,1276.0
2020-10-20,93.0,38,55.0,12751.0,37.85,1243,200.0,11507.0,790.0,739061.0,92835.0,739061.0,,1231.0
2020-10-21,93.0,38,55.0,12751.0,37.31,1243,200.0,11507.0,790.0,745083.0,93185.0,745083.0,,1227.0
2020-10-22,93.0,38,55.0,12751.0,37.71,1243,200.0,11507.0,790.0,751871.0,94608.0,751871.0,,1219.0
2020-10-23,93.0,38,55.0,12751.0,37.33,1243,200.0,11507.0,790.0,757692.0,94201.0,757692.0,,1163.0
2020-10-24,93.0,38,55.0,12751.0,37.93,1243,200.0,11507.0,790.0,763028.0,94822.0,763028.0,,1123.0
2020-10-25,93.0,38,55.0,12751.0,36.3,1809,200.0,11507.0,1090.0,769082.0,95394.0,769082.0,,1073.0
2020-10-26,93.0,38,55.0,12751.0,36.83,1809,200.0,11507.0,1090.0,775803.0,95927.0,775803.0,,1012.0
2020-10-27,93.0,38,55.0,12751.0,35.63,1809,200.0,11507.0,1090.0,781083.0,96563.0,781083.0,,1029.0
2020-10-28,94.0,39,55.0,12811.0,35.57,1809,200.0,11507.0,1090.0,787093.0,96743.0,787093.0,,983.0
2020-10-29,94.0,39,55.0,12811.0,34.93,1809,200.0,11507.0,1090.0,792809.0,97613.0,792809.0,,957.0
2020-10-30,94.0,39,55.0,12811.0,34.81,1809,200.0,11507.0,1090.0,798805.0,98173.0,798805.0,,968.0
2020-10-31,94.0,39,55.0,12811.0,34.79,1809,200.0,11507.0,1090.0,804925.0,98736.0,804925.0,,975.0
2020-11-01,94.0,39,55.0,12811.0,35.09,1809,200.0,11507.0,1090.0,810624.0,97842.0,810624.0,,946.0
2020-11-02,96.0,41,55.0,12966.0,34.84,1809,200.0,11507.0,1090.0,816947.0,98092.0,816947.0,,965.0
2020-11-03,96.0,41,55.0,12966.0,32.75,1809,200.0,11507.0,1090.0,822937.0,98614.0,822937.0,,985.0
2020-11-04,96.0,41,55.0,12966.0,33.04,1809,200.0,11507.0,1090.0,828083.0,98271.0,828083.0,,1032.0
2020-11-05,96.0,41,55.0,12966.0,35.19,1809,200.0,11507.0,1090.0,833088.0,97921.0,833088.0,,1041.0
2020-11-06,101.0,41,60.0,13498.0,33.71,1809,200.0,11507.0,1090.0,838213.0,97575.0,838213.0,,1060.0
2020-11-07,101.0,44,57.0,13508.0,34.42,1809,200.0,11507.0,1090.0,843295.0,97223.0,843295.0,,1443.0
2020-11-08,101.0,44,57.0,13508.0,34.59,1809,200.0,11507.0,1090.0,848418.0,96864.0,848418.0,,1410.0
2020-11-09,101.0,44,57.0,13508.0,34.0,1809,200.0,11507.0,1090.0,853444.0,96499.0,853444.0,,1332.0
2020-11-10,101.0,44,57.0,13508.0,33.61,1809,200.0,11507.0,1090.0,858576.0,96158.0,858576.0,,1310.0
2020-11-11,101.0,44,57.0,13508.0,33.61,1809,200.0,11507.0,1090.0,863788.0,95852.0,863788.0,,1310.0
2020-11-12,101.0,44,57.0,13508.0,33.05,1809,200.0,11507.0,1090.0,868953.0,95528.0,868953.0,,1295.0
2020-11-13,101.0,44,57.0,13508.0,32.53,1809,200.0,11507.0,1090.0,874188.0,95160.0,874188.0,,1306.0
2020-11-14,101.0,44,57.0,13508.0,31.19,1809,200.0,11507.0,1090.0,879386.0,94834.0,879386.0,,1227.0
2020-11-15,101.0,44,57.0,13508.0,29.97,1809,200.0,11507.0,1090.0,884609.0,94492.0,884609.0,,1187.0
2020-11-16,101.0,44,57.0,13508.0,30.02,1809,200.0,11507.0,1090.0,889924.0,94136.0,889924.0,,1081.0
2020-11-17,101.0,44,57.0,13508.0,29.15,1809,200.0,11507.0,1090.0,895213.0,93767.0,895213.0,,1037.0
2020-11-18,101.0,44,57.0,13508.0,29.09,1809,200.0,11507.0,1090.0,900476.0,93418.0,900476.0,,1039.0
2020-11-19,101.0,44,57.0,13508.0,28.97,1809,200.0,11507.0,1090.0,905570.0,93044.0,905570.0,,1008.0
2020-11-20,101.0,44,57.0,13508.0,28.48,1809,200.0,11507.0,1090.0,910739.0,92688.0,910739.0,,958.0
2020-11-21,101.0,44,57.0,13508.0,29.3,1809,200.0,11507.0,1090.0,915963.0,92313.0,915963.0,,886.0
2020-11-22,101.0,44,57.0,13508.0,28.89,1809,200.0,11507.0,1090.0,921239.0,91961.0,921239.0,,872.0
2020-11-23,101.0,44,57.0,13508.0,29.47,1809,200.0,11507.0,1090.0,926474.0,91615.0,926474.0,,916.0
2020-11-24,101.0,44,57.0,13508.0,29.18,1809,200.0,11507.0,1090.0,931788.0,91254.0,931788.0,,903.0
2020-11-25,101.0,44,57.0,13534.0,28.18,1809,200.0,11507.0,1090.0,937073.0,90899.0,937073.0,,928.0
2020-11-26,101.0,44,57.0,13534.0,27.98,1809,200.0,11507.0,1090.0,942319.0,90537.0,942319.0,,900.0
2020-11-27,102.0,45,57.0,13534.0,28.15,1809,200.0,11507.0,1090.0,947610.0,90189.0,947610.0,,909.0
2020-11-28,102.0,45,57.0,13538.0,28.06,1809,200.0,11507.0,1090.0,952914.0,89822.0,952914.0,,824.0
2020-11-29,102.0,45,57.0,13538.0,28.14,1809,200.0,11507.0,1090.0,958212.0,89566.0,958212.0,,780.0
2020-11-30,102.0,45,57.0,13538.0,27.91,1809,200.0,11507.0,1090.0,963524.0,89218.0,963524.0,,781.0
2020-12-01,102.0,45,57.0,13538.0,27.28,2523,200.0,11507.0,1279.0,968829.0,88857.0,968829.0,,738.0
2020-12-02,102.0,45,57.0,13538.0,26.55,2523,200.0,11507.0,1279.0,974127.0,88502.0,974127.0,,724.0
2020-12-03,102.0,45,57.0,13538.0,26.05,2523,200.0,11507.0,1279.0,979442.0,88154.0,979442.0,,679.0
2020-12-04,102.0,45,57.0,13538.0,25.58,2523,200.0,11507.0,1279.0,984728.0,87802.0,984728.0,,624.0
2020-12-05,102.0,45,57.0,13538.0,25.27,2523,200.0,11507.0,1279.0,990042.0,87456.0,990042.0,,625.0
2020-12-06,102.0,45,57.0,13538.0,24.88,2523,200.0,11507.0,1279.0,995338.0,87099.0,995338.0,,615.0
2020-12-07,102.0,45,57.0,13588.0,24.31,2523,200.0,11507.0,1279.0,1000642.0,86745.0,1000642.0,,567.0
2020-12-08,102.0,45,57.0,13588.0,23.72,2523,200.0,11507.0,1279.0,1005954.0,86395.0,1005954.0,,537.0
2020-12-09,102.0,45,57.0,13588.0,23.51,2523,200.0,11507.0,1279.0,1011252.0,86033.0,1011252.0,,536.0
2020-12-10,102.0,45,57.0,13588.0,22.88,2523,200.0,11507.0,1279.0,1016563.0,85677.0,1016563.0,,506.0
2020-12-11,102.0,45,57.0,13588.0,22.71,2523,200.0,11507.0,1279.0,1021895.0,85330.0,1021895.0,,486.0
2020-12-12,102.0,45,57.0,13588.0,22.22,2523,200.0,11507.0,1279.0,1027203.0,84970.0,1027203.0,,446.0
2020-12-13,102.0,45,57.0,13588.0,21.6,2523,200.0,11507.0,1279.0,1032525.0,84622.0,1032525.0,,415.0
2020-12-14,102.0,45,57.0,13588.0,20.89,2523,200.0,11507.0,1279.0,1037822.0,84267.0,1037822.0,,382.0
2020-12-15,102.0,45,57.0,13588.0,20.16,2523,200.0,11507.0,1279.0,1043134.0,83911.0,1043134.0,,374.0
2020-12-16,102.0,45,57.0,13588.0,19.49,2523,200.0,11507.0,1279.0,1048418.0,83546.0,1048418.0,,355.0
2020-12-17,102.0,45,57.0,13588.0,18.71,2523,200.0,11507.0,1279.0,1053728.0,83198.0,1053728.0,,319.0
2020-12-18,102.0,45,57.0,13588.0,18.25,2523,200.0,11507.0,1279.0,1059026.0,82837.0,1059026.0,,305.0
2020-12-19,102.0,45,57.0,13588.0,17.56,2523,200.0,11507.0,1279.0,1064340.0,82482.0,1064340.0,,286.0
2020-12-20,102.0,45,57.0,13588.0,16.69,2523,200.0,11507.0,1279.0,1069646.0,82141.0,1069646.0,,256.0
2020-12-21,102.0,45,57.0,13588.0,16.32,2523,200.0,11507.0,1279.0,1074958.0,81791.0,1074958.0,,247.0
2020-12-22,102.0,45,57.0,13588.0,15.86,2523,200.0,11507.0,1279.0,1080266.0,81429.0,1080266.0,,202.0
2020-12-23,102.0,45,57.0,13588.0,15.18,2523,200.0,11507.0,1279.0,1085582.0,81073.0,1085582.0,,196.0
2020-12-24,102.0,45,57.0,13588.0,14.77,2523,200.0,11507.0,1279.0,1090896.0,80726.0,1090896.0,,146.0
2020-12-25,102.0,45,57.0,13588.0,14.32,2523,200.0,11507.0,1279.0,1096195.0,80370.0,1096195.0,,166.0
2020-12-26,102.0,45,57.0,13588.0,13.31,2523,200.0,11507.0,1279.0,1101509.0,80021.0,1101509.0,,144.0
2020-12-27,102.0,45,57.0,13588.0,13.05,2523,200.0,11507.0,1279.0,1106807.0,79663.0,1106807.0,,120.0
2020-12-28,102.0,45,57.0,13588.0,12.87,2523,200.0,11507.0,1279.0,1111218.0,79304.0,1111218.0,,115.0
2020-12-29,102.0,45,57.0,13588.0,12.17,2523,200.0,11507.0,1279.0,1122725.0,78606.0,1122725.0,,101.0
2020-12-30,102.0,45,57.0,13588.0,11.92,2523,200.0,11507.0,1279.0,1128024.0,78259.0,1128024.0,,99.0
2020-12-31,102.0,45,57.0,13588.0,11.52,2523,200.0,11507.0,1279.0,1133336.0,77904.0,1133336.0,,98.0
2021-01-01,102.0,45,57.0,13588.0,10.93,2523,200.0,11507.0,1279.0,1138646.0,77554.0,1138646.0,,97.0
2021-01-02,102.0,45,57.0,13588.0,10.72,2523,200.0,11507.0,1279.0,1143970.0,77199.0,1143970.0,,96.0
2021-01-03,102.0,45,57.0,13588.0,10.26,2523,200.0,11507.0,1279.0,1149518.0,76788.0,1149518.0,,87.0
2021-01-04,102.0,45,57.0,13588.0,10.02,2523,200.0,11507.0,1279.0,1155120.0,76367.0,1155120.0,,76.0
2021-01-05,102.0,45,57.0,13588.0,9.5,2523,200.0,11507.0,1279.0,1160736.0,75949.0,1160736.0,,76.0
2021-01-06,102.0,45,57.0,13588.0,9.32,2523,200.0,11507.0,1279.0,1166362.0,75524.0,1166362.0,,79.0
2021-01-07,102.0,45,57.0,13588.0,9.08,2523,200.0,11507.0,1279.0,1172011.0,75092.0,1172011.0,,74.0
2021-01-08,102.0,45,57.0,13588.0,9.07,2523,200.0,11507.0,1279.0,1177558.0,74663.0,1177558.0,,64.0
2021-01-09,102.0,45,57.0,13588.0,8.82,2523,200.0,11507.0,1279.0,1183198.0,74233.0,1183198.0,,56.0
2021-01-10,102.0,45,57.0,13588.0,8.54,2523,200.0,11507.0,1279.0,1188846.0,73798.0,1188846.0,,65.0
2021-01-11,102.0,45,57.0,12840.0,8.79,2369,200.0,11507.0,1279.0,1194607.0,73348.0,1194607.0,,69.0
2021-01-12,102.0,45,57.0,12840.0,8.72,2369,200.0,11507.0,1279.0,1200355.0,72880.0,1200355.0,,58.0
2021-01-13,102.0,45,57.0,12840.0,8.46,2369,200.0,11507.0,1279.0,1206167.0,72400.0,1206167.0,,60.0
2021-01-14,102.0,45,57.0,12840.0,8.21,2369,200.0,11507.0,1279.0,1212008.0,71914.0,1212008.0,,54.0
2021-01-15,102.0,45,57.0,12840.0,8.2,2369,200.0,11507.0,1279.0,1217863.0,71439.0,1217863.0,,58.0
2021-01-16,102.0,45,57.0,12440.0,7.65,2349,200.0,11507.0,1279.0,1223775.0,70959.0,1223775.0,,53.0
2021-01-17,101.0,44,57.0,12440.0,7.39,2349,200.0,11507.0,1279.0,1229710.0,70468.0,1229710.0,,50.0
2021-01-18,101.0,44,57.0,12440.0,6.99,2319,200.0,11507.0,1279.0,1235697.0,69956.0,1235697.0,,49.0
2021-01-19,101.0,44,57.0,12440.0,6.61,2319,200.0,11507.0,1279.0,1241709.0,69432.0,1241709.0,,22.0
2021-01-20,101.0,44,57.0,12440.0,6.24,2319,200.0,11507.0,1279.0,1247932.0,68903.0,1247932.0,,27.0
2021-01-21,101.0,44,57.0,12440.0,6.03,2319,200.0,11507.0,1279.0,1254257.0,68365.0,1254257.0,,31.0
2021-01-22,101.0,44,57.0,12440.0,5.8,2319,200.0,11507.0,1279.0,1260744.0,67818.0,1260744.0,,32.0
2021-01-23,101.0,44,57.0,12440.0,5.76,2319,200.0,11507.0,1279.0,1267431.0,67249.0,1267431.0,,29.0
2021-01-24,101.0,44,57.0,12440.0,5.59,2319,200.0,11507.0,1279.0,1274220.0,66662.0,1274220.0,,23.0
2021-01-25,73.0,44,29.0,10510.0,6.2,2319,200.0,11507.0,1279.0,1281114.0,66050.0,1281114.0,,27.0
2021-01-26,73.0,44,29.0,10510.0,5.81,2319,200.0,11507.0,1279.0,1288059.0,65391.0,1288059.0,,25.0
2021-01-27,73.0,44,29.0,10510.0,5.56,2319,200.0,11507.0,1279.0,1295064.0,64702.0,1295064.0,,26.0
2021-01-28,73.0,44,29.0,10510.0,5.43,2319,200.0,11507.0,1279.0,1302322.0,63990.0,1302322.0,,24.0
2021-01-29,69.0,44,25.0,8727.0,6.1,2319,200.0,11507.0,1279.0,1309580.0,63521.0,1309580.0,,21.0
2021-01-30,69.0,44,25.0,8727.0,5.83,2319,200.0,11507.0,1279.0,1317267.0,62752.0,1317267.0,,15.0
2021-01-31,69.0,44,25.0,8727.0,5.57,2319,200.0,11507.0,1279.0,1325165.0,61977.0,1325165.0,,12.0
2021-02-01,69.0,44,25.0,8727.0,5.24,2319,200.0,11507.0,1279.0,1333160.0,61612.0,1333160.0,,8.0
2021-02-02,69.0,44,25.0,8727.0,4.81,2319,200.0,11507.0,1279.0,1341272.0,60400.0,1341272.0,,5.0
2021-02-03,69.0,44,25.0,8727.0,4.69,2319,200.0,11507.0,1279.0,1349497.0,59560.0,1349497.0,,7.0
2021-02-04,69.0,44,25.0,8727.0,4.42,2319,200.0,11507.0,1279.0,1357831.0,58705.0,1357831.0,,7.0
2021-02-05,69.0,44,25.0,8727.0,4.18,2319,200.0,11507.0,1279.0,1366515.0,57825.0,1366515.0,,9.0
2021-02-06,65.0,44,21.0,8727.0,4.07,2319,200.0,11507.0,1279.0,1375227.0,56900.0,1375227.0,,7.0
2021-02-07,65.0,44,21.0,8727.0,3.84,2319,200.0,11507.0,1279.0,1384086.0,55876.0,1384086.0,,5.0
2021-02-08,65.0,44,21.0,8727.0,3.56,2319,200.0,11507.0,1279.0,1393151.0,54731.0,1393151.0,,5.0
2021-02-09,65.0,44,21.0,8727.0,3.35,2319,200.0,11507.0,1279.0,1404196.0,53503.0,1404196.0,,5.0
2021-02-10,65.0,44,21.0,8727.0,3.27,2319,200.0,11507.0,1279.0,1416667.0,52068.0,1416667.0,,5.0
2021-02-11,65.0,44,21.0,8727.0,3.17,2319,200.0,11507.0,1279.0,1430332.0,50383.0,1430332.0,,5.0
2021-02-12,65.0,44,21.0,8727.0,3.16,2319,200.0,11507.0,1279.0,1445217.0,48585.0,1445217.0,,5.0
2021-02-13,65.0,44,21.0,8727.0,3.21,2319,200.0,11507.0,1279.0,1461104.0,46588.0,1461104.0,,5.0
2021-02-14,65.0,44,21.0,8727.0,3.13,2319,200.0,11507.0,1279.0,1478546.0,44530.0,1478546.0,,4.0
2021-02-15,65.0,44,21.0,8727.0,3.05,2319,200.0,11507.0,1279.0,1497042.0,42385.0,1497042.0,,4.0
2021-02-16,65.0,44,21.0,8727.0,2.9,2319,200.0,11507.0,1279.0,1517386.0,40031.0,1517386.0,,4.0
2021-02-17,65.0,44,21.0,8727.0,2.8,2319,200.0,11507.0,1279.0,1538540.0,37475.0,1538540.0,,4.0
2021-02-18,65.0,44,21.0,8727.0,2.69,2319,200.0,11507.0,1279.0,1561414.0,34700.0,1561414.0,,4.0
2021-02-19,65.0,44,21.0,8727.0,2.76,1759,200.0,11507.0,623.0,1585901.0,31703.0,1585901.0,,2.0
2021-02-20,65.0,44,21.0,8727.0,2.6,1759,200.0,11507.0,623.0,1611479.0,28549.0,1611479.0,,2.0
2021-02-21,65.0,44,21.0,8727.0,2.45,1759,200.0,11507.0,623.0,1637591.0,25399.0,1637591.0,,2.0
2021-02-22,65.0,44,21.0,8727.0,2.48,1759,200.0,11507.0,623.0,1664706.0,22299.0,1664706.0,,2.0
2021-02-23,65.0,44,21.0,8727.0,2.36,1759,200.0,11507.0,623.0,1692039.0,19287.0,1692039.0,,2.0
2021-02-24,60.0,44,16.0,6736.0,3.15,1619,200.0,11507.0,623.0,1719551.0,17030.0,1719551.0,,2.0
2021-02-25,60.0,44,16.0,6736.0,3.16,1619,200.0,11507.0,595.0,1775391.0,15762.0,1775391.0,,2.0
2021-02-26,60.0,44,16.0,6736.0,3.31,1619,200.0,11507.0,595.0,1864332.0,14202.0,1864332.0,,0.0
2021-02-27,60.0,44,16.0,6736.0,3.1,1619,200.0,11507.0,595.0,1945443.0,12298.0,1945443.0,,0.0
2021-02-28,60.0,44,16.0,6736.0,3.15,1619,200.0,11507.0,595.0,2135668.0,11367.0,2135668.0,,0.0
2021-03-01,60.0,44,16.0,6736.0,3.25,1619,200.0,11507.0,595.0,2334678.0,10123.0,2334678.0,,0.0
2021-03-02,60.0,44,16.0,6736.0,3.16,1619,200.0,11507.0,595.0,2557678.0,9876.0,2557678.0,,0.0
2021-03-03,58.0,43,15.0,6736.0,3.22,1619,200.0,11507.0,595.0,2557680.0,9991.0,2557680.0,,0.0
2021-03-04,58.0,43,15.0,6736.0,3.25,1619,200.0,11507.0,595.0,2557682.0,9991.0,2557682.0,,0.0
2021-03-05,58.0,43,15.0,6736.0,3.27,1619,200.0,11507.0,595.0,2557685.0,9993.0,2557685.0,,0.0
2021-03-06,58.0,43,15.0,6736.0,3.47,1619,200.0,11507.0,595.0,2557700.0,9980.0,2557700.0,,0.0
2021-03-07,58.0,43,15.0,6736.0,3.61,1619,200.0,11507.0,595.0,2557725.0,9960.0,2557725.0,,0.0
2021-03-08,58.0,43,15.0,6736.0,3.7,1619,200.0,11507.0,595.0,2557759.0,9946.0,2557759.0,,0.0
2021-03-09,58.0,43,15.0,6736.0,3.41,1619,200.0,11507.0,595.0,2557789.0,9926.0,2557789.0,,0.0
2021-03-10,58.0,43,15.0,6736.0,3.46,1619,200.0,11507.0,595.0,2557800.0,9920.0,2557800.0,,0.0
2021-03-11,58.0,43,15.0,6736.0,3.34,1619,200.0,11507.0,595.0,2557824.0,9904.0,2557824.0,,0.0
2021-03-12,58.0,43,15.0,6736.0,3.27,1619,200.0,11507.0,595.0,2557838.0,9892.0,2557838.0,,0.0
2021-03-13,58.0,43,15.0,6736.0,3.46,1619,200.0,11507.0,595.0,2557859.0,9880.0,2557859.0,,3.0
2021-03-14,58.0,43,15.0,6736.0,3.5,1619,200.0,11507.0,595.0,2557913.0,9845.0,2557913.0,,3.0
2021-03-15,45.0,34,11.0,5589.0,4.29,1352,200.0,11507.0,529.0,2557983.0,9820.0,2557983.0,,3.0
2021-03-16,45.0,34,11.0,5589.0,4.1,1352,200.0,11507.0,520.0,2558034.0,9800.0,2558034.0,,3.0
2021-03-17,45.0,34,11.0,5589.0,4.44,1352,200.0,11507.0,520.0,2558119.0,9752.0,2558119.0,,3.0
2021-03-18,45.0,34,11.0,5589.0,4.6,1352,200.0,11507.0,520.0,2558179.0,9732.0,2558179.0,,3.0
2021-03-19,45.0,34,11.0,5589.0,4.62,1352,200.0,11507.0,520.0,2558228.0,9709.0,2558228.0,,3.0
2021-03-20,45.0,34,11.0,5589.0,4.92,1352,200.0,11507.0,520.0,2558284.0,9680.0,2558284.0,,0.0
2021-03-21,46.0,35,11.0,5604.0,4.84,1357,200.0,11507.0,525.0,2558345.0,9656.0,2558345.0,,0.0
2021-03-22,46.0,35,11.0,5604.0,5.21,1357,200.0,11507.0,525.0,2558395.0,9628.0,2558395.0,,0.0
2021-03-23,46.0,35,11.0,5604.0,5.64,1357,200.0,11507.0,525.0,2558436.0,9599.0,2558436.0,,0.0
2021-03-24,46.0,35,11.0,5604.0,6.0,1357,200.0,11507.0,525.0,2558483.0,9572.0,2558483.0,,0.0
2021-03-25,46.0,35,11.0,5604.0,6.3,1357,200.0,11507.0,525.0,2558529.0,9552.0,2558529.0,,0.0
2021-03-26,46.0,35,11.0,5604.0,6.85,1357,200.0,11507.0,525.0,2558559.0,9532.0,2558559.0,,0.0
2021-03-27,46.0,35,11.0,5604.0,7.23,1357,200.0,11507.0,525.0,2558602.0,9512.0,2558602.0,,0.0
2021-03-28,46.0,35,11.0,5604.0,7.48,1357,200.0,11507.0,525.0,2558639.0,9490.0,2558639.0,,0.0
2021-03-29,46.0,35,11.0,5604.0,7.82,1357,200.0,11507.0,525.0,2558680.0,9479.0,2558680.0,,0.0
2021-03-30,46.0,35,11.0,5604.0,7.91,1357,200.0,11507.0,525.0,2558709.0,9465.0,2558709.0,,1.0
2021-03-31,46.0,35,11.0,5604.0,8.58,1357,200.0,11507.0,525.0,2558748.0,9455.0,2558748.0,,1.0
2021-04-01,46.0,35,11.0,5604.0,9.96,1357,200.0,11507.0,525.0,2558767.0,9446.0,2558767.0,,1.0
2021-04-02,46.0,35,11.0,5604.0,11.33,1357,200.0,11507.0,525.0,2558770.0,9453.0,2558770.0,,1.0
2021-04-03,46.0,35,11.0,5604.0,12.71,1357,200.0,11507.0,525.0,2558772.0,9460.0,2558772.0,,1.0
2021-04-04,46.0,35,11.0,5604.0,15.19,1357,200.0,11507.0,525.0,2558779.0,9466.0,2558779.0,,2.0
2021-04-05,46.0,35,11.0,5604.0,16.74,1357,200.0,11507.0,525.0,2558790.0,9474.0,2558790.0,,3.0
2021-04-06,46.0,35,11.0,5604.0,18.95,1357,200.0,11507.0,525.0,2558802.0,9482.0,2558802.0,,2.0
2021-04-07,46.0,35,11.0,5604.0,22.32,1357,200.0,11507.0,525.0,2558812.0,9511.0,2558812.0,,6.0
2021-04-08,46.0,35,11.0,5604.0,26.25,1357,200.0,11507.0,525.0,2558824.0,9536.0,2558824.0,,10.0
2021-04-09,46.0,35,11.0,5604.0,30.0,1357,200.0,11507.0,525.0,2558830.0,9563.0,2558830.0,,17.0
2021-04-10,46.0,35,11.0,5604.0,32.92,1357,200.0,11507.0,525.0,2558849.0,9594.0,2558849.0,,19.0
2021-04-11,46.0,35,11.0,5604.0,34.94,1357,200.0,11507.0,525.0,2558862.0,9631.0,2558862.0,,23.0
2021-04-12,56.0,45,11.0,7428.0,28.15,1796,200.0,11507.0,525.0,2558865.0,9680.0,2558865.0,,26.0
2021-04-13,56.0,45,11.0,7428.0,31.09,1796,200.0,11507.0,525.0,2558870.0,9739.0,2558870.0,,25.0
2021-04-14,56.0,45,11.0,7428.0,32.15,1796,200.0,11507.0,525.0,2558876.0,9786.0,2558876.0,,25.0
2021-04-15,56.0,45,11.0,7428.0,34.29,1796,200.0,11507.0,525.0,2558882.0,9839.0,2558882.0,,46.0
2021-04-16,56.0,45,11.0,7428.0,36.51,1796,200.0,11507.0,525.0,2558889.0,9894.0,2558889.0,,70.0
2021-04-17,61.0,49,12.0,7676.0,39.59,1796,200.0,11507.0,525.0,2558900.0,9952.0,2558900.0,,83.0
2021-04-18,61.0,49,12.0,7676.0,42.57,1796,200.0,11507.0,525.0,2558914.0,9995.0,2558914.0,,100.0
2021-04-19,62.0,50,12.0,7776.0,44.74,1838,200.0,11507.0,528.0,2558926.0,10032.0,2558926.0,,155.0
2021-04-20,62.0,50,12.0,7776.0,48.37,1838,200.0,11507.0,528.0,2558932.0,10085.0,2558932.0,,227.0
2021-04-21,70.0,55,15.0,8194.0,47.18,1838,200.0,11507.0,1283.0,2558940.0,10139.0,2558940.0,,333.0
2021-04-22,70.0,55,15.0,8194.0,49.73,1838,200.0,11507.0,1283.0,2558953.0,10185.0,2558953.0,,479.0
2021-04-23,70.0,55,15.0,9220.0,46.5,1838,200.0,11507.0,1283.0,2558971.0,13989.0,2558971.0,,764.0
2021-04-24,87.0,70,17.0,9646.0,46.9,1838,200.0,11507.0,1283.0,2559065.0,17796.0,2559065.0,,789.0
2021-04-25,87.0,70,17.0,9646.0,48.54,1838,200.0,11507.0,1283.0,2559126.0,21693.0,2559126.0,,938.0
2021-04-26,140.0,105,35.0,12352.0,39.18,1838,200.0,11507.0,1283.0,2559150.0,24967.0,2559150.0,,972.0
2021-04-27,140.0,105,35.0,12352.0,42.94,1838,200.0,11507.0,1283.0,2559208.0,28002.0,2559208.0,,1045.0
2021-04-28,140.0,105,35.0,12352.0,45.14,1838,200.0,11507.0,1283.0,2559265.0,31146.0,2559265.0,,1118.0
2021-04-29,140.0,105,35.0,12352.0,46.19,1838,200.0,11507.0,1283.0,2559325.0,34653.0,2559325.0,,1241.0
2021-04-30,140.0,105,35.0,13227.0,45.48,1838,200.0,11507.0,1283.0,2559375.0,38307.0,2559375.0,,1273.0
2021-05-01,140.0,105,35.0,13227.0,46.54,1838,200.0,11507.0,1283.0,2559460.0,42117.0,2559460.0,,1397.0
2021-05-02,175.0,140,35.0,15483.0,40.77,1838,200.0,11507.0,1283.0,2559515.0,45942.0,2559515.0,,1580.0
2021-05-03,175.0,140,35.0,15483.0,44.11,1838,200.0,11507.0,1283.0,2559579.0,49716.0,2559579.0,,1651.0
2021-05-04,175.0,140,35.0,16010.0,41.2,1838,200.0,11507.0,1283.0,2559695.0,52218.0,2559695.0,,1617.0
2021-05-05,176.0,141,35.0,16414.0,41.38,1838,200.0,11507.0,1283.0,2559770.0,55156.0,2559770.0,,1674.0
2021-05-06,176.0,141,35.0,16939.0,41.17,1838,200.0,11507.0,1283.0,2559869.0,58375.0,2559869.0,,1806.0
2021-05-07,176.0,141,35.0,17009.0,42.79,1838,200.0,11507.0,1283.0,2559957.0,61680.0,2559957.0,,1947.0
2021-05-08,182.0,141,41.0,17200.0,42.74,2542,200.0,11507.0,1283.0,2560066.0,65266.0,2560066.0,,2069.0
2021-05-09,182.0,141,41.0,17200.0,44.68,2542,200.0,11507.0,1283.0,2560203.0,68046.0,2560203.0,,2134.0
2021-05-10,182.0,141,41.0,18602.0,41.74,2711,200.0,11507.0,1298.0,2560328.0,70731.0,2560328.0,,2347.0
2021-05-11,182.0,141,41.0,18629.0,41.96,2711,200.0,11507.0,1298.0,2560485.0,73429.0,2560485.0,,2329.0
2021-05-12,224.0,183,41.0,19458.0,40.68,2711,200.0,11507.0,1298.0,2560627.0,76033.0,2560627.0,,2454.0
2021-05-13,224.0,183,41.0,20043.0,40.32,2711,200.0,11507.0,1298.0,2560775.0,78880.0,2560775.0,,2560.0
2021-05-14,224.0,183,41.0,20043.0,40.47,2711,200.0,11507.0,1298.0,2560932.0,80184.0,2560932.0,,2584.0
2021-05-15,224.0,183,41.0,20043.0,41.08,2711,200.0,11507.0,1298.0,2561161.0,82171.0,2561161.0,,2672.0
2021-05-16,224.0,183,41.0,20093.0,41.42,2711,200.0,11507.0,1298.0,2561370.0,84178.0,2561370.0,,2613.0
2021-05-17,224.0,183,41.0,20093.0,41.53,2711,200.0,11507.0,1298.0,2561666.0,85865.0,2561666.0,,2554.0
2021-05-18,224.0,183,41.0,20134.0,41.21,2711,200.0,11507.0,1298.0,2562028.0,86892.0,2562028.0,,2498.0
2021-05-19,224.0,183,41.0,20394.0,40.34,2711,200.0,11507.0,1298.0,2562373.0,87908.0,2562373.0,,2583.0
2021-05-20,224.0,183,41.0,21281.0,38.49,2711,200.0,11507.0,1298.0,2562800.0,88915.0,2562800.0,,2590.0
2021-05-21,228.0,187,41.0,21696.0,37.66,2711,200.0,11507.0,1298.0,2563264.0,89924.0,2563264.0,,2669.0
2021-05-22,228.0,187,41.0,21936.0,37.58,2711,200.0,11507.0,1298.0,2563808.0,90928.0,2563808.0,,2535.0
2021-05-23,228.0,187,41.0,21936.0,37.81,2711,200.0,11507.0,1298.0,2564334.0,91932.0,2564334.0,,2591.0
2021-05-24,228.0,187,41.0,22253.0,37.15,2711,200.0,11507.0,1298.0,2564688.0,93104.0,2564688.0,,2683.0
2021-05-25,228.0,187,41.0,22303.0,36.23,2711,200.0,11507.0,1298.0,2565242.0,94108.0,2565242.0,,2641.0
2021-05-26,232.0,191,41.0,22962.0,34.1,2711,200.0,11507.0,1298.0,2565996.0,94988.0,2565996.0,,2625.0
2021-05-27,232.0,191,41.0,22962.0,34.62,3384,200.0,11507.0,1298.0,2566882.0,95590.0,2566882.0,,2632.0
2021-05-28,232.0,191,41.0,22962.0,32.86,3384,200.0,11507.0,1298.0,2568557.0,96012.0,2568557.0,,2479.0
2021-05-29,232.0,191,41.0,23737.0,30.99,3384,200.0,11507.0,1298.0,2570068.0,96354.0,2570068.0,,2373.0
2021-05-30,232.0,191,41.0,23737.0,30.3,3384,200.0,11507.0,1298.0,2571559.0,96662.0,2571559.0,,2272.0
2021-05-31,232.0,191,41.0,23737.0,29.29,3384,200.0,11507.0,1298.0,2573154.0,96949.0,2573154.0,,2158.0
2021-06-01,234.0,193,41.0,24695.0,27.01,3522,200.0,11507.0,1298.0,2574898.0,97200.0,2574898.0,,2042.0
2021-06-02,234.0,193,41.0,24695.0,26.44,3522,200.0,11507.0,1298.0,2576885.0,97401.0,2576885.0,,2205.0
2021-06-03,234.0,193,41.0,24695.0,25.71,3522,200.0,11507.0,1298.0,2578932.0,97605.0,2578932.0,,2190.0
2021-06-04,234.0,193,41.0,24695.0,24.95,3522,200.0,11507.0,1298.0,2581060.0,97805.0,2581060.0,,2201.0
2021-06-05,235.0,194,41.0,24721.0,23.88,3533,200.0,11507.0,1298.0,2583568.0,97985.0,2583568.0,,2221.0
2021-06-06,235.0,194,41.0,24721.0,23.28,3533,200.0,11507.0,1298.0,2586366.0,98155.0,2586366.0,,2209.0
2021-06-07,235.0,194,41.0,24721.0,22.55,3533,200.0,11507.0,1298.0,2589663.0,98320.0,2589663.0,,2176.0
2021-06-08,235.0,194,41.0,24721.0,21.49,3533,200.0,11507.0,1298.0,2593647.0,98462.0,2593647.0,,2046.0
2021-06-09,235.0,194,41.0,24721.0,20.24,3566,200.0,11507.0,1298.0,2597870.0,98592.0,2597870.0,,1903.0
2021-06-10,235.0,194,41.0,24721.0,19.33,3566,200.0,11507.0,1298.0,,6267.0,,,1651.0
2021-06-11,235.0,194,41.0,24721.0,18.35,3566,200.0,11507.0,1298.0,,6861.0,,,1808.0
2021-06-12,235.0,194,41.0,24721.0,17.71,3566,200.0,11507.0,1298.0,,8429.0,,,1631.0
2021-06-13,235.0,194,41.0,24721.0,16.82,3566,200.0,11507.0,1298.0,,10378.0,,,1617.0
2021-06-14,235.0,194,41.0,24796.0,16.03,3612,200.0,11507.0,1298.0,,11921.0,,,1382.0
2021-06-15,235.0,194,41.0,24796.0,15.12,3612,200.0,11507.0,1298.0,,13610.0,,,1289.0
2021-06-16,235.0,194,41.0,24796.0,14.36,3612,200.0,11507.0,1298.0,,14984.0,,,1302.0
2021-06-17,235.0,194,41.0,24796.0,13.29,3612,200.0,11507.0,1298.0,,16324.0,,,1239.0
2021-06-18,235.0,194,41.0,24796.0,12.56,3612,200.0,11507.0,1298.0,,17322.0,,,1102.0
2021-06-19,235.0,194,41.0,24796.0,11.92,3612,200.0,11507.0,1298.0,,17942.0,,,1059.0
2021-06-20,235.0,194,41.0,24796.0,11.13,3612,200.0,11507.0,1298.0,,18236.0,,,1026.0
2021-06-21,235.0,194,41.0,24796.0,10.5,3612,200.0,11507.0,1298.0,,18171.0,,,995.0
2021-06-22,235.0,194,41.0,24796.0,9.67,3612,200.0,11507.0,1298.0,,18266.0,,,941.0
2021-06-23,235.0,194,41.0,24796.0,9.04,3612,200.0,11507.0,1298.0,,18360.0,,,910.0
2021-06-24,235.0,194,41.0,24796.0,8.39,3612,200.0,11507.0,1298.0,,18505.0,,,880.0
2021-06-25,209.0,196,13.0,24348.0,8.36,3066,200.0,11507.0,,,18523.0,,2856.0,852.0
2021-06-26,209.0,196,13.0,24348.0,8.21,3066,200.0,11507.0,,,18466.0,,2792.0,841.0
2021-06-27,209.0,196,13.0,24348.0,7.75,3066,200.0,11507.0,,,18507.0,,2656.0,721.0
2021-06-28,203.0,196,7.0,23947.0,7.9,2861,200.0,11507.0,,,18291.0,,2603.0,686.0
2021-06-29,203.0,196,7.0,23947.0,7.62,2861,200.0,11507.0,,,17880.0,,2512.0,724.0
2021-06-30,203.0,196,7.0,23947.0,7.4,2861,200.0,11507.0,,,17390.0,,2440.0,755.0
2021-07-01,203.0,196,7.0,23947.0,7.24,2861,200.0,11507.0,,,17024.0,,2373.0,773.0
2021-07-02,203.0,196,7.0,23947.0,7.23,2861,200.0,11507.0,,,16617.0,,2360.0,752.0
2021-07-03,203.0,196,7.0,23947.0,7.05,2861,200.0,11507.0,,,16276.0,,2297.0,707.0
2021-07-04,203.0,196,7.0,23947.0,6.96,2861,200.0,11507.0,,,15824.0,,2262.0,694.0
2021-07-05,203.0,196,7.0,23947.0,6.79,2861,200.0,11507.0,,,15055.0,,2222.0,673.0
2021-07-06,203.0,196,7.0,23947.0,6.54,2861,200.0,11507.0,,,14478.0,,2139.0,658.0
2021-07-07,203.0,196,7.0,23947.0,6.47,2861,200.0,11507.0,,,13846.0,,2114.0,695.0
2021-07-08,203.0,196,7.0,23947.0,6.38,2861,200.0,11507.0,,,13383.0,,2087.0,673.0
2021-07-09,203.0,196,7.0,23947.0,6.11,2861,200.0,11507.0,,,13045.0,,2013.0,632.0
2021-07-10,203.0,196,7.0,23947.0,5.47,2861,200.0,11507.0,,,12791.0,,1871.0,642.0
2021-07-11,203.0,196,7.0,23947.0,5.8,2861,200.0,11507.0,,,12320.0,,1947.0,634.0
2021-07-12,203.0,196,7.0,23947.0,5.63,2861,200.0,11507.0,,,12014.0,,1911.0,606.0
2021-07-13,203.0,196,7.0,23947.0,5.42,2861,200.0,11507.0,,,11745.0,,1840.0,606.0
2021-07-14,203.0,196,7.0,23947.0,5.25,2861,200.0,11507.0,,,11494.0,,1745.0,608.0
2021-07-15,203.0,196,7.0,23947.0,5.04,2861,200.0,11507.0,,,11383.0,,1667.0,587.0
2021-07-16,203.0,196,7.0,23947.0,4.93,2861,200.0,11507.0,,,11256.0,,1651.0,577.0
2021-07-17,203.0,196,7.0,23947.0,4.29,2861,200.0,11507.0,,,11280.0,,1497.0,556.0
2021-07-18,203.0,196,7.0,23947.0,4.46,2861,200.0,11507.0,,,11036.0,,1537.0,538.0
2021-07-19,203.0,196,7.0,23947.0,4.06,2861,200.0,11507.0,,,10868.0,,1427.0,464.0
2021-07-20,203.0,196,7.0,23947.0,4.41,2861,200.0,11507.0,,,10554.0,,1489.0,466.0
2021-07-21,203.0,196,7.0,23947.0,5.48,2861,200.0,11507.0,,,10186.0,,1753.0,452.0
2021-07-22,203.0,196,7.0,23947.0,4.28,2861,200.0,11507.0,,,10321.0,,1449.0,435.0
2021-07-23,203.0,196,7.0,23947.0,4.18,2861,200.0,11507.0,,,10209.0,,1439.0,441.0
2021-07-24,203.0,196,7.0,23947.0,3.59,2861,200.0,11507.0,,,10179.0,,1290.0,422.0
2021-07-25,203.0,196,7.0,23947.0,3.88,2861,200.0,11507.0,,,10012.0,,1357.0,427.0
2021-07-26,203.0,196,7.0,23947.0,4.11,2861,200.0,11507.0,,,9697.0,,1438.0,431.0
2021-07-27,203.0,196,7.0,23947.0,4.07,2861,200.0,11507.0,,,9534.0,,1427.0,419.0
2021-07-28,203.0,196,7.0,23947.0,3.99,2861,200.0,11507.0,,,9544.0,,1393.0,433.0
2021-07-29,203.0,196,7.0,23947.0,3.98,2861,200.0,11507.0,,,9486.0,,1383.0,431.0
2021-07-30,203.0,196,7.0,23947.0,3.97,2861,200.0,11507.0,,,9366.0,,1374.0,431.0
2021-08-01,203.0,196,7.0,23947.0,4.0,2861,200.0,11507.0,,,9240.0,,1339.0,395.0
2021-08-02,203.0,196,7.0,23947.0,3.83,2861,200.0,11507.0,,,9146.0,,1278.0,379.0
2021-08-03,203.0,196,7.0,23947.0,3.76,2861,200.0,11507.0,,,9157.0,,1244.0,366.0
2021-08-04,203.0,196,7.0,23947.0,3.56,2861,200.0,11507.0,,,9192.0,,1178.0,375.0
2021-08-05,203.0,196,7.0,23947.0,3.81,2861,200.0,11507.0,,,9134.0,,1237.0,350.0
2021-08-06,203.0,196,7.0,23947.0,3.85,2861,200.0,11507.0,,,9108.0,,1232.0,302.0
2021-08-07,203.0,196,7.0,23947.0,3.66,2861,200.0,11507.0,,,9090.0,,1181.0,314.0
2021-08-08,203.0,196,7.0,23947.0,3.42,2861,200.0,11507.0,,,9051.0,,1116.0,318.0
2021-08-09,203.0,196,7.0,23947.0,3.95,2861,200.0,11507.0,,,8766.0,,1237.0,309.0
2021-08-10,203.0,196,7.0,23947.0,3.8,2861,200.0,11507.0,,,8724.0,,1192.0,299.0
2021-08-11,203.0,196,7.0,23947.0,3.79,2861,200.0,11507.0,,,8669.0,,1200.0,294.0
2021-08-12,203.0,196,7.0,23947.0,3.78,2861,200.0,11507.0,,,8653.0,,1180.0,294.0
2021-08-13,203.0,196,7.0,23947.0,3.67,2861,200.0,11507.0,,,8655.0,,1154.0,300.0
2021-08-14,203.0,196,7.0,23947.0,3.62,2861,200.0,11507.0,,,8637.0,,1143.0,298.0
2021-08-15,,196,,23947.0,,2861,200.0,11507.0,,,8666.0,,1072.0,292.0
2021-08-16,203.0,196,7.0,23947.0,3.58,2861,200.0,11507.0,,,8434.0,,1121.0,277.0
2021-08-17,203.0,196,7.0,23947.0,3.38,2861,200.0,11507.0,,,8389.0,,1070.0,277.0
2021-08-18,203.0,196,7.0,23947.0,3.58,2861,200.0,11507.0,,,8316.0,,1116.0,283.0
2021-08-19,,196,,23947.0,,2861,200.0,11507.0,,,8371.0,,1031.0,251.0
2021-08-20,203.0,196,7.0,23947.0,3.07,2861,200.0,11507.0,,,8424.0,,966.0,245.0
2021-08-21,203.0,196,7.0,23947.0,3.03,2861,200.0,11507.0,,,8388.0,,967.0,239.0
2021-08-22,,196,,23947.0,,2861,200.0,11507.0,,,8216.0,,1011.0,234.0
2021-08-23,203.0,196,7.0,23947.0,3.18,2861,200.0,11507.0,,,8083.0,,1010.0,243.0
2021-08-24,203.0,196,7.0,23947.0,2.99,2861,200.0,11507.0,,,8005.0,,961.0,251.0
2021-08-25,203.0,196,7.0,23947.0,3.05,2861,200.0,11507.0,,,7971.0,,973.0,241.0
2021-08-27,203.0,196,7.0,23947.0,3.28,2861,200.0,11507.0,,,7878.0,,1030.0,235.0
2021-08-28,203.0,196,7.0,23947.0,3.02,2861,200.0,11507.0,,,7894.0,,975.0,240.0
2021-08-29,203.0,196,7.0,23947.0,3.05,2861,200.0,11507.0,,,7841.0,,986.0,243.0
2021-08-30,203.0,196,7.0,23947.0,3.07,2861,200.0,11507.0,,,7701.0,,985.0,236.0
2021-08-31,203.0,196,7.0,23947.0,3.09,2861,200.0,11507.0,,,7575.0,,1005.0,235.0
2021-09-01,203.0,196,7.0,23947.0,3.22,2861,200.0,11507.0,,,7516.0,,1049.0,236.0
2021-09-02,203.0,196,7.0,23947.0,3.1,2861,200.0,11507.0,,,7473.0,,1023.0,238.0
2021-09-03,203.0,196,7.0,23947.0,3.24,2861,200.0,11507.0,,,7392.0,,1066.0,236.0
2021-09-04,203.0,196,7.0,23947.0,3.19,2861,200.0,11507.0,,,7398.0,,1047.0,234.0
2021-09-05,,196,,23947.0,,2861,200.0,11507.0,,,7370.0,,1029.0,253.0
2021-09-06,203.0,196,7.0,23947.0,3.43,2861,200.0,11507.0,,,7152.0,,1097.0,231.0
2021-09-07,203.0,196,7.0,23947.0,3.21,2861,200.0,11507.0,,,7110.0,,1042.0,235.0
2021-09-08,203.0,196,7.0,23947.0,3.36,2861,200.0,11507.0,,,6965.0,,1091.0,232.0
2021-09-09,203.0,196,7.0,23947.0,3.25,2861,200.0,11507.0,,,6941.0,,1069.0,236.0
2021-09-10,203.0,196,7.0,23947.0,3.24,2861,200.0,11507.0,,,6904.0,,1069.0,246.0
2021-09-11,203.0,196,7.0,23947.0,3.08,2861,200.0,11507.0,,,6936.0,,1020.0,247.0
2021-09-12,,196,,23947.0,,2861,200.0,11507.0,,,6860.0,,1079.0,248.0
2021-09-13,203.0,196,7.0,23947.0,3.36,2861,200.0,11507.0,,,6755.0,,1091.0,250.0
2021-09-14,203.0,196,7.0,23947.0,3.43,2861,200.0,11507.0,,,6707.0,,1118.0,249.0
2021-09-15,203.0,196,7.0,23947.0,3.32,2861,200.0,11507.0,,,6679.0,,1121.0,250.0
2021-09-16,203.0,196,7.0,23947.0,3.31,2861,200.0,11507.0,,,6649.0,,1119.0,257.0
2021-09-17,,196,,23947.0,,2861,200.0,11507.0,,,6668.0,,1082.0,258.0
2021-09-18,203.0,196,7.0,23947.0,3.12,2861,200.0,11507.0,,,6667.0,,1056.0,244.0
2021-09-19,,196,,23947.0,,2861,200.0,11507.0,,,6571.0,,1091.0,244.0
2021-09-20,,196,,23947.0,,2861,200.0,11507.0,,,6402.0,,1170.0,238.0
2021-09-21,203.0,196,7.0,23947.0,3.47,2861,200.0,11507.0,,,6384.0,,1131.0,226.0
2021-09-22,,196,,23947.0,,2861,200.0,11507.0,,,6364.0,,1133.0,227.0
2021-09-23,203.0,196,7.0,23947.0,3.59,2861,200.0,11507.0,,,6315.0,,1160.0,229.0
2021-09-24,203.0,196,7.0,23947.0,3.48,2861,200.0,11507.0,,,6314.0,,1149.0,226.0
2021-09-25,,196,,23947.0,,2861,200.0,11507.0,,,6275.0,,1177.0,222.0
2021-09-26,,196,,23947.0,,2861,200.0,11507.0,,,6273.0,,1187.0,223.0
2021-09-27,,196,,23947.0,,2861,200.0,11507.0,,,6112.0,,1249.0,223.0
2021-09-28,,196,,23947.0,,2861,200.0,11507.0,,,6175.0,,1189.0,222.0
2021-09-29,,196,,23947.0,,2861,200.0,11507.0,,,6180.0,,1180.0,220.0
2021-09-30,203.0,196,7.0,23947.0,3.42,2861,200.0,11507.0,,,6181.0,,1171.0,218.0
2021-10-01,203.0,196,7.0,23947.0,3.17,2861,200.0,11507.0,,,6240.0,,1106.0,225.0
2021-10-02,,196,,23947.0,,2861,200.0,11507.0,,,,,1137.0,231.0
2021-10-03,203.0,196,7.0,23947.0,3.06,2861,200.0,11507.0,,,6284.0,,1072.0,231.0
2021-10-04,203.0,196,7.0,23947.0,3.31,2861,200.0,11507.0,,,6238.0,,1151.0,215.0
2021-10-05,203.0,196,7.0,23947.0,3.29,2861,200.0,11507.0,,,6223.0,,1134.0,218.0
2021-10-06,203.0,196,7.0,23947.0,3.22,2861,200.0,11507.0,,,6247.0,,1127.0,217.0
2021-10-07,203.0,196,7.0,23947.0,3.32,2861,200.0,11507.0,,,6218.0,,1161.0,214.0
2021-10-08,203.0,196,7.0,23947.0,3.27,2861,200.0,11507.0,,,6281.0,,1139.0,205.0
2021-10-10,,196,,23947.0,,2861,200.0,11507.0,,,,,1116.0,204.0
2021-10-11,203.0,196,7.0,23947.0,2.99,2861,200.0,11507.0,,,6379.0,,1060.0,210.0
2021-10-12,203.0,196,7.0,23947.0,2.79,2861,200.0,11507.0,,,6474.0,,993.0,205.0
2021-10-13,,196,,23947.0,,2861,200.0,11507.0,,,,,959.0,205.0
2021-10-14,,196,,23947.0,,2861,200.0,11507.0,,,,,975.0,204.0
2021-10-15,,196,,23947.0,,2861,200.0,11507.0,,,,,933.0,199.0
2021-10-16,,196,,23947.0,,2861,200.0,11507.0,,,,,1045.0,199.0
2021-10-17,,196,,23947.0,,2861,200.0,11507.0,,,,,1031.0,205.0
2021-10-18,203.0,196,7.0,23947.0,2.93,2861,200.0,11507.0,,,6142.0,,1070.0,204.0
2021-10-19,203.0,196,7.0,23947.0,2.82,2861,200.0,11507.0,,,6184.0,,1036.0,208.0
2021-10-20,203.0,196,7.0,23947.0,2.56,2861,200.0,11507.0,,,6302.0,,980.0,209.0
2021-10-21,203.0,196,7.0,23947.0,2.95,2861,200.0,11507.0,,,6247.0,,1081.0,207.0
2021-10-22,203.0,196,7.0,23947.0,2.68,2861,200.0,11507.0,,,6350.0,,1019.0,208.0
2021-10-23,203.0,196,7.0,23947.0,2.79,2861,200.0,11507.0,,,6464.0,,1057.0,210.0
2021-10-24,203.0,196,7.0,23947.0,3.04,2861,200.0,11507.0,,,6552.0,,1118.0,212.0
2021-10-25,203.0,196,7.0,23947.0,2.95,2861,200.0,11507.0,,,6547.0,,1110.0,212.0
2021-10-26,203.0,196,7.0,23947.0,3.0,2861,200.0,11507.0,,,6529.0,,1102.0,218.0
2021-10-27,203.0,196,7.0,23947.0,3.05,2861,200.0,11507.0,,,6593.0,,1165.0,215.0
2021-10-28,203.0,196,7.0,23947.0,3.05,2861,200.0,11507.0,,,6698.0,,1192.0,219.0
2021-10-29,203.0,196,7.0,23947.0,2.9,2861,200.0,11507.0,,,6875.0,,1129.0,219.0
2021-10-30,203.0,196,7.0,23947.0,3.05,2861,200.0,11507.0,,,6914.0,,1175.0,221.0
2021-10-31,203.0,196,7.0,23947.0,2.91,2861,200.0,11507.0,,,6956.0,,1121.0,219.0
2021-11-01,203.0,196,7.0,23947.0,2.95,2861,200.0,11507.0,,,6751.0,,1191.0,204.0
2021-11-02,203.0,196,7.0,23947.0,2.95,2861,200.0,11507.0,,,6751.0,,1170.0,205.0
2021-11-03,203.0,196,7.0,23947.0,3.12,2861,200.0,11507.0,,,6750.0,,1197.0,205.0
2021-11-04,203.0,196,7.0,23947.0,2.9,2861,200.0,11507.0,,,6860.0,,1125.0,208.0
2021-11-05,203.0,196,7.0,23947.0,2.61,2861,200.0,11507.0,,,6884.0,,1046.0,207.0
2021-11-06,203.0,196,7.0,23947.0,2.84,2861,200.0,11507.0,,,6747.0,,1080.0,202.0
2021-11-07,203.0,196,7.0,23947.0,2.63,2861,200.0,11507.0,,,6736.0,,1028.0,203.0
2021-11-08,203.0,196,7.0,23947.0,2.79,4139,200.0,11507.0,,,6628.0,,1060.0,211.0
2021-11-09,203.0,196,7.0,23947.0,2.7,4139,200.0,11507.0,,,6676.0,,1032.0,208.0
2021-11-10,203.0,196,7.0,23947.0,2.7,4139,200.0,11507.0,,,6700.0,,1037.0,208.0
2021-11-11,203.0,196,7.0,23947.0,2.69,4139,200.0,11507.0,,,6723.0,,1042.0,208.0
2021-11-12,203.0,196,7.0,23947.0,2.9,4139,200.0,11507.0,,,6698.0,,1101.0,201.0
2021-11-13,203.0,196,7.0,23947.0,2.69,4139,200.0,11507.0,,,6764.0,,1071.0,196.0
2021-11-14,203.0,196,7.0,23947.0,2.74,4139,200.0,11507.0,,,6789.0,,1077.0,196.0
2021-11-15,203.0,196,7.0,23947.0,2.69,4139,200.0,11507.0,,,6778.0,,1075.0,194.0
2021-11-16,203.0,196,7.0,23947.0,2.79,4139,200.0,11507.0,,,6753.0,,1080.0,194.0
2021-11-17,203.0,196,7.0,23947.0,2.8,4139,200.0,11507.0,,,6759.0,,1098.0,194.0
2021-11-18,203.0,196,7.0,23947.0,4.5,4139,200.0,11507.0,,,6481.0,,1398.0,193.0
2021-11-19,203.0,196,7.0,23947.0,2.85,4139,200.0,11507.0,,,6913.0,,1001.0,193.0
2021-11-20,203.0,196,7.0,23947.0,2.73,4139,200.0,11507.0,,,6870.0,,979.0,196.0
2021-11-21,203.0,196,7.0,23947.0,2.71,4139,200.0,11507.0,,,6846.0,,978.0,196.0
2021-11-22,203.0,196,7.0,23947.0,2.66,4139,200.0,11507.0,,,6718.0,,1031.0,196.0
2021-11-23,203.0,196,7.0,23947.0,2.49,4139,200.0,11507.0,,,6745.0,,973.0,196.0
2021-11-24,203.0,196,7.0,23947.0,2.5,4139,200.0,11507.0,,,6724.0,,976.0,194.0
2021-11-25,203.0,196,7.0,23947.0,2.51,4139,200.0,11507.0,,,6708.0,,965.0,194.0
2021-11-26,203.0,196,7.0,23947.0,2.6,4139,200.0,11507.0,,,6670.0,,983.0,194.0
2021-11-27,203.0,196,7.0,23947.0,2.35,4139,200.0,11507.0,,,6719.0,,907.0,194.0
2021-11-28,203.0,196,7.0,23947.0,2.31,4139,200.0,11507.0,,,6704.0,,905.0,195.0
2021-11-29,203.0,196,7.0,23947.0,2.2,4139,200.0,11507.0,,,6651.0,,887.0,195.0
2021-11-30,203.0,196,7.0,23947.0,2.24,4139,200.0,11507.0,,,6664.0,,873.0,194.0
2021-12-01,203.0,196,7.0,23947.0,2.08,4139,200.0,11507.0,,,6681.0,,836.0,195.0
2021-12-02,203.0,196,7.0,23947.0,2.28,4139,200.0,11507.0,,,6619.0,,874.0,197.0
2021-12-03,203.0,196,7.0,23947.0,2.23,4139,200.0,11507.0,,,6602.0,,874.0,194.0
2021-12-04,203.0,196,7.0,23947.0,2.2,4139,200.0,11507.0,,,6591.0,,871.0,194.0
2021-12-05,203.0,196,7.0,23947.0,2.19,4139,200.0,11507.0,,,6588.0,,860.0,191.0
2021-12-06,203.0,196,7.0,23947.0,1.98,4139,200.0,11507.0,,,6583.0,,817.0,190.0
2021-12-07,203.0,196,7.0,23947.0,1.97,4139,200.0,11507.0,,,6584.0,,795.0,197.0
2021-12-08,203.0,196,7.0,23947.0,1.89,4139,200.0,11507.0,,,6617.0,,769.0,190.0
2021-12-09,203.0,196,7.0,23947.0,1.89,4139,200.0,11507.0,,,6608.0,,767.0,190.0
2021-12-10,203.0,196,7.0,23947.0,1.83,4139,200.0,11507.0,,,6668.0,,754.0,152.0
2021-12-11,203.0,196,7.0,23947.0,1.8,4139,200.0,11507.0,,,6666.0,,744.0,152.0
2021-12-12,203.0,196,7.0,23947.0,1.62,4139,200.0,11507.0,,,6687.0,,709.0,152.0
2021-12-13,203.0,196,7.0,23947.0,1.79,4139,200.0,11507.0,,,6608.0,,757.0,152.0
2021-12-14,203.0,196,7.0,23947.0,1.66,4139,200.0,11507.0,,,6636.0,,717.0,152.0
2021-12-15,203.0,196,7.0,23947.0,1.67,4139,200.0,11507.0,,,6629.0,,709.0,152.0
2021-12-16,203.0,196,7.0,23947.0,1.65,4139,200.0,11507.0,,,6648.0,,706.0,152.0
2021-12-17,203.0,196,7.0,23947.0,1.62,4139,200.0,11507.0,,,6666.0,,695.0,152.0
2021-12-18,203.0,196,7.0,23947.0,1.73,4139,200.0,11507.0,,,6623.0,,728.0,150.0
2021-12-19,203.0,196,7.0,23947.0,1.56,4139,200.0,11507.0,,,6651.0,,684.0,154.0
2021-12-20,203.0,196,7.0,23947.0,1.57,4139,200.0,11507.0,,,6624.0,,698.0,152.0
2021-12-21,203.0,196,7.0,23947.0,1.55,4139,200.0,11507.0,,,6609.0,,689.0,153.0
2021-12-22,203.0,196,7.0,23947.0,1.46,4139,200.0,11507.0,,,6619.0,,671.0,152.0
2021-12-23,203.0,196,7.0,23947.0,1.37,4139,200.0,11507.0,,,6632.0,,650.0,151.0
2021-12-24,203.0,196,7.0,23947.0,1.37,4139,200.0,11507.0,,,6647.0,,647.0,152.0
2021-12-25,203.0,196,7.0,23947.0,1.34,4139,200.0,11507.0,,,6672.0,,636.0,150.0
