date,samples_taken_today,samples_sent_cumulative,samples_negative_cumulative,samples_positive_cumulative_total,samples_positive_cumulative_male,samples_positive_cumulative_female,samples_positive_cumulative_transgender,samples_results_awaited,cases_new,people_put_on_surveillance_cumulative,people_completed_surveillance_cumulative,people_currently_under_surveillance,people_home_isolation,recoveries_cumulative,active_cases,deaths_total,deaths_male,deaths_female,deaths_transgender,vax_today_total,vax_today_first_dose,vax_today_second_dose,vax_cumulative,positivity_rate_today,positivity_rate_cumulative,recovery_rate,fatality_rate,tests_per_million
2020-07-15,,,371350.0,23306,15481,7823,2,,,118725.0,67632.0,51093.0,,17667,5320,319,234.0,85.0,,,,,,,,75.8,1.37,15785
2020-07-16,,,380138.0,24002,15951,8049,2,,,119421.0,68151.0,51270.0,,18185,5495,322,236.0,86.0,,,,,,,,75.76,1.34,16168
2020-07-17,,,393627.0,24797,16455,8340,2,,,120216.0,68684.0,51532.0,,18718,5752,327,239.0,88.0,,,,,,,,75.48,1.32,16753
2020-07-18,,,404852.0,25547,16941,8604,2,,,121011.0,69284.0,51727.0,,19318,5885,344,251.0,93.0,,,,,,,,75.62,1.35,17220
2020-07-19,,,414438.0,26164,17301,8861,2,,,121628.0,69729.0,51899.0,,19793,6022,349,256.0,93.0,,,,,,,,75.65,1.33,17647
2020-07-20,,,424137.0,26858,17774,9082,2,,,122322.0,70162.0,52160.0,,20226,6277,355,260.0,95.0,,,,,,,,75.31,1.32,18040
2020-07-21,,,434300.0,27462,18162,9298,2,,,122926.0,70888.0,52038.0,,20952,6146,364,265.0,99.0,,,,,,,,76.29,1.33,18451
2020-07-22,,,443585.0,28186,18642,9542,2,,,123650.0,71633.0,52017.0,,21697,6117,372,267.0,105.0,,,,,,,,76.98,1.32,18833
2020-07-23,,,455864.0,28975,19108,9865,2,,,124439.0,72185.0,52254.0,,22249,6348,378,271.0,107.0,,,,,,,,76.79,1.3,19346
2020-07-24,,,469631.0,29755,19694,10058,3,,,125219.0,72889.0,52330.0,,22953,6420,382,273.0,109.0,,,,,,,,77.14,1.28,19930
2020-07-25,,,500579.0,30538,20242,10293,3,,,126002.0,73590.0,52412.0,,23654,6495,389,279.0,110.0,,,,,,,,77.46,1.27,21157
2020-07-26,,,512734.0,31332,20760,10569,3,,,126796.0,74320.0,52476.0,,24384,6556,392,281.0,111.0,,,,,,,,77.82,1.25,21675
2020-07-27,,,521416.0,32127,21290,10834,3,,,127591.0,74982.0,52609.0,,25046,6684,397,285.0,112.0,,,,,,,,77.96,1.24,22064
2020-07-28,,,531644.0,32876,21785,11088,3,,,128340.0,75694.0,52646.0,,25758,6712,406,292.0,114.0,,,,,,,,78.35,1.23,22494
2020-07-29,,,543201.0,33631,22275,11353,3,,,129095.0,76356.0,52739.0,,26420,6798,413,296.0,117.0,,,,,,,,78.56,1.23,22984
2020-07-30,,,560863.0,34254,22686,11565,3,,,129718.0,77276.0,52442.0,,27340,6497,417,299.0,118.0,,,,,,,,79.82,1.22,23704
2020-07-31,,,571751.0,34965,23197,11765,3,,,130429.0,78163.0,52266.0,,28227,6317,421,302.0,119.0,,,,,,,,80.73,1.2,24165
2020-08-01,,,587418.0,35758,23740,12015,3,,,131222.0,79016.0,52206.0,,29080,6250,428,306.0,122.0,,,,,,,,81.32,1.2,24805
2020-08-02,,,604056.0,36519,24225,12291,3,,,136135.0,79989.0,56146.0,,29690,6396,433,309.0,124.0,,,,,,,,81.3,1.19,25495
2020-08-03,,,615375.0,37173,24679,12491,3,,,139789.0,80264.0,59525.0,,30470,6263,440,313.0,127.0,,,,,,,,81.97,1.18,25955
2020-08-04,,,628013.0,37796,25087,12706,3,,,140412.0,80617.0,59795.0,,31226,6122,448,318.0,130.0,,,,,,,,82.62,1.19,26472
2020-08-05,,,639335.0,38548,25598,12947,3,,,141164.0,81066.0,60098.0,,31960,6133,455,323.0,132.0,,,,,,,,82.91,1.18,26963
2020-08-06,,,652600.0,39303,26116,13183,4,,,141919.0,81891.0,60028.0,,32640,6205,458,325.0,133.0,,,,,,,,83.05,1.17,27526
2020-08-07,,,667244.0,40054,26617,13426,11,,,142915.0,83172.0,59743.0,,33444,6143,467,332.0,135.0,,,,,,,,83.5,1.17,28129
2020-08-08,,,683237.0,40843,27117,13715,11,,,143704.0,84090.0,59614.0,,34031,6338,474,337.0,137.0,,,,,,,,83.32,1.16,28798
2020-08-09,,,696664.0,41635,27626,13998,11,,,145427.0,84334.0,61093.0,,34781,6371,483,345.0,138.0,,,,,,,,83.54,1.16,29352
2020-08-10,,,705790.0,42429,28112,14306,11,,,146221.0,84825.0,61396.0,,35492,6448,489,350.0,139.0,,,,,,,,83.65,1.15,29741
2020-08-11,,,722780.0,43227,28656,14560,11,,,147019.0,85449.0,61570.0,,36082,6645,500,357.0,143.0,,,,,,,,83.47,1.16,30445
2020-08-12,,,736914.0,44024,29181,14832,11,,,147816.0,86219.0,61597.0,,36694,6827,503,359.0,144.0,,,,,,,,83.35,1.14,31039
2020-08-13,,,751225.0,44817,29705,15101,11,,,148609.0,86880.0,61729.0,,37486,6820,511,366.0,145.0,,,,,,,,83.64,1.14,31629
2020-08-14,,,766184.0,45614,30220,15383,11,,,150081.0,87878.0,62203.0,,38348,6748,518,370.0,148.0,,,,,,,,84.07,1.14,32249
2020-08-15,,,778189.0,46410,30753,15646,11,,,150877.0,88346.0,62531.0,,38939,6943,528,378.0,150.0,,,,,,,,83.9,1.14,32760
2020-08-16,,,791184.0,47153,31218,15924,11,,,151620.0,88568.0,63052.0,,39601,7014,538,383.0,155.0,,,,,,,,83.98,1.14,33311
2020-08-17,,,801232.0,48040,31738,16291,11,,,152507.0,89055.0,63452.0,,40610,6880,550,392.0,158.0,,,,,,,,84.53,1.14,33718
2020-08-18,,,812490.0,48936,32322,16603,11,,,153971.0,89636.0,64335.0,,41298,7081,557,396.0,161.0,,,,,,,,84.39,1.14,34219
2020-08-19,,,833173.0,49930,32973,16946,11,,,154965.0,90201.0,64764.0,,42056,7307,567,403.0,164.0,,,,,,,,84.23,1.14,35079
2020-08-20,,,853707.0,50926,33629,17286,11,,,156797.0,90709.0,66088.0,,42793,7555,578,408.0,170.0,,,,,,,,84.03,1.13,35932
2020-08-21,,,868016.0,52129,34397,17721,11,,,158000.0,91297.0,66703.0,,43413,8131,585,413.0,172.0,,,,,,,,83.28,1.12,36551
2020-08-22,,,885193.0,53290,35150,18129,11,,,161933.0,92371.0,69562.0,,44013,8680,597,422.0,175.0,,,,,,,,82.59,1.12,37269
2020-08-23,,,903523.0,54386,35858,18517,11,,,163029.0,93283.0,69746.0,,44822,8961,603,426.0,177.0,,,,,,,,82.41,1.11,38039
2020-08-24,,,921303.0,55460,36581,18868,11,,,165073.0,94281.0,70792.0,,45405,9442,613,433.0,180.0,,,,,,,,81.87,1.11,38784
2020-08-25,,,938914.0,56608,37332,19265,11,,,167397.0,95246.0,72151.0,,46496,9489,623,440.0,183.0,,,,,,,,82.14,1.1,39518
2020-08-26,,,961297.0,58005,38230,19764,11,,,170657.0,96324.0,74333.0,,47613,9758,634,449.0,185.0,,,,,,,,82.08,1.09,40455
2020-08-27,,,985217.0,59298,39061,20226,11,,,171950.0,96902.0,75048.0,,48690,9962,646,456.0,190.0,,,,,,,,82.11,1.09,41467
2020-08-28,,,1008916.0,60596,39912,20673,11,,,173248.0,97922.0,75326.0,,49710,10225,661,467.0,194.0,,,,,,,,82.04,1.09,42448
2020-08-29,,,1035131.0,61987,40835,21141,11,,,181634.0,98446.0,83188.0,,50711,10606,670,473.0,197.0,,,,,,,,81.81,1.08,43544
2020-08-30,,,1060143.0,63282,41653,21618,11,,,184293.0,98877.0,85416.0,,51620,10980,682,481.0,201.0,,,,,,,,81.57,1.08,44579
2020-08-31,,,1079232.0,64732,42579,22142,11,,,186780.0,99352.0,87428.0,,52672,11371,689,484.0,205.0,,,,,,,,81.37,1.06,45370
2020-09-01,,,1100351.0,66426,43713,22702,11,,,188474.0,99831.0,88643.0,,53835,11885,706,494.0,212.0,,,,,,,,81.05,1.06,46263
2020-09-02,,,1121546.0,68218,44846,23361,11,,,192058.0,100530.0,91528.0,,54875,12622,721,502.0,219.0,,,,,,,,80.44,1.06,47172
2020-09-03,,,1143463.0,70099,46118,23970,11,,,195863.0,101350.0,94513.0,,55889,13470,740,519.0,221.0,,,,,,,,79.73,1.06,48129
2020-09-04,,,1167167.0,71983,47313,24659,11,,,197777.0,101959.0,95818.0,,57171,14053,759,535.0,224.0,,,,,,,,79.42,1.05,49138
2020-09-05,,,1187623.0,74272,48834,25427,11,,,200066.0,102273.0,97793.0,,58580,14911,781,551.0,230.0,,,,,,,,78.87,1.05,50040
2020-09-06,,,1211295.0,76549,50347,26191,11,,,202343.0,102351.0,99992.0,,60051,15692,806,570.0,236.0,,,,,,,,78.45,1.05,51069
2020-09-07,,,1231602.0,78773,51851,26911,11,,,204567.0,102439.0,102128.0,,61611,16333,829,583.0,246.0,,,,,,,,78.21,1.05,51954
2020-09-08,,,1246370.0,81059,53322,27726,11,,,206853.0,102777.0,104076.0,,63315,16890,854,602.0,252.0,,,,,,,,78.11,1.05,52624
2020-09-09,,,1280217.0,83353,54833,28509,11,,,209147.0,103069.0,106078.0,,65143,17328,882,621.0,261.0,,,,,,,,78.15,1.06,54059
2020-09-10,,,1306887.0,85944,56606,29327,11,,,211738.0,103249.0,108489.0,,66705,18332,907,641.0,266.0,,,,,,,,77.61,1.06,55212
2020-09-11,,,1336477.0,88332,58174,30147,11,,,214224.0,104146.0,110078.0,,68525,18875,932,659.0,273.0,,,,,,,,77.58,1.06,56473
2020-09-12,,,1363656.0,91115,59966,31138,11,,,217007.0,104569.0,112438.0,,70713,19446,956,672.0,284.0,,,,,,,,77.61,1.05,57659
2020-09-13,,,1389712.0,93641,61715,31913,13,,,219533.0,104732.0,114801.0,,72587,20079,975,683.0,292.0,,,,,,,,77.52,1.04,58778
2020-09-14,,,1411692.0,96129,63407,32709,13,,,222021.0,105187.0,116834.0,,74712,20417,1000,698.0,302.0,,,,,,,,77.72,1.04,59747
2020-09-15,,,1431486.0,98622,65055,33554,13,,,224514.0,105549.0,118965.0,,77166,20430,1026,719.0,307.0,,,,,,,,78.24,1.04,60618
2020-09-16,,,1457859.0,101316,66808,34495,13,,,227208.0,105869.0,121339.0,,78937,21334,1045,731.0,314.0,,,,,,,,77.91,1.03,60618
2020-09-17,,,1483521.0,103773,68513,35247,13,,,229665.0,108632.0,121033.0,,81690,21014,1069,745.0,324.0,,,,,,,,78.72,1.03,62883
2020-09-18,,,1510111.0,106261,70227,36021,13,,,232153.0,108863.0,123290.0,,83878,21291,1092,761.0,331.0,,,,,,,,78.94,1.03,64034
2020-09-19,,,1536019.0,108952,71998,36941,13,,,234844.0,108997.0,125847.0,,86150,21682,1120,778.0,342.0,,,,,,,,79.07,1.03,65147
2020-09-20,,,1563516.0,111257,73521,37723,13,,,237149.0,109366.0,127783.0,,88697,21411,1149,798.0,351.0,,,,,,,,79.72,1.03,66320
2020-09-21,,,1587365.0,113075,74694,38368,13,,,238967.0,109782.0,129185.0,,90884,21014,1177,820.0,357.0,,,,,,,,80.37,1.04,67328
2020-09-22,,,1608589.0,114870,75871,38986,13,,,240756.0,110205.0,130551.0,,93776,19888,1206,838.0,368.0,,,,,,,,81.64,1.05,68244
2020-09-23,,,1634605.0,116856,77184,39659,13,,,242742.0,110627.0,132115.0,,96347,19276,1233,854.0,379.0,,,,,,,,82.45,1.06,69359
2020-09-24,,,1658105.0,118554,78306,40235,13,,,244440.0,110962.0,133478.0,,98410,18889,1255,871.0,384.0,,,,,,,,83.01,1.06,70346
2020-09-25,,,1676711.0,120578,79560,41005,13,,,246464.0,111278.0,135186.0,,101273,18032,1273,882.0,391.0,,,,,,,,83.99,1.06,71137
2020-09-26,,,1698337.0,122267,80675,41579,13,,,248153.0,111523.0,136630.0,,103827,17149,1291,895.0,396.0,,,,,,,,84.92,1.06,72077
2020-09-27,,,1721300.0,123782,81654,42115,13,,,249668.0,111852.0,137816.0,,105990,16485,1307,906.0,401.0,,,,,,,,85.63,1.06,73036
2020-09-28,,,1741188.0,125412,82705,42694,13,,,251278.0,112217.0,139061.0,,108411,15670,1331,920.0,411.0,,,,,,,,86.44,1.06,73881
2020-09-29,,,1760914.0,126974,83730,43231,13,,,252840.0,112571.0,140269.0,,110814,14804,1356,937.0,419.0,,,,,,,,87.27,1.07,74710
2020-09-30,,,1784906.0,128599,84761,43825,13,,,254465.0,112892.0,141573.0,,112877,14340,1382,954.0,428.0,,,,,,,,87.77,1.07,75747
2020-10-01,,,1810686.0,129912,85598,44301,13,,,255739.0,113177.0,142562.0,,115038,13472,1402,969.0,433.0,,,,,,,,88.55,1.08,76808
2020-10-02,,,1835720.0,131388,86551,44824,13,,,257215.0,113452.0,143763.0,,116716,13247,1425,983.0,442.0,,,,,,,,88.83,1.08,77854
2020-10-03,,,1860408.0,132576,87294,45269,13,,,258403.0,113765.0,144638.0,,118258,12868,1450,1000.0,450.0,,,,,,,,89.2,1.09,78866
2020-10-04,,,1881421.0,133878,88117,45748,13,,,259705.0,114136.0,145569.0,,120341,12067,1470,1037.0,433.0,,,,,,,,89.89,1.1,79734
2020-10-05,,,1899393.0,134909,88715,46181,13,,,260736.0,114563.0,146173.0,,121596,11822,1491,1048.0,443.0,,,,,,,,90.13,1.11,80480
2020-10-06,,,1937126.0,136115,89473,46629,13,,,261942.0,114936.0,147006.0,,123286,11320,1509,1055.0,454.0,,,,,,,,90.57,1.11,82018
2020-10-07,,,1960080.0,137398,90318,47067,13,,,263225.0,115294.0,147931.0,,124841,11029,1528,1068.0,460.0,,,,,,,,90.86,1.11,82987
2020-10-08,,,1985376.0,138682,91159,47510,13,,,264509.0,115439.0,149070.0,,126267,10867,1548,1082.0,466.0,,,,,,,,91.05,1.12,84035
2020-10-09,,,2010557.0,139932,91957,47962,13,,,265759.0,115793.0,149966.0,,127540,10830,1562,1091.0,471.0,,,,,,,,91.14,1.12,85079
2020-10-10,,,2037038.0,141090,92678,48399,13,,,266917.0,116039.0,150878.0,,128841,10677,1572,1097.0,475.0,,,,,,,,91.32,1.11,86163
2020-10-11,,,2059967.0,142155,93345,48797,13,,,267982.0,116365.0,151617.0,,130003,10573,1579,1103.0,476.0,,,,,,,,91.45,1.11,87097
2020-10-12,,,2080161.0,143221,93997,49211,13,,,288951.0,116656.0,172295.0,,131228,10401,1592,1115.0,477.0,,,,,,,,91.63,1.11,87924
2020-10-13,,,2099570.0,144302,94658,49631,13,,,290032.0,116865.0,173167.0,,132382,10319,1601,1122.0,479.0,,,,,,,,91.74,1.11,88732
2020-10-14,,,2122372.0,145507,95415,50079,13,,,291237.0,116981.0,174256.0,,133706,10187,1614,1133.0,481.0,,,,,,,,91.89,1.11,89688
2020-10-15,,,2147116.0,146706,96162,50531,13,,,292436.0,117118.0,175318.0,,134719,10364,1623,1137.0,486.0,,,,,,,,91.83,1.11,90704
2020-10-16,,,2171575.0,147933,96956,50964,13,,,293663.0,117351.0,176312.0,,135858,10441,1634,1141.0,493.0,,,,,,,,91.84,1.1,91714
2020-10-17,,,2196371.0,149081,97679,51389,13,,,294811.0,117535.0,177276.0,,137176,10265,1640,1143.0,497.0,,,,,,,,92.01,1.1,92737
2020-10-18,,,2216063.0,150033,98282,51738,13,,,295763.0,117653.0,178110.0,,138351,10042,1640,1143.0,497.0,,,,,,,,92.21,1.09,93549
2020-10-19,,,2231220.0,151234,99026,52195,13,,,296964.0,117747.0,179217.0,,139511,10075,1648,1146.0,502.0,,,,,,,,92.25,1.09,94197
2020-10-20,,,2249081.0,152174,99621,52540,13,,,297904.0,117879.0,180025.0,,140436,10078,1660,1154.0,506.0,,,,,,,,92.29,1.09,94934
2020-10-21,,,2270379.0,153367,100382,52972,13,,,299097.0,117987.0,181110.0,,141506,10187,1674,1165.0,509.0,,,,,,,,92.27,1.09,95819
2020-10-22,,,2295280.0,154495,101104,53378,13,,,300225.0,118179.0,182046.0,,142798,10009,1688,1173.0,515.0,,,,,,,,92.43,1.09,96860
2020-10-23,,,2318573.0,155765,101894,53858,13,,,301495.0,118292.0,183203.0,,143978,10082,1705,1185.0,520.0,,,,,,,,92.43,1.09,97832
2020-10-24,,,2342213.0,157064,102696,54355,13,,,302794.0,118368.0,184426.0,,145196,10148,1720,1195.0,525.0,,,,,,,,92.44,1.1,98819
2020-10-25,,,2363741.0,158304,103475,54816,13,,,304034.0,118482.0,185552.0,,146282,10295,1727,1199.0,528.0,,,,,,,,92.41,1.09,99698
2020-10-26,,,2378724.0,159457,104190,55254,13,,,305187.0,118547.0,186640.0,,147566,10154,1737,1206.0,531.0,,,,,,,,92.54,1.09,100326
2020-10-27,,,2397074.0,160705,104985,55707,13,,,306435.0,118671.0,187764.0,,148503,10452,1750,1217.0,533.0,,,,,,,,92.41,1.09,101084
2020-10-28,,,2419630.0,162223,105935,56275,13,,,307953.0,118739.0,189214.0,,149451,11014,1758,1223.0,535.0,,,,,,,,92.13,1.08,102058
2020-10-29,,,2442239.0,163817,106878,56926,13,,,309547.0,118843.0,190704.0,,150660,11391,1766,1226.0,540.0,,,,,,,,91.97,1.08,103014
2020-10-30,,,2465381.0,165467,107927,57527,13,,,311197.0,118924.0,192273.0,,151839,11851,1777,1226.0,551.0,,,,,,,,91.76,1.07,103987
2020-10-31,,,2487987.0,167210,109025,58172,13,,,312940.0,,193926.0,,153230,12191,1789,1236.0,553.0,,,,,,,,91.64,1.07,104953
2020-11-01,,,2506822.0,168880,110037,58830,13,,,314610.0,119109.0,195501.0,,154451,12634,1795,1242.0,553.0,,,,,,,,91.46,1.06,105737
2020-11-02,,,2520247.0,170446,111051,59382,13,,,316176.0,119717.0,196459.0,,155717,12919,1810,1249.0,561.0,,,,,,,,91.36,1.06,106305
2020-11-03,,,2537989.0,172130,112067,60050,13,,,317860.0,120045.0,197815.0,,156975,13338,1817,1253.0,564.0,,,,,,,,91.2,1.06,107087
2020-11-04,,,2559356.0,174082,113292,60777,13,,,319812.0,120624.0,199188.0,,158136,14110,1836,1263.0,573.0,,,,,,,,90.84,1.05,108023
2020-11-05,,,2578623.0,176146,114587,61546,13,,,321876.0,121181.0,200695.0,,159643,14644,1859,1280.0,579.0,,,,,,,,90.63,1.06,108857
2020-11-06,,,2599454.0,178413,115961,62439,13,,,324143.0,121876.0,202267.0,,161176,15357,1880,1294.0,586.0,,,,,,,,90.34,1.05,109769
2020-11-07,,,2623750.0,180424,117256,63154,14,,,326154.0,122312.0,203842.0,,162814,15713,1897,1301.0,595.0,1.0,,,,,,,90.24,1.05,110820
2020-11-08,,,2646119.0,182804,118679,64111,14,,,328534.0,122390.0,206144.0,,164444,16448,1912,1312.0,599.0,1.0,,,,,,,89.96,1.05,111779
2020-11-09,,,2662908.0,185231,119869,65348,14,,,330961.0,122469.0,208492.0,,166595,16717,1919,1316.0,602.0,1.0,,,,,,,89.94,1.04,112517
2020-11-10,,,2683493.0,187777,121402,66361,14,,,333507.0,122646.0,210861.0,,168421,17421,1935,1328.0,606.0,1.0,,,,,,,89.69,1.03,113439
2020-11-11,,,2683493.0,187777,121402,66361,14,,,333507.0,122646.0,210861.0,,168421,17421,1935,1328.0,606.0,1.0,,,,,,,89.69,1.03,113439
2020-11-12,,,2732430.0,193111,124665,68432,14,,,338841.0,122864.0,215977.0,,172265,18867,1979,1357.0,621.0,1.0,,,,,,,89.21,1.02,115595
2020-11-13,,,2755864.0,195799,126291,69494,14,,,341529.0,123438.0,218091.0,,174380,19413,2006,1375.0,630.0,1.0,,,,,,,89.06,1.02,116620
2020-11-14,,,2776925.0,197917,127610,70293,14,,,343647.0,123472.0,220175.0,,176368,19538,2011,1378.0,632.0,1.0,,,,,,,89.11,1.02,117528
2020-11-15,,,2791274.0,199874,128755,71105,14,,,345604.0,123605.0,221999.0,,178298,19557,2019,1384.0,634.0,1.0,,,,,,,89.21,1.01,118151
2020-11-16,,,2800445.0,202027,130092,71921,14,,,347757.0,124055.0,223702.0,,180647,19342,2038,1398.0,639.0,1.0,,,,,,,89.42,1.01,118572
2020-11-17,,,2812982.0,204477,131646,72817,14,,,350207.0,124388.0,225819.0,,183261,19153,2063,1414.0,648.0,1.0,,,,,,,89.62,1.01,119179
2020-11-18,,,2835091.0,207039,133300,73725,14,,,352769.0,124879.0,227890.0,,185403,19543,2093,1433.0,659.0,1.0,,,,,,,89.55,1.01,120184
2020-11-19,,,2860380.0,209251,134673,74564,14,,,354981.0,125143.0,229838.0,,187559,19579,2113,1449.0,663.0,1.0,,,,,,,89.63,1.01,121270
2020-11-20,,,2889297.0,212355,136517,75824,14,,,358085.0,125574.0,232511.0,,190067,20150,2138,1472.0,665.0,1.0,,,,,,,89.5,1.01,122543
2020-11-21,,,2921480.0,215021,138191,76816,14,,,360751.0,125849.0,234902.0,,192533,20325,2163,1489.0,673.0,1.0,,,,,,,89.54,1.01,123925
2020-11-22,,,2953103.0,217300,139556,77730,14,,,363030.0,125965.0,237065.0,,194768,20344,2188,1505.0,682.0,1.0,,,,,,,89.63,1.01,125250
2020-11-23,,,2975016.0,219963,141170,78779,14,,,365693.0,126140.0,239553.0,,197335,20412,2216,1523.0,692.0,1.0,,,,,,,89.71,1.01,126209
2020-11-24,,,3005363.0,222292,142525,79753,14,,,368022.0,126274.0,241748.0,,199278,20765,2249,1547.0,701.0,1.0,,,,,,,89.65,1.01,127512
2020-11-25,,,3039676.0,224489,143895,80580,14,,,370219.0,126392.0,243827.0,,201250,20948,2291,1574.0,716.0,1.0,,,,,,,89.65,1.02,128981
2020-11-26,44526.0,3335699.0,3103597.0,226611,145154,81443,14,,,372341.0,126531.0,245810.0,,203517,20778,2316,1590.0,725.0,1.0,,,,,,,89.81,1.02,131586
2020-11-27,42353.0,3378052.0,3143516.0,228746,146421,82311,14,,,374476.0,126848.0,247628.0,,206001,20400,2345,1602.0,742.0,1.0,,,,,,,90.06,1.03,133256
2020-11-28,,3413893.0,3177814.0,230713,147594,83105,14,,,376443.0,126949.0,249494.0,,208422,19916,2375,1618.0,756.0,1.0,,,,,,,90.34,1.03,134670
2020-11-29,35841.0,3540820.0,3218960.0,232522,148652,83856,14,,,378252.0,126982.0,251270.0,,211216,18905,2401,1634.0,766.0,1.0,,,,,,,90.84,1.03,139677
2020-11-30,30721.0,3571541.0,3254060.0,234126,149698,84414,14,,,379856.0,127274.0,252582.0,,213336,18362,2428,1656.0,771.0,1.0,,,,,,,91.12,1.04,140889
2020-12-01,29721.0,3601262.0,3289802.0,235997,150829,85154,14,,,381727.0,127517.0,254210.0,,215797,17744,2456,1675.0,780.0,1.0,,,,,,,91.44,1.04,142062
2020-12-02,31876.0,3633138.0,3326702.0,237604,151787,85803,14,,,383334.0,127954.0,255380.0,,218443,16673,2488,1694.0,793.0,1.0,,,,,,,91.94,1.05,143319
2020-12-03,36738.0,3669876.0,3366702.0,239239,152802,86423,14,,,384969.0,128252.0,256717.0,,221203,15516,2520,1719.0,800.0,1.0,,,,,,,92.46,1.05,144768
2020-12-04,37563.0,3707439.0,3407802.0,240841,153759,87068,14,,,386571.0,128491.0,258080.0,,223973,14329,2539,1731.0,807.0,1.0,,,,,,,93.0,1.05,146250
2020-12-05,37641.0,3745080.0,3448402.0,242398,154710,87674,14,,,388128.0,128491.0,259637.0,,226524,13310,2564,1745.0,818.0,1.0,,,,,,,93.45,1.06,147735
2020-12-06,37539.0,3782619.0,3486902.0,243896,155586,88296,14,,,389626.0,128610.0,261016.0,,228411,12897,2588,1760.0,827.0,1.0,,,,,,,93.65,1.06,149216
2020-12-07,24151.0,3806770.0,3516402.0,245288,156419,88855,14,,,391018.0,128764.0,262254.0,,230551,12126,2611,1772.0,838.0,1.0,,,,,,,93.99,1.06,150168
2020-12-08,35383.0,3842153.0,3555002.0,246679,157271,89394,14,,,392409.0,128833.0,263576.0,,232108,11947,2624,1784.0,839.0,1.0,,,,,,,94.09,1.06,151564
2020-12-09,28926.0,3871079.0,3588102.0,248079,158096,89969,14,,,393809.0,129010.0,264799.0,,233696,11733,2650,1801.0,848.0,1.0,,,,,,,94.2,1.07,152705
2020-12-10,31179.0,3902258.0,3622002.0,249329,158845,90470,14,,,395059.0,129205.0,265854.0,,235197,11456,2676,1822.0,853.0,1.0,,,,,,,94.33,1.07,153935
2020-12-11,29842.0,3932100.0,3655002.0,250394,159467,90913,14,,,396124.0,129322.0,266802.0,,237009,10686,2699,1833.0,865.0,1.0,,,,,,,94.65,1.08,155112
2020-12-12,27788.0,3959888.0,3686120.0,251402,160041,91347,14,,,397132.0,129419.0,267713.0,,238374,10318,2710,1839.0,870.0,1.0,,,,,,,94.82,1.08,156209
2020-12-13,33922.0,3993810.0,3721620.0,252392,160655,91723,14,,,398112.0,129536.0,268576.0,,239800,9875,2717,1845.0,871.0,1.0,,,,,,,95.01,1.08,157547
2020-12-14,23328.0,4017138.0,3747920.0,253385,161207,92164,14,,,399105.0,129653.0,269452.0,,241544,9108,2733,1855.0,877.0,1.0,,,,,,,95.33,1.08,158467
2020-12-15,27762.0,4044900.0,3776875.0,254207,161703,92490,14,,,399927.0,130247.0,269680.0,,243224,8232,2751,1870.0,880.0,1.0,,,,,,,95.68,1.08,159562
2020-12-16,33607.0,4078507.0,3811475.0,255014,162189,92811,14,,,400734.0,130471.0,270263.0,,244676,7573,2765,1879.0,885.0,1.0,,,,,,,95.95,1.08,160888
2020-12-17,34553.0,4113060.0,3846974.0,255728,162591,93123,14,,,401448.0,130710.0,270738.0,,245933,7013,2782,1890.0,891.0,1.0,,,,,,,96.17,1.09,162251
2020-12-18,35339.0,4148399.0,3882660.0,256477,163019,93444,14,,,402197.0,130949.0,271248.0,,247097,6577,2803,1903.0,899.0,1.0,,,,,,,96.34,1.09,163645
2020-12-19,34538.0,4182937.0,3916941.0,257067,163382,93671,14,,,402787.0,131088.0,271699.0,,248172,6079,2816,1911.0,904.0,1.0,,,,,,,96.54,1.1,165007
2020-12-20,36129.0,4219066.0,3953224.0,257644,163737,93893,14,,,403364.0,131272.0,272092.0,,248935,5888,2821,1912.0,908.0,1.0,,,,,,,96.62,1.09,166433
2020-12-23,39500.0,4314166.0,4048073.0,259226,164645,94566,15,,,404946.0,132315.0,272631.0,,251149,5230,2847,1926.0,920.0,1.0,,,,,,,96.88,1.1,170184
2020-12-24,41612.0,4355778.0,4089147.0,259745,164976,94754,15,,,405465.0,132620.0,272845.0,,251908,4983,2854,1931.0,922.0,1.0,,,,,,,96.98,1.1,171826
2020-12-25,33222.0,4389000.0,4122313.0,260153,165226,94912,15,,,405873.0,132729.0,273144.0,,252545,4750,2858,1934.0,923.0,1.0,,,,,,,97.08,1.1,173136
2020-12-26,25846.0,4414846.0,4147911.0,260545,165467,95063,15,,,406265.0,133012.0,273253.0,,253145,4535,2865,1938.0,926.0,1.0,,,,,,,97.16,1.1,174156
2020-12-27,29978.0,4444824.0,4177389.0,260907,165691,95201,15,,,406627.0,133242.0,273385.0,,253765,4268,2874,1944.0,929.0,1.0,,,,,,,97.26,1.1,175338
2020-12-28,18733.0,4463557.0,4195934.0,261258,165903,95340,15,,,406978.0,133620.0,273358.0,,254336,4040,2882,1948.0,933.0,1.0,,,,,,,97.35,1.1,176077
2020-12-29,28465.0,4492022.0,4223939.0,261672,166156,95501,15,,,407392.0,133962.0,273430.0,,254880,3900,2892,1954.0,937.0,1.0,,,,,,,97.4,1.11,177200
2020-12-30,32476.0,4524498.0,4255805.0,262054,166385,95654,15,,,407774.0,134290.0,273484.0,,255356,3799,2899,1960.0,938.0,1.0,,,,,,,97.44,1.11,178481
2020-12-31,29658.0,4554156.0,4285090.0,262325,166538,95772,15,,,408045.0,134574.0,273471.0,,255853,3567,2905,1964.0,940.0,1.0,,,,,,,97.53,1.11,179651
2021-01-01,26038.0,4580194.0,4311362.0,262611,166714,95882,15,,,408331.0,134825.0,273506.0,,256386,3314,2911,1970.0,940.0,1.0,,,,,,,97.63,1.11,180678
2021-01-02,22383.0,4602577.0,4333495.0,262850,166856,95979,15,,,408570.0,134912.0,273658.0,,256811,3124,2915,1972.0,942.0,1.0,,,,,,,97.7,1.11,181516
2021-01-03,24251.0,4626828.0,4357464.0,263068,166992,96061,15,,,408788.0,134949.0,273839.0,,257261,2890,2917,1973.0,943.0,1.0,,,,,,,97.79,1.11,182518
2021-01-04,17578.0,4644406.0,4375124.0,263312,167130,96167,15,,,409032.0,135240.0,273792.0,,257652,2737,2923,1976.0,946.0,1.0,,,,,,,97.85,1.11,183211
2021-01-05,23721.0,4668127.0,4398470.0,263571,167287,96269,15,,,409291.0,135516.0,273775.0,,257952,2692,2927,1978.0,948.0,1.0,,,,,,,97.87,1.11,184147
2021-01-06,23961.0,4692088.0,4422094.0,263887,167480,96392,15,,,409607.0,135841.0,273766.0,,258281,2672,2934,1983.0,950.0,1.0,,,,,,,97.88,1.11,185092
2021-01-07,28353.0,4720441.0,4450570.0,264161,167673,96473,15,,,409881.0,136294.0,273587.0,,258658,2563,2940,1986.0,953.0,1.0,,,,,,,97.92,1.11,186211
2021-01-08,26779.0,4747220.0,4477131.0,264442,167835,96592,15,,,410162.0,136711.0,273451.0,,258998,2501,2943,1988.0,954.0,1.0,,,,,,,97.94,1.11,187267
2021-01-09,28170.0,4775390.0,4504789.0,264721,167999,96707,15,,,410441.0,136968.0,273473.0,,259209,2563,2949,1993.0,955.0,1.0,,,,,,,97.92,1.11,188378
2021-01-10,26964.0,4802354.0,4531920.0,264955,168142,96798,15,,,410675.0,137028.0,273647.0,,259495,2510,2950,1993.0,956.0,1.0,,,,,,,97.94,1.11,189442
2021-01-11,17532.0,4819886.0,4549096.0,265199,168283,96901,15,,,410919.0,137317.0,273602.0,,259696,2547,2956,1998.0,957.0,1.0,,,,,,,97.92,1.11,190134
2021-01-12,22521.0,4842407.0,4571835.0,265391,168397,96979,15,,,411111.0,137784.0,273327.0,,259986,2441,2964,2004.0,959.0,1.0,,,,,,,97.96,1.12,191022
2021-01-13,25011.0,4867418.0,4596464.0,265616,168548,97053,15,,,411336.0,138498.0,272838.0,,260236,2414,2966,2005.0,960.0,1.0,,,,,,,97.97,1.12,192009
2021-01-14,22912.0,4890330.0,4619347.0,265803,168615,97173,15,,,413523.0,138846.0,274677.0,,260565,2266,2972,2008.0,963.0,1.0,,,,,,,98.03,1.12,192912
2021-01-15,19504.0,4909834.0,4638878.0,265964,168703,97246,15,,,416684.0,139593.0,277091.0,,260801,2184,2979,2014.0,964.0,1.0,,,,,,,98.06,1.12,193682
2021-01-16,21828.0,4931662.0,4660539.0,266131,168804,97312,15,,,417851.0,140052.0,277799.0,,261019,2129,2983,2016.0,966.0,1.0,,,,,,,98.08,1.12,194543
2021-01-17,19862.0,4951524.0,4680507.0,266309,168902,97392,15,,,420029.0,140323.0,279706.0,,261230,2094,2985,2016.0,968.0,1.0,,,,,,,98.09,1.12,195326
2021-01-18,13029.0,4964553.0,4693781.0,266428,168972,97441,15,,,422148.0,140894.0,281254.0,,261510,1929,2989,2019.0,969.0,1.0,,,,,,,98.15,1.12,195840
2021-01-19,22692.0,4987245.0,4715987.0,266581,169056,97510,15,,,424301.0,141596.0,282705.0,,261751,1837,2993,2022.0,970.0,1.0,,,,,,,98.19,1.12,196736
2021-01-20,21546.0,5008791.0,4737462.0,266686,169123,97548,15,,,425006.0,141698.0,283308.0,,261955,1734,2997,2026.0,970.0,1.0,,,,,,,98.23,1.12,197585
2021-01-21,13174.0,5021965.0,4751239.0,266819,169198,97606,15,,,428139.0,142428.0,285711.0,,262140,1679,3000,2028.0,971.0,1.0,,,,,,,98.25,1.12,198105
2021-01-22,20427.0,5042392.0,4771140.0,266939,169260,97664,15,,,,,,,262349,1585,3005,2033.0,971.0,1.0,,,,,,,98.28,1.13,198911
2021-01-23,18953.0,5061345.0,4789977.0,267075,169339,97721,15,,,,,,,262507,1559,3009,2035.0,973.0,1.0,,,,,,,98.29,1.13,199659
2021-01-24,15999.0,5077344.0,4806200.0,267203,169414,97774,15,,,,,,,262682,1511,3010,2035.0,974.0,1.0,,,,,,,98.31,1.13,200290
2021-01-25,10011.0,5087355.0,4816654.0,267321,169479,97827,15,,,,,,,262929,1378,3014,2037.0,976.0,1.0,,,,,,,98.36,1.13,200685
2021-01-26,15680.0,5103035.0,4831799.0,267417,169545,97857,15,,,,,,,263119,1284,3014,2037.0,976.0,1.0,,,,,,,98.39,1.13,201303
2021-01-27,9296.0,5112331.0,4841513.0,267504,169598,97891,15,,,,,,,263236,1254,3014,2037.0,976.0,1.0,,,,,,,98.4,1.13,201670
2021-01-28,15476.0,5127807.0,4856466.0,267601,169663,97923,15,,,,,,,263347,1240,3014,2037.0,976.0,1.0,,,,,,,98.41,1.13,202280
2021-01-29,16474.0,5144281.0,4872696.0,267708,169725,97968,15,,,,,,,263501,1192,3015,2038.0,976.0,1.0,,,,,,,98.43,1.13,202930
2021-01-30,15507.0,5159788.0,4888338.0,267805,169784,98006,15,,,,,,,263654,1134,3017,2039.0,977.0,1.0,,,,,,,98.45,1.13,203542
2021-01-31,12542.0,5172330.0,4901083.0,267897,169835,98047,15,,,,,,,263764,1115,3018,2040.0,977.0,1.0,,,,,,,98.46,1.13,204037
2021-02-01,8290.0,5180620.0,4909677.0,267989,169884,98090,15,,,,,,,263886,1081,3022,2043.0,978.0,1.0,,,,,,,98.47,1.13,204364
2021-02-02,15792.0,5196412.0,4925048.0,268067,169936,98116,15,,,,,,,263989,1055,3023,2044.0,978.0,1.0,,,,,,,98.48,1.13,204987
2021-02-03,22511.0,5218923.0,4946890.0,268136,169976,98145,15,,,,,,,264093,1019,3024,2045.0,978.0,1.0,,,,,,,98.49,1.13,205875
2021-02-04,30326.0,5249249.0,4977063.0,268209,170010,98184,15,,,,,,,264221,962,3026,2046.0,979.0,1.0,,,,,,,98.51,1.13,207071
2021-02-05,26426.0,5275675.0,5002998.0,268293,170061,98217,15,,,,,,,264317,949,3027,2047.0,979.0,1.0,,,,,,,98.52,1.13,208113
2021-02-06,27549.0,5303224.0,5030692.0,268364,170101,98248,15,,,,,,,264429,908,3027,2047.0,979.0,1.0,,,,,,,98.53,1.13,209200
2021-02-07,21946.0,5325170.0,5052755.0,268431,170143,98273,15,,,,,,,264519,883,3029,2048.0,980.0,1.0,,,,,,,98.54,1.13,210066
2021-02-08,12097.0,5337267.0,5065497.0,268507,170185,98307,15,,,,,,,264608,870,3029,2048.0,980.0,1.0,,,,,,,98.55,1.13,210543
2021-02-09,21259.0,5358526.0,5086133.0,268600,170240,98345,15,,,,,,,264713,854,3033,2052.0,980.0,1.0,,,,,,,98.55,1.13,211382
2021-02-10,21535.0,5380061.0,5107320.0,268677,170290,98372,15,,,,,,,264820,824,3033,2052.0,980.0,1.0,,,,,,,98.56,1.13,212231
2021-02-11,20954.0,5401015.0,5128092.0,268783,170359,98409,15,,,,,,,264901,848,3034,2053.0,980.0,1.0,,,,,,,98.56,1.13,213058
2021-02-12,19415.0,5420430.0,5147740.0,268887,170414,98458,15,,,,,,,265015,837,3035,2054.0,980.0,1.0,,,,,,,98.56,1.13,213824
2021-02-13,19317.0,5439747.0,5166699.0,268969,170460,98494,15,,,,,,,265085,845,3039,2057.0,981.0,1.0,,,,,,,98.56,1.13,214586
2021-02-14,14767.0,5454514.0,5181772.0,269046,170496,98535,15,,,,,,,265155,852,3039,2057.0,981.0,1.0,,,,,,,98.55,1.13,215168
2021-02-15,9278.0,5463792.0,5191581.0,269154,170541,98598,15,,,,,,,265212,903,3039,2057.0,981.0,1.0,,,,,,,98.54,1.13,215534
2021-02-16,14961.0,5478753.0,5205960.0,269240,170591,98634,15,,,,,,,265381,819,3040,2058.0,981.0,1.0,,,,,,,98.57,1.13,216124
2021-02-17,10343.0,5489096.0,5216454.0,269322,170633,98674,15,,,,,,,265455,826,3041,2058.0,982.0,1.0,,,,,,,98.56,1.13,216532
2021-02-18,15904.0,5505000.0,5232132.0,269405,170685,98705,15,,,,,,,265549,814,3042,2058.0,983.0,1.0,,,,,,,98.57,1.13,217160
2021-02-19,18274.0,5523274.0,5249973.0,269498,170738,98745,15,,,,,,,265643,813,3042,2058.0,983.0,1.0,,,,,,,98.57,1.13,217881
2021-02-20,17062.0,5540336.0,5266993.0,269609,170793,98800,15,,,,,,,265751,816,3042,2058.0,983.0,1.0,,,,,,,98.57,1.13,218554
2021-02-21,14655.0,5554991.0,5281722.0,269730,170860,98855,15,,,,,,,265827,861,3042,2058.0,983.0,1.0,,,,,,,98.55,1.13,219132
2021-02-22,8758.0,5563749.0,5291162.0,269836,170916,98905,15,,,,,,,265920,874,3042,2058.0,983.0,1.0,,,,,,,98.55,1.13,219477
2021-02-23,14330.0,5578079.0,5304693.0,269967,170999,98953,15,,,,,,,266017,908,3042,2058.0,983.0,1.0,,,,,,,98.54,1.13,220043
2021-02-24,17722.0,5595801.0,5321800.0,270097,171078,99004,15,,,,,,,266099,955,3043,2058.0,984.0,1.0,,,,,,,98.52,1.13,220742
2021-02-25,19006.0,5614807.0,5340701.0,270263,171175,99073,15,,,,,,,266166,1054,3043,2058.0,984.0,1.0,,,,,,,98.48,1.13,221491
2021-02-26,21236.0,5636043.0,5361950.0,270411,171255,99140,16,,,,,,,266264,1103,3044,2059.0,984.0,1.0,,,,,,,98.47,1.13,222329
2021-02-27,21217.0,5657260.0,5382482.0,270610,171363,99231,16,,,,,,,266358,1205,3047,2059.0,987.0,1.0,,,,,,,98.43,1.13,223166
2021-02-28,12724.0,5669984.0,5396278.0,270784,171466,99302,16,,,,,,,266461,1275,3048,2060.0,987.0,1.0,,,,,,,98.4,1.13,223668
2021-03-01,8615.0,5678599.0,5405118.0,270950,171560,99374,16,,,,,,,266612,1288,3050,2061.0,988.0,1.0,,,,,,,98.4,1.13,224008
2021-03-02,18684.0,5697283.0,5423353.0,271125,171653,99456,16,,,,,,,266725,1348,3052,2062.0,989.0,1.0,,,,,,,98.38,1.13,224745
2021-03-03,20526.0,5717809.0,5443032.0,271365,171788,99561,16,,,,,,,266843,1470,3052,2062.0,989.0,1.0,,,,,,,98.33,1.12,225555
2021-03-04,21617.0,5739426.0,5464313.0,271659,171957,99686,16,,,,,,,266992,1615,3052,2062.0,989.0,1.0,,,,,,,98.28,1.12,226407
2021-03-05,21100.0,5760526.0,5485260.0,271892,172028,99848,16,,,,,,,267116,1723,3053,2062.0,990.0,1.0,,,,,,,98.24,1.12,227240
2021-03-06,19505.0,5780031.0,5504474.0,272215,172205,99994,16,,,,,,,267261,1898,3056,2064.0,991.0,1.0,,,,,,,98.18,1.12,228009
2021-03-07,16966.0,5796997.0,5521598.0,272520,172369,100135,16,,,,,,,267433,2031,3056,2064.0,991.0,1.0,,,,,,,98.13,1.12,228678
2021-03-08,9380.0,5806377.0,5531744.0,272751,172508,100227,16,,,,,,,267610,2083,3058,2065.0,992.0,1.0,,,,,,,98.12,1.12,229048
2021-03-09,17571.0,5823948.0,5540806.0,273087,172706,100365,16,,,,,,,267762,2263,3062,2068.0,993.0,1.0,,,,,,,98.05,1.12,229742
2021-03-10,22031.0,5845979.0,5558672.0,273446,172921,100509,16,,,,,,,267942,2440,3064,2070.0,993.0,1.0,,,,,,,97.99,1.12,230611
2021-03-11,18437.0,5864416.0,5573143.0,273888,173203,100669,16,,,,,,,268144,2679,3065,2071.0,993.0,1.0,,,,,,,97.9,1.12,231338
2021-03-12,12839.0,5877255.0,5588403.0,274273,173424,100833,16,,,,,,,268397,2807,3069,2073.0,995.0,1.0,,,,,,,97.86,1.12,231844
2021-03-13,18522.0,5895777.0,,274697,173660,101021,16,,,,,,,268672,2952,3073,2077.0,995.0,1.0,,,,,,,97.81,1.12,232575
2021-03-14,18096.0,5913873.0,,275137,173913,101208,16,,,,,,,268968,3095,3074,2078.0,995.0,1.0,,,,,,,97.76,1.12,233289
2021-03-15,11393.0,5925266.0,,275557,174165,101376,16,,,,,,,269268,3212,3077,2081.0,995.0,1.0,,,,,,,97.72,1.12,233738
2021-03-16,16907.0,5942173.0,,276080,174465,101599,16,,,,,,,269517,3484,3079,2082.0,996.0,1.0,,,,,,,97.62,1.12,234405
2021-03-17,19279.0,5961452.0,,276635,174790,101829,16,,,,,,,269812,3740,3083,2084.0,998.0,1.0,14199.0,13090.0,1109.0,,,,97.53,1.11,235166
2021-03-18,20863.0,5982315.0,,277268,175141,102111,16,,,,,,,270222,3957,3089,2089.0,999.0,1.0,68858.0,66246.0,2612.0,,,,97.46,1.11,235989
2021-03-19,22950.0,6005265.0,,278140,175637,102487,16,,,,,,,270670,4380,3090,2090.0,999.0,1.0,60944.0,57510.0,3434.0,,,,97.31,1.11,236894
2021-03-20,23543.0,6028808.0,,278961,176101,102844,16,,,,,,,271038,4830,3093,2091.0,1001.0,1.0,14581.0,13492.0,1089.0,,,,97.16,1.11,237823
2021-03-21,24068.0,6052876.0,,279828,176573,103239,16,,,,,,,271375,5355,3098,2095.0,1002.0,1.0,523.0,462.0,61.0,,,,96.98,1.11,238772
2021-03-22,13896.0,6066772.0,,280693,177043,103634,16,,,,,,,271894,5698,3101,2096.0,1004.0,1.0,249362.0,242655.0,6707.0,,,,96.87,1.1,239320
2021-03-23,21340.0,6088112.0,,281588,177557,104015,16,,,,,,,272335,6149,3104,2096.0,1007.0,1.0,43116.0,41785.0,1331.0,,,,96.71,1.1,240162
2021-03-24,19135.0,6107247.0,,282569,178156,104397,16,,,,,,,272714,6745,3110,2100.0,1009.0,1.0,13171.0,12144.0,1027.0,,,,96.51,1.1,240917
2021-03-25,27119.0,6134366.0,,283622,178750,104856,16,,,,,,,273276,7229,3117,2102.0,1014.0,1.0,48149.0,45969.0,2180.0,,,,96.35,1.1,241987
2021-03-26,28320.0,6162686.0,,284944,179514,105414,16,,,,,,,274024,7795,3125,2104.0,1020.0,1.0,40878.0,39268.0,1610.0,,,,96.17,1.1,243104
2021-03-27,24821.0,6187507.0,,286327,180290,106021,16,,,,,,,274785,8410,3132,2111.0,1020.0,1.0,15508.0,14902.0,606.0,,,,95.97,1.09,244083
2021-03-28,23724.0,6211231.0,,287719,181049,106654,16,,,,,,,275458,9120,3141,2117.0,1023.0,1.0,1215.0,1209.0,6.0,,,,95.74,1.09,245019
2021-03-30,8490.0,6233290.0,,289694,182138,107540,16,,,,,,,277110,9437,3147,2120.0,1026.0,1.0,163299.0,,,,,,95.66,1.09,245889
2021-03-31,22896.0,6256186.0,,290800,182761,108023,16,,,,,,,277919,9726,3155,2124.0,1030.0,1.0,108900.0,106244.0,2656.0,,,,95.57,1.08,246792
2021-04-01,26420.0,6282606.0,,292409,183690,108703,16,,,,,,,278883,10362,3164,2130.0,1033.0,1.0,110201.0,,,,,,95.37,1.08,247835
2021-04-02,29128.0,6311734.0,,294270,184815,109439,16,,,,,,,280074,11022,3174,2139.0,1034.0,1.0,76988.0,72552.0,4436.0,,,,95.18,1.08,248984
2021-04-03,30998.0,6342732.0,,296229,185933,110280,16,,,,,,,281258,11787,3184,2146.0,1037.0,1.0,55038.0,52593.0,2445.0,,,,94.95,1.07,250206
2021-04-04,28407.0,6371139.0,,298133,187019,111098,16,,,,,,,282368,12574,3191,2149.0,1041.0,1.0,34304.0,33589.0,715.0,,,,94.71,1.07,251327
2021-04-05,18663.0,6389802.0,,300173,188173,111984,16,,,,,,,283869,13105,3199,2152.0,1046.0,1.0,144202.0,138753.0,5449.0,,,,94.57,1.07,252063
2021-04-06,32449.0,6422251.0,,302272,189345,112911,16,,,,,,,284984,14080,3208,2156.0,1051.0,1.0,84950.0,79451.0,5499.0,,,,94.28,1.06,253343
2021-04-07,32584.0,6454835.0,,304638,190618,114004,16,,,,,,,286182,15237,3219,2163.0,1055.0,1.0,29836.0,27164.0,2672.0,,,,93.94,1.06,254629
2021-04-08,32963.0,6487798.0,,307510,192311,115183,16,,,,,,,287151,17129,3230,2170.0,1059.0,1.0,84548.0,79157.0,5391.0,,,,93.38,1.05,255929
2021-04-09,36226.0,6524024.0,,310504,194042,116446,16,,,,,,,289121,18142,3241,2177.0,1063.0,1.0,93405.0,84693.0,8712.0,,,,93.11,1.04,257358
2021-04-10,34236.0,6558260.0,,313441,195750,117675,16,,,,,,,290736,19453,3252,2183.0,1068.0,1.0,50845.0,44609.0,6236.0,,,,92.76,1.04,258708
2021-04-11,34856.0,6593116.0,,316881,197794,119071,16,,,,,,,292632,20981,3268,2190.0,1077.0,1.0,113917.0,106666.0,7251.0,,,,92.35,1.03,260083
2021-04-12,24988.0,6618104.0,,320699,200016,120667,16,,,,,,,294930,22487,3282,2198.0,1083.0,1.0,179570.0,158367.0,21203.0,,,,91.96,1.02,261069
2021-04-13,34828.0,6652932.0,,324544,202268,122260,16,,,,,,,297039,24207,3298,2208.0,1089.0,1.0,168828.0,144827.0,24001.0,,,,91.53,1.02,262443
2021-04-14,39543.0,6692475.0,,329942,205405,124521,16,,,,,,,299205,27421,3316,2217.0,1098.0,1.0,175012.0,138637.0,36375.0,,,,90.68,1.01,264003
2021-04-15,31493.0,6723968.0,,335800,208835,126949,16,,,,,,,301948,30518,3334,2230.0,1103.0,1.0,42575.0,29236.0,13339.0,,,,89.92,0.99,265245
2021-04-16,41658.0,6765626.0,,342077,212539,129522,16,,,,,,,304906,33817,3354,2241.0,1112.0,1.0,66640.0,45551.0,21089.0,,,,89.13,0.98,266889
2021-04-17,43987.0,6809613.0,,349794,217069,132709,16,,,,,,,307850,38558,3386,2262.0,1123.0,1.0,55670.0,38672.0,16998.0,,,,88.01,0.97,268624
2021-04-18,43883.0,6853496.0,,356971,221388,135567,16,,,,,,,311339,42217,3415,2281.0,1133.0,1.0,31579.0,23500.0,8079.0,,,,87.22,0.96,270355
2021-04-19,32278.0,6885774.0,,363813,225585,138212,16,,6842.0,,,,,315002,45363,3448,2305.0,1142.0,1.0,87126.0,52423.0,34703.0,3275445.0,,,86.58,0.95,271628
2021-04-20,46756.0,6932530.0,,371624,230343,141265,16,,7811.0,,,,,318369,49772,3483,2327.0,1155.0,1.0,72103.0,44694.0,27409.0,3347548.0,,,85.67,0.94,273473
2021-04-21,45826.0,6978356.0,,381247,236072,145159,16,,9623.0,,,,,322297,55422,3528,2351.0,1176.0,1.0,38944.0,24299.0,14645.0,3386492.0,,,84.54,0.93,275280
2021-04-22,40687.0,7019043.0,,390989,242029,148944,16,,9742.0,,,,,328809,58597,3583,2382.0,1200.0,1.0,46951.0,29307.0,17644.0,3433443.0,,,84.1,0.92,276885
2021-04-23,49152.0,7068195.0,,402843,249358,153469,16,,11854.0,,,,,335143,64057,3643,2416.0,1226.0,1.0,81030.0,49110.0,31920.0,3514473.0,,,83.19,0.9,278824
2021-04-24,49069.0,7117264.0,,413334,255785,157533,16,,10491.0,,,,,340247,69384,3703,2447.0,1255.0,1.0,66812.0,43828.0,22984.0,3581285.0,,,82.32,0.9,280760
2021-04-25,46989.0,7164253.0,,424319,262414,161889,16,,10985.0,,,,,346304,74248,3767,2490.0,1276.0,1.0,35909.0,24819.0,11090.0,3617194.0,,,81.61,0.89,282614
2021-04-26,35523.0,7199776.0,,435823,269533,166274,16,,11504.0,,,,,352515,79466,3842,2540.0,1301.0,1.0,51239.0,31580.0,19659.0,3668433.0,,,80.88,0.88,284015
2021-04-27,47198.0,7246974.0,,447754,276706,171032,16,,11931.0,,,,,359699,84129,3926,2583.0,1342.0,1.0,33665.0,21106.0,12559.0,3702098.0,,,80.33,0.88,285877
2021-04-28,48740.0,7295714.0,,460198,284357,175824,17,,12444.0,,,,,367317,88860,4021,2641.0,1379.0,1.0,37461.0,21681.0,15780.0,3739559.0,,,79.82,0.87,287799
2021-04-29,48705.0,7344419.0,,474145,292742,181386,17,,13947.0,,,,,376852,93175,4118,2697.0,1420.0,1.0,44041.0,25831.0,18210.0,3783600.0,,,79.48,0.87,289721
2021-04-30,50031.0,7394450.0,,487978,301079,186882,17,,13833.0,,,,,386200,97562,4216,2755.0,1460.0,1.0,29674.0,17520.0,12154.0,3813274.0,,,79.14,0.86,291694
2021-05-01,50823.0,7445273.0,,501566,309426,192123,17,,13588.0,,,,,394709,102516,4341,2834.0,1506.0,1.0,15668.0,9969.0,5699.0,3828942.0,,,78.7,0.87,293699
2021-05-02,50230.0,7495503.0,,514888,317417,197454,17,,13322.0,,,,,405132,105270,4486,2912.0,1573.0,1.0,18692.0,17581.0,1111.0,3847634.0,,,78.68,0.87,295681
2021-05-03,48566.0,7544069.0,,527773,325281,202475,17,,12885.0,,,,,418425,104722,4626,2993.0,1632.0,1.0,56172.0,49035.0,7137.0,3903806.0,,,79.28,0.88,297596
2021-05-04,58408.0,7602477.0,,543559,334541,209001,17,,15786.0,,,,,429950,108830,4779,3084.0,1694.0,1.0,67726.0,52988.0,14738.0,3971532.0,,,79.1,0.88,299900
2021-05-05,51453.0,7653930.0,,558975,343674,215284,17,,15416.0,,,,,440590,113425,4960,3198.0,1761.0,1.0,56103.0,36358.0,19745.0,4027635.0,,,78.82,0.89,301930
2021-05-06,52132.0,7706062.0,,573815,352594,221204,17,,14840.0,,,,,452836,115842,5137,3309.0,1827.0,1.0,97618.0,63993.0,33625.0,4125253.0,29.92,7.48,78.92,0.9,303987
2021-05-07,52514.0,7758576.0,,587682,360786,226879,17,,13867.0,,,,,466420,115963,5299,3399.0,1899.0,1.0,103933.0,60356.0,43577.0,4229186.0,26.27,7.6,79.37,0.9,306058
2021-05-08,55555.0,7814131.0,,602349,369591,232741,17,,14667.0,,,,,480786,116109,5454,3487.0,1966.0,1.0,71730.0,43732.0,27998.0,4300916.0,27.59,7.74,79.82,0.91,308250
2021-05-10,49703.0,7919278.0,,628615,385038,243560,17,,12718.0,,,,104029.0,509617,113232,5766,3663.0,2102.0,1.0,128792.0,74146.0,54646.0,4488920.0,25.3,7.97,81.07,0.92,312398
2021-05-11,64874.0,7984152.0,,640252,391916,248319,17,,11637.0,,,,100315.0,525345,108997,5910,3749.0,2160.0,1.0,104902.0,60701.0,44201.0,4593822.0,21.46,8.07,82.05,0.92,314957
2021-05-12,68122.0,8052274.0,,652742,399455,253270,17,,12490.0,,,,93665.0,539609,107058,6075,3841.0,2233.0,1.0,64544.0,40818.0,23726.0,4658366.0,18.84,8.16,82.67,0.93,317644
2021-05-13,65141.0,8117415.0,,665028,406912,258099,17,,12286.0,,,,91973.0,555650,103140,6238,3941.0,2296.0,1.0,97819.0,55569.0,42250.0,4756185.0,17.85,8.24,83.55,0.94,320214
2021-05-14,64912.0,8182327.0,,675636,413380,262239,17,,10608.0,,,,87836.0,570227,99007,6402,4045.0,2356.0,1.0,50716.0,29475.0,21241.0,4806901.0,15.94,8.3,84.4,0.95,322774
2021-05-16,60539.0,8299423.0,,694427,424674,269736,17,,9115.0,,,,82242.0,597676,90066,6685,4216.0,2468.0,1.0,43887.0,40813.0,3074.0,4896395.0,15.34,8.41,86.07,0.96,327393
2021-05-17,49934.0,8349357.0,,701915,429123,272775,17,,7488.0,,,,76310.0,611955,83161,6799,4294.0,2504.0,1.0,57284.0,53988.0,3296.0,4953679.0,14.94,8.45,87.18,0.97,329363
2021-05-18,60457.0,8409814.0,,709689,433815,275857,17,,7774.0,,,,67666.0,626852,75914,6923,4376.0,2546.0,1.0,57638.0,55360.0,2278.0,5011317.0,13.7,8.48,88.33,0.98,331748
2021-05-19,69780.0,8479594.0,,716507,437955,278535,17,,6818.0,,,,63052.0,638673,70758,7076,4465.0,2610.0,1.0,49202.0,45402.0,3800.0,5060519.0,11.27,8.5,89.14,0.99,334501
2021-05-20,50222.0,8529816.0,,722964,441883,281064,17,,6457.0,,,,58220.0,653407,62352,7205,4541.0,2663.0,1.0,68844.0,65985.0,2859.0,5129363.0,10.84,8.52,90.38,1.0,336482
2021-05-21,55446.0,8585262.0,,728607,445355,283235,17,,5643.0,,,,48714.0,666893,54397,7317,4607.0,2709.0,1.0,73571.0,71027.0,2544.0,5202934.0,9.83,8.53,91.53,1.0,338669
2021-05-24,45100.0,8737182.0,,741785,453399,288369,17,,3757.0,,,,31726.0,696059,38119,7607,4781.0,2825.0,1.0,91578.0,87457.0,4121.0,5372311.0,7.7,8.52,93.84,1.03,344662
2021-05-25,50545.0,8787727.0,,744602,455113,289472,17,,2817.0,,,,27779.0,702779,34088,7735,4860.0,2874.0,1.0,66904.0,61985.0,4919.0,5439215.0,6.47,8.51,94.38,1.04,346656
2021-05-26,52762.0,8840489.0,,747740,457044,290679,17,,3138.0,,,,25706.0,708255,31644,7841,4923.0,2917.0,1.0,44151.0,40822.0,3329.0,5483366.0,6.02,8.5,94.72,1.05,348737
2021-05-27,44274.0,8884763.0,,750062,458465,291580,17,,2322.0,,,,24215.0,713934,28189,7939,4982.0,2956.0,1.0,55559.0,49199.0,6360.0,5538925.0,5.51,8.48,95.18,1.06,350484
2021-05-28,46626.0,8931389.0,,752069,459660,292392,17,,2007.0,,,,21398.0,718959,25075,8035,5043.0,2991.0,1.0,53781.0,46782.0,6999.0,5592706.0,4.48,8.46,95.6,1.07,352323
2021-05-29,46994.0,8978383.0,,753937,460787,293133,17,,1868.0,,,,18421.0,722711,23094,8132,5099.0,3032.0,1.0,45797.0,37097.0,8700.0,5638503.0,3.88,8.44,95.86,1.08,354177
2021-05-31,29334.0,9050306.0,,756635,462401,294217,17,,1246.0,,,,14584.0,729752,18580,8303,5194.0,3108.0,1.0,51323.0,46387.0,4936.0,5712100.0,3.18,8.39,96.45,1.1,357014
2021-06-01,40635.0,9090941.0,,757868,463154,294697,17,,1233.0,,,,12972.0,733205,16280,8383,5247.0,3135.0,1.0,57919.0,53169.0,4750.0,5770019.0,2.93,8.36,96.75,1.11,358617
2021-06-02,42675.0,9133616.0,,759039,463835,295187,17,,1171.0,,,,11309.0,735910,14668,8461,5296.0,3164.0,1.0,61491.0,58320.0,3171.0,5831510.0,2.8,8.34,96.95,1.11,360300
2021-06-03,44334.0,9177950.0,,760019,464428,295574,17,,980.0,,,,10343.0,738799,12688,8532,5336.0,3195.0,1.0,67359.0,63211.0,4148.0,5898869.0,2.49,8.31,97.21,1.12,362049
2021-06-04,41083.0,9219033.0,,760914,464951,295946,17,,895.0,,,,9143.0,741255,11054,8605,5381.0,3223.0,1.0,53523.0,49310.0,4213.0,5952392.0,2.13,8.29,97.42,1.13,363670
2021-06-05,41467.0,9260500.0,,761637,465359,296261,17,,723.0,,,,8202.0,742999,9974,8664,5424.0,3239.0,1.0,43591.0,40328.0,3263.0,5995983.0,1.87,8.26,97.55,1.14,365306
2021-06-07,26744.0,9323986.0,,762931,466147,296767,17,,640.0,,,,6386.0,746156,8024,8751,5475.0,3275.0,1.0,42419.0,37508.0,4911.0,6060728.0,1.65,8.2,97.8,1.15,367810
2021-06-08,33930.0,9357916.0,,763566,466538,297011,17,,635.0,,,,5592.0,747246,7531,8789,5499.0,3289.0,1.0,47129.0,42153.0,4976.0,6107857.0,1.6,8.18,97.86,1.15,369149
2021-06-09,34997.0,9392913.0,,764094,466871,297206,17,,528.0,,,,4993.0,748186,7079,8829,5529.0,3299.0,1.0,85508.0,79707.0,5801.0,6193365.0,1.57,8.15,97.92,1.16,370529
2021-06-10,39189.0,9432102.0,,764633,467209,297407,17,,539.0,,,,4778.0,749407,6365,8861,5551.0,3309.0,1.0,122371.0,113000.0,9371.0,6315736.0,1.42,8.13,98.01,1.16,372075
2021-06-11,39365.0,9471467.0,,765096,467491,297588,17,,463.0,,,,4038.0,750443,5749,8904,5575.0,3328.0,1.0,97363.0,86844.0,10519.0,6413099.0,1.24,8.1,98.08,1.16,373628
2021-06-12,34784.0,9506251.0,,765522,467756,297749,17,,426.0,,,,3512.0,751387,5186,8949,5605.0,3343.0,1.0,74654.0,68167.0,6487.0,6487753.0,1.23,8.07,98.15,1.17,375000
2021-06-14,23827.0,9562451.0,,766129,468144,297968,17,,268.0,,,,2786.0,753020,4077,9032,5649.0,3382.0,1.0,86659.0,75558.0,11101.0,6608145.0,0.94,8.03,98.29,1.18,377217
2021-06-15,32216.0,9594667.0,,766357,468288,298052,17,,228.0,,,,2455.0,753584,3703,9070,5675.0,3394.0,1.0,74052.0,61615.0,12437.0,6682197.0,0.75,8.01,98.33,1.18,378488
2021-06-16,32555.0,9627222.0,,766606,468440,298149,17,,249.0,,,,2210.0,753918,3579,9109,5704.0,3404.0,1.0,61964.0,52141.0,9823.0,6744161.0,0.76,7.98,98.34,1.19,379772
2021-06-17,30596.0,9657818.0,,766838,468583,298238,17,,232.0,,,,2087.0,754464,3227,9147,5725.0,3421.0,1.0,123054.0,106628.0,16426.0,6867215.0,0.76,7.96,98.39,1.19,380979
2021-06-18,34168.0,9691986.0,,767047,468703,298327,17,,209.0,,,,1913.0,754924,2940,9183,5742.0,3440.0,1.0,83862.0,70594.0,13268.0,6951077.0,0.67,7.94,98.42,1.2,382327
2021-06-21,20429.0,9773565.0,,767580,469041,298522,17,,162.0,,,,1295.0,755968,2337,9275,5802.0,3472.0,1.0,627136.0,564273.0,62863.0,7659624.0,0.61,7.87,98.49,1.21,385545
2021-06-22,32518.0,9806083.0,,767726,469140,298569,17,,146.0,,,,1172.0,756231,2200,9295,5811.0,3483.0,1.0,71707.0,59428.0,12279.0,7969595.0,0.46,7.85,98.5,1.21,386828
2021-06-23,30061.0,9836144.0,,767900,469243,298640,17,,174.0,,,,1075.0,756426,2160,9314,5824.0,3489.0,1.0,60789.0,49049.0,11740.0,8059232.0,0.57,7.82,98.51,1.21,388014
2021-06-24,30352.0,9866496.0,,768002,469307,298678,17,,102.0,,,,1028.0,756679,1990,9333,5834.0,3498.0,1.0,68188.0,55495.0,12693.0,8136116.0,0.34,7.8,98.53,1.22,389211
2021-06-25,25250.0,9891746.0,,768142,469383,298742,17,,140.0,,,,893.0,756864,1927,9351,5842.0,3508.0,1.0,140408.0,108008.0,32400.0,8305690.0,0.5,7.78,98.53,1.22,390207
2021-06-26,29982.0,9921728.0,,768263,469449,298797,17,,121.0,,,,839.0,757091,1804,9368,5854.0,3513.0,1.0,117324.0,90097.0,27227.0,8423014.0,0.41,7.76,98.55,1.22,391390
2021-06-28,21525.0,9974316.0,,768474,469575,298882,17,,96.0,,,,698.0,757480,1593,9401,5876.0,3524.0,1.0,136570.0,97909.0,38661.0,8607083.0,0.4,7.72,98.57,1.22,393464
2021-06-29,31745.0,10006061.0,,768552,469619,298916,17,,78.0,,,,656.0,757640,1495,9417,5886.0,3530.0,1.0,138172.0,97205.0,40967.0,8745255.0,0.26,7.7,98.58,1.23,394716
2021-06-30,33106.0,10039167.0,,768639,469676,298946,17,,87.0,,,,597.0,757771,1437,9431,5894.0,3536.0,1.0,105274.0,70295.0,34979.0,8850529.0,0.27,7.67,98.59,1.23,396022
2021-07-03,33364.0,10139882.0,,768852,469805,299030,17,,52.0,,,,512.0,758144,1234,9474,5920.0,3553.0,1.0,141467.0,100979.0,40488.0,9350852.0,0.16,7.6,98.61,1.23,399995
2021-07-04,29410.0,10169292.0,,768903,469838,299048,17,,51.0,,,,485.0,758231,1186,9486,5922.0,3563.0,1.0,56389.0,39701.0,16688.0,9407241.0,0.18,7.58,98.61,1.23,401156
2021-07-05,22008.0,10191300.0,,768957,469873,299067,17,,54.0,,,,456.0,758348,1113,9496,5931.0,3564.0,1.0,102539.0,65208.0,37331.0,9509780.0,0.21,7.56,98.62,1.23,402024
2021-07-06,31838.0,10223138.0,,769030,469917,299096,17,,73.0,,,,415.0,758442,1082,9506,5936.0,3569.0,1.0,68852.0,42863.0,25989.0,9578632.0,0.24,7.54,98.62,1.24,403280
2021-07-07,30620.0,10253758.0,,769093,469957,299119,17,,63.0,,,,380.0,758512,1066,9515,5942.0,3572.0,1.0,37455.0,20865.0,16590.0,9616087.0,0.21,7.52,98.62,1.24,404487
2021-07-08,28615.0,10282373.0,,769148,470001,299130,17,,55.0,,,,388.0,758589,1034,9525,5949.0,3575.0,1.0,39077.0,21830.0,17247.0,9655164.0,0.19,7.5,98.63,1.24,405616
2021-07-09,29542.0,10311915.0,,769205,470037,299151,17,,57.0,,,,353.0,758678,993,9534,5955.0,3578.0,1.0,108241.0,62965.0,45276.0,9763405.0,0.19,7.48,98.63,1.24,406782
2021-07-10,31494.0,10343409.0,,769243,470058,299168,17,,38.0,,,,337.0,758728,973,9542,5962.0,3579.0,1.0,79814.0,49169.0,30645.0,9843219.0,0.13,7.46,98.63,1.24,408024
2021-07-12,18986.0,10391493.0,,769307,470095,299195,17,,28.0,,,,313.0,758849,902,9556,5969.0,3586.0,1.0,50250.0,28496.0,21754.0,9927899.0,0.12,7.42,98.64,1.24,409921
2021-07-13,29298.0,10420791.0,,769343,470118,299208,17,,36.0,,,,282.0,758908,872,9563,5975.0,3587.0,1.0,128264.0,72167.0,56097.0,10056163.0,0.13,7.4,98.64,1.24,411077
2021-07-14,28907.0,10449698.0,,769383,470146,299220,17,,40.0,,,,258.0,758958,854,9571,5981.0,3589.0,1.0,127926.0,98103.0,29823.0,10184089.0,0.14,7.38,98.65,1.24,412217
2021-07-15,28288.0,10477986.0,,769417,470170,299230,17,,34.0,,,,248.0,759001,838,9578,5984.0,3593.0,1.0,71327.0,42938.0,28389.0,10255416.0,0.12,7.36,98.65,1.24,413333
2021-07-16,27087.0,10505073.0,,769463,470203,299243,17,,46.0,,,,238.0,759041,836,9586,5987.0,3598.0,1.0,145977.0,84295.0,61682.0,10401393.0,0.16,7.34,98.65,1.25,414401
2021-07-17,30719.0,10535792.0,,769504,470230,299257,17,,41.0,,,,235.0,759088,823,9593,5991.0,3601.0,1.0,101676.0,60323.0,41353.0,10503069.0,0.14,7.32,98.65,1.25,415613
2021-07-18,25550.0,10561342.0,,769539,470252,299270,17,,35.0,,,,236.0,759123,817,9599,5995.0,3603.0,1.0,69763.0,45167.0,24596.0,10572832.0,0.12,7.3,98.65,1.25,416621
2021-07-19,15304.0,10576646.0,,769569,470273,299279,17,,30.0,,,,230.0,759179,785,9605,5999.0,3605.0,1.0,115062.0,73478.0,41584.0,10687894.0,0.15,7.29,98.65,1.25,417225
2021-07-20,24738.0,10601384.0,,769605,470296,299292,17,,36.0,,,,209.0,759213,784,9608,6001.0,3606.0,1.0,98282.0,60029.0,38253.0,10786176.0,0.17,7.27,98.65,1.25,418201
2021-07-21,28973.0,10630357.0,,769640,470318,299305,17,,35.0,,,,197.0,759240,789,9611,6003.0,3607.0,1.0,37749.0,20194.0,17555.0,10823925.0,0.14,7.26,98.65,1.25,419343
2021-07-22,19929.0,10650286.0,,769665,470331,299317,17,,25.0,,,,197.0,759287,765,9613,6004.0,3608.0,1.0,69534.0,32942.0,36592.0,10893459.0,0.1,7.24,98.65,1.25,420130
2021-07-23,28218.0,10678504.0,,769704,470358,299329,17,,39.0,,,,191.0,759325,763,9616,6006.0,3609.0,1.0,45362.0,26750.0,18612.0,10938821.0,0.16,7.22,98.65,1.25,421243
2021-07-24,26880.0,10705384.0,,769717,470365,299335,17,,13.0,,,,186.0,759360,740,9617,6007.0,3609.0,1.0,39962.0,24629.0,15333.0,10978783.0,0.05,7.2,98.65,1.25,422303
2021-07-25,21248.0,10726632.0,,769739,470381,299341,17,,22.0,,,,171.0,759405,715,9619,6007.0,3611.0,1.0,40877.0,25525.0,15352.0,11019660.0,0.09,7.19,98.66,1.25,423141
2021-07-26,16267.0,10742899.0,,769770,470399,299354,17,,31.0,,,,157.0,759437,711,9622,6009.0,3612.0,1.0,99971.0,58301.0,41670.0,11119631.0,0.15,7.18,98.66,1.25,423783
2021-07-27,27562.0,10770461.0,,769796,470420,299359,17,,26.0,,,,148.0,759471,701,9624,6011.0,3612.0,1.0,85107.0,47466.0,37641.0,11204738.0,0.12,7.16,98.66,1.25,424870
2021-07-28,25628.0,10796089.0,,769828,470441,299370,17,,32.0,,,,145.0,759499,702,9627,6012.0,3614.0,1.0,138399.0,89319.0,49080.0,11343137.0,0.13,7.14,98.66,1.25,425881
2021-07-29,22307.0,10818396.0,,769858,470461,299380,17,,30.0,,,,151.0,759516,712,9630,6015.0,3614.0,1.0,171955.0,107250.0,64705.0,11515092.0,0.12,7.13,98.66,1.25,426761
2021-07-30,27355.0,10845751.0,,769884,470477,299390,17,,26.0,,,,151.0,759539,712,9633,6017.0,3615.0,1.0,143965.0,89066.0,54899.0,11659057.0,0.11,7.11,98.66,1.25,427840
2021-07-31,28330.0,10874081.0,,769913,470494,299402,17,,29.0,,,,156.0,759566,712,9635,6018.0,3616.0,1.0,150060.0,98329.0,51731.0,11809117.0,0.11,7.1,98.66,1.25,428958
2021-08-01,20926.0,10895007.0,,769942,470510,299415,17,,29.0,,,,140.0,759589,715,9638,6020.0,3617.0,1.0,130772.0,96110.0,34662.0,11939889.0,0.12,7.08,98.66,1.25,429783
2021-08-02,16264.0,10911271.0,,769956,470518,299421,17,,14.0,,,,149.0,759614,703,9639,6021.0,3617.0,1.0,188432.0,126612.0,61820.0,12128321.0,0.07,7.07,98.66,1.25,430425
2021-08-03,30064.0,10941335.0,,769982,470536,299429,17,,26.0,,,,135.0,759633,708,9641,6022.0,3618.0,1.0,180651.0,114872.0,65779.0,12308972.0,0.12,7.05,98.66,1.25,431611
2021-08-04,29857.0,10971192.0,,770009,470550,299442,17,,27.0,,,,132.0,759653,712,9644,6023.0,3620.0,1.0,116741.0,70641.0,46100.0,12425713.0,0.09,7.03,98.66,1.25,432789
2021-08-05,28791.0,10999983.0,,770027,470563,299447,17,,18.0,,,,140.0,759678,703,9646,6025.0,3620.0,1.0,115069.0,71190.0,43879.0,12540782.0,0.06,7.02,98.66,1.25,433924
2021-08-06,29148.0,11029131.0,,770042,470573,299452,17,,15.0,,,,146.0,759705,690,9647,6026.0,3620.0,1.0,106148.0,73838.0,32310.0,12646930.0,0.05,7.0,98.66,1.25,435074
2021-08-07,34305.0,11063436.0,,770060,470583,299460,17,,18.0,,,,133.0,759727,685,9648,6027.0,3620.0,1.0,139238.0,85558.0,53680.0,12786168.0,0.05,6.98,98.66,1.25,436427
2021-08-08,25535.0,11088971.0,,770079,470597,299465,17,,19.0,,,,123.0,759751,679,9649,6028.0,3620.0,1.0,80846.0,50662.0,30184.0,12867014.0,0.07,6.96,98.66,1.25,437435
2021-08-09,16136.0,11105107.0,,770091,470605,299469,17,,12.0,,,,114.0,759769,672,9650,6029.0,3620.0,1.0,139600.0,86849.0,52751.0,13006614.0,0.05,6.95,98.66,1.25,438071
2021-08-10,30448.0,11135555.0,,770114,470621,299476,17,,23.0,,,,108.0,759790,672,9652,6030.0,3621.0,1.0,78637.0,42307.0,36330.0,13085251.0,0.11,6.93,98.66,1.25,439272
2021-08-11,28172.0,11163727.0,,770130,470631,299482,17,,16.0,,,,114.0,759807,670,9653,6031.0,3621.0,1.0,104946.0,61744.0,43202.0,13190197.0,0.06,6.91,98.66,1.25,440384
2021-08-12,27611.0,11191338.0,,770146,470643,299486,17,,16.0,,,,109.0,759820,672,9654,6032.0,3621.0,1.0,139646.0,83278.0,56368.0,13329843.0,0.06,6.9,98.66,1.25,441473
2021-08-13,31373.0,11222711.0,,770172,470659,299496,17,,26.0,,,,118.0,759852,664,9656,6034.0,3621.0,1.0,177596.0,109734.0,67862.0,13507439.0,0.09,6.88,98.66,1.25,442710
2021-08-14,30615.0,11253326.0,,770186,470669,299500,17,,14.0,,,,117.0,759875,654,9657,6035.0,3621.0,1.0,164227.0,102365.0,61862.0,13671666.0,0.05,6.86,98.66,1.25,443918
2021-08-15,26782.0,11280108.0,,770208,470685,299506,17,,22.0,,,,103.0,759886,664,9658,6036.0,3621.0,1.0,82859.0,56120.0,26739.0,13754525.0,0.07,6.84,98.66,1.25,444975
2021-08-16,14561.0,11294669.0,,770230,470702,299511,17,,22.0,,,,107.0,759904,666,9660,6037.0,3622.0,1.0,133258.0,86874.0,46384.0,13887783.0,0.11,6.83,98.66,1.25,445549
2021-08-17,29390.0,11324059.0,,770245,470726,299502,17,,15.0,,,,115.0,759924,660,9661,6038.0,3622.0,1.0,196954.0,131549.0,65405.0,14084737.0,0.06,6.82,98.66,1.25,446708
2021-08-18,28504.0,11352563.0,,770266,470731,299518,17,,21.0,,,,106.0,759938,666,9662,6039.0,3622.0,1.0,130434.0,86058.0,44376.0,14215171.0,0.08,6.8,98.66,1.25,447833
2021-08-19,29309.0,11381872.0,,770291,470740,299534,17,,25.0,,,,111.0,759956,671,9664,6041.0,3622.0,1.0,203624.0,139702.0,63922.0,14418795.0,0.08,6.78,98.66,1.25,448989
2021-08-20,27931.0,11409803.0,,770312,470755,299540,17,,21.0,,,,117.0,759972,675,9665,6041.0,3623.0,1.0,128019.0,85113.0,42906.0,14546814.0,0.07,6.77,98.66,1.25,450091
2021-08-21,27452.0,11437255.0,,770331,470766,299548,17,,19.0,,,,121.0,759990,675,9666,6042.0,3623.0,1.0,115796.0,73957.0,41839.0,14662610.0,0.07,6.75,98.66,1.25,451174
2021-08-22,24909.0,11462164.0,,770347,470776,299554,17,,16.0,,,,119.0,760004,676,9667,6043.0,3623.0,1.0,18094.0,11575.0,6519.0,14680704.0,0.06,6.73,98.66,1.25,452156
2021-08-23,12838.0,11475002.0,,770362,470786,299559,17,,15.0,,,,114.0,760026,668,9668,6043.0,3624.0,1.0,147186.0,92830.0,54356.0,14827890.0,0.07,6.72,98.66,1.25,452663
2021-08-24,28959.0,11503961.0,,770380,470798,299565,17,,18.0,,,,116.0,760047,664,9669,6043.0,3625.0,1.0,217686.0,151260.0,66426.0,15045576.0,0.09,6.71,98.66,1.26,453805
2021-08-25,31281.0,11535242.0,,770395,470806,299572,17,,15.0,,,,114.0,760065,660,9670,6044.0,3625.0,1.0,108582.0,70176.0,38406.0,15154158.0,0.05,6.69,98.66,1.26,455039
2021-08-26,30800.0,11566042.0,,770411,470814,299580,17,,16.0,,,,108.0,760080,660,9671,6045.0,3625.0,1.0,102300.0,61023.0,41277.0,15256458.0,0.05,6.68,98.66,1.26,456254
2021-08-27,31555.0,11597597.0,,770432,470824,299591,17,,21.0,,,,110.0,760096,664,9672,6046.0,3625.0,1.0,569871.0,363556.0,206315.0,15826329.0,0.07,6.66,98.66,1.26,457499
2021-08-28,29524.0,11627121.0,,770445,470834,299594,17,,13.0,,,,112.0,760115,657,9673,6046.0,3626.0,1.0,288211.0,186051.0,102160.0,16114540.0,0.04,6.64,98.66,1.26,458664
2021-08-29,26421.0,11653542.0,,770456,470843,299596,17,,11.0,,,,106.0,760136,646,9674,6047.0,3626.0,1.0,73898.0,45077.0,28821.0,16188438.0,0.04,6.62,98.66,1.26,459706
2021-08-30,15739.0,11669281.0,,770466,470850,299599,17,,10.0,,,,96.0,760152,639,9675,6048.0,3626.0,1.0,26160.0,14302.0,11858.0,16214598.0,0.05,6.61,98.66,1.26,460327
2021-08-31,15619.0,11684900.0,,770486,470860,299609,17,,20.0,,,,84.0,760175,290,9677,6049.0,36267.0,1.0,150577.0,105503.0,45074.0,16365175.0,0.11,6.6,98.66,1.26,460943
2021-09-01,28245.0,11713145.0,,770506,470870,299619,17,,20.0,,,,91.0,760189,296,9677,6049.0,36267.0,1.0,119754.0,79064.0,40690.0,16484929.0,0.1,6.59,98.66,1.26,462057
2021-09-02,26524.0,11739669.0,,770522,470881,299624,17,,16.0,,,,96.0,760196,303,9679,6051.0,3627.0,1.0,202035.0,140838.0,61197.0,16686964.0,0.07,6.58,98.66,1.26,463103
2021-09-03,29844.0,11769513.0,,770534,470888,299629,17,,12.0,,,,94.0,760208,301,9681,6051.0,3629.0,1.0,204607.0,127370.0,77237.0,16891571.0,0.05,6.56,98.66,1.26,464281
2021-09-04,29206.0,11798719.0,,770543,470893,299633,17,,9.0,,,,86.0,760221,295,9683,6051.0,3631.0,1.0,152511.0,87631.0,64880.0,17044082.0,0.03,6.55,98.66,1.26,465433
2021-09-05,25188.0,11823907.0,,770557,470901,299639,17,,14.0,,,,79.0,760243,287,9683,6051.0,3631.0,1.0,72654.0,46861.0,25793.0,17116736.0,0.05,6.53,98.66,1.26,466426
2021-09-06,14896.0,11838803.0,,770573,470909,299647,17,,16.0,,,,70.0,760271,273,9685,6052.0,3632.0,1.0,120409.0,78049.0,42360.0,17237145.0,0.07,6.52,98.66,1.26,467014
2021-09-07,31755.0,11870558.0,,770584,470915,299652,17,,11.0,,,,71.0,760276,278,9686,6052.0,3633.0,1.0,171212.0,115319.0,55893.0,17408357.0,0.05,6.5,98.66,1.26,468267
2021-09-08,26176.0,11896734.0,,770601,470923,299661,17,,17.0,,,,70.0,760308,263,9686,6052.0,3633.0,1.0,182979.0,124781.0,58198.0,17591336.0,0.07,6.49,98.66,1.26,469299
2021-09-09,29775.0,11926509.0,,770614,470932,299665,17,,13.0,,,,71.0,760344,240,9686,6052.0,3633.0,1.0,259633.0,185848.0,73785.0,17850969.0,0.05,6.48,98.67,1.26,470474
2021-09-10,27506.0,11954015.0,,770626,470941,299668,17,,12.0,,,,69.0,760383,213,9686,6052.0,3633.0,1.0,218989.0,154901.0,64088.0,18069958.0,0.04,6.46,98.67,1.26,471559
2021-09-11,26276.0,11980291.0,,770640,470950,299673,17,,14.0,,,,75.0,760423,187,9686,6052.0,3633.0,1.0,140022.0,92354.0,47668.0,18209980.0,0.05,6.45,98.67,1.26,472595
2021-09-12,22386.0,12002677.0,,770645,470951,299677,17,,5.0,,,,77.0,760467,148,9686,6052.0,3633.0,1.0,90265.0,66926.0,23339.0,18300245.0,0.02,6.43,98.68,1.26,473478
2021-09-13,14153.0,12016830.0,,770659,470958,299684,17,,14.0,,,,77.0,760501,128,9807,,,,512928.0,351892.0,161036.0,18813173.0,0.07,6.42,98.68,1.27,474037
2021-09-14,27647.0,12044477.0,,770676,470964,299695,17,,17.0,,,,60.0,760521,118,9807,,,,369413.0,260706.0,108707.0,19182586.0,0.08,6.41,98.68,1.27,475127
2021-09-15,29415.0,12073892.0,,770688,470971,299700,17,,12.0,,,,60.0,760545,105,9808,,,,605667.0,434610.0,171057.0,19788253.0,0.05,6.4,98.68,1.27,476288
2021-09-16,27222.0,12101114.0,,770697,470977,299703,17,,9.0,,,,55.0,760562,97,9808,,,,351014.0,261214.0,89800.0,20105787.0,0.03,6.38,98.68,1.27,477361
2021-09-17,28224.0,12129338.0,,770705,470982,299706,17,,8.0,,,,55.0,760574,93,9808,,,,363719.0,262351.0,101368.0,20469506.0,0.03,6.37,98.69,1.27,478475
2021-09-18,28391.0,12157729.0,,770711,470985,299709,17,,6.0,,,,50.0,760580,93,9808,,,,307129.0,218246.0,88883.0,20776635.0,0.02,6.35,98.69,1.27,479595
2021-09-19,24012.0,12181741.0,,770733,470997,299719,17,,22.0,,,,51.0,760591,104,9808,,,,150823.0,109643.0,41180.0,20927458.0,0.08,6.34,98.68,1.27,480542
2021-09-20,15385.0,12197126.0,,770746,471005,299724,17,,13.0,,,,56.0,760598,110,9808,,,,258675.0,180433.0,78242.0,21186133.0,0.05,6.33,98.68,1.27,481149
2021-09-21,27682.0,12224808.0,,770754,471011,299726,17,,8.0,,,,61.0,760618,98,9808,,,,294395.0,199819.0,94576.0,21186133.0,0.04,6.32,98.68,1.27,482241
2021-09-22,26980.0,12251788.0,,770770,471022,299731,17,,16.0,,,,58.0,760629,102,9809,,,,157509.0,99491.0,58018.0,21638037.0,0.06,6.3,98.68,1.27,483305
2021-09-23,23880.0,12275668.0,,770784,471028,299739,17,,14.0,,,,54.0,760639,106,9809,,,,141618.0,88814.0,52804.0,21779655.0,0.05,6.29,98.68,1.27,484247
2021-09-24,16600.0,12292268.0,,770796,471035,299744,17,,12.0,,,,58.0,760651,106,9809,,,,201997.0,115770.0,86227.0,21981652.0,0.06,6.28,98.68,1.27,484902
2021-09-25,25480.0,12317748.0,,770805,471040,299748,17,,9.0,,,,63.0,760663,102,9810,,,,209038.0,110394.0,98644.0,22190690.0,0.04,6.27,98.68,1.27,485907
2021-09-26,23530.0,12341278.0,,770818,471046,299755,17,,13.0,,,,60.0,760673,105,9810,,,,103394.0,57636.0,45758.0,22294084.0,0.05,6.26,98.68,1.27,486835
2021-09-27,14146.0,12355424.0,,770825,471049,299759,17,,7.0,,,,65.0,760686,99,9810,6124.0,3685.0,1.0,120251.0,63691.0,56560.0,22414335.0,0.03,6.25,98.68,1.27,487393
2021-09-28,19674.0,12375098.0,,770847,471066,299764,17,,22.0,,,,68.0,760696,104,9874,,,,135888.0,73245.0,62643.0,22550223.0,0.12,6.24,98.68,1.28,488170
2021-09-29,23433.0,12398531.0,,770863,471077,299769,17,,16.0,,,,71.0,760711,105,9874,,,,137198.0,75335.0,61863.0,22687421.0,0.08,6.23,98.68,1.28,489094
2021-09-30,24409.0,12422940.0,,770872,471083,299772,17,,9.0,,,,74.0,760726,99,9874,,,,231810.0,117130.0,114680.0,22919231.0,0.04,6.22,98.68,1.28,490057
2021-10-01,24824.0,12447764.0,,770890,471093,299780,17,,18.0,,,,75.0,760738,105,9874,,,,234759.0,117180.0,117579.0,23153990.0,0.08,6.2,98.68,1.28,491036
2021-10-02,24204.0,12471968.0,,770904,471102,299785,17,,14.0,,,,80.0,760746,111,9874,,,,191358.0,95033.0,96325.0,23345348.0,0.06,6.19,98.68,1.28,491991
2021-10-03,15658.0,12487626.0,,770915,471109,299789,17,,11.0,,,,80.0,760755,113,9874,,,,51688.0,26736.0,24952.0,23397036.0,0.05,6.18,98.68,1.28,492609
2021-10-04,10765.0,12498391.0,,770924,471112,299795,17,,9.0,,,,79.0,760770,107,9874,,,,105073.0,51788.0,53285.0,23502109.0,0.06,6.17,98.68,1.28,493033
2021-10-05,24588.0,12522979.0,,770938,471120,299801,17,,14.0,,,,76.0,760780,110,9875,,,,113343.0,55344.0,57999.0,23615452.0,0.09,6.17,98.68,1.28,494003
2021-10-06,22349.0,12545328.0,,770949,471124,299808,17,,11.0,,,,78.0,760801,100,9875,,,,79935.0,37993.0,41942.0,23695387.0,0.05,6.16,98.68,1.28,494885
2021-10-07,22558.0,12567886.0,,770961,471133,299811,17,,12.0,,,,78.0,760813,100,9875,,,,57357.0,28770.0,28587.0,23752744.0,0.05,6.15,98.68,1.28,495775
2021-10-08,14699.0,12582585.0,,770975,471142,299816,17,,14.0,,,,74.0,760821,106,9875,,,,121886.0,55586.0,66300.0,23874630.0,0.07,6.14,98.68,1.28,496354
2021-10-10,19578.0,12626075.0,,770993,471149,299827,17,,9.0,,,,78.0,760845,100,9875,,,,44533.0,20066.0,24467.0,24029261.0,0.04,6.12,98.68,1.28,498070
2021-10-11,13039.0,12639114.0,,771000,471153,299830,17,,7.0,,,,71.0,760860,92,9875,,,,94006.0,41002.0,53004.0,24123267.0,0.04,6.11,98.68,1.28,498584
2021-10-12,20682.0,12659796.0,,771009,471161,299831,17,,9.0,,,,59.0,760871,90,9875,,,,135421.0,58923.0,76498.0,24258688.0,0.05,6.1,98.69,1.28,499400
2021-10-13,21927.0,12681723.0,,771019,471167,299835,17,,10.0,,,,57.0,760881,90,9875,,,,140991.0,54678.0,86313.0,24399679.0,0.05,6.09,98.69,1.28,500265
2021-10-14,22237.0,12703960.0,,771035,471175,299843,17,,16.0,,,,57.0,760869,94,10049,,,,147949.0,59000.0,88949.0,24547628.0,0.08,6.08,98.68,1.3,501142
2021-10-15,20883.0,12724843.0,,771049,471181,299851,17,,14.0,,,,66.0,760884,93,10049,,,,32419.0,9522.0,22897.0,24580047.0,0.06,6.07,98.68,1.3,501966
2021-10-16,11795.0,12736638.0,,771061,471189,299855,17,,12.0,,,,68.0,760898,91,10049,,,,78834.0,29872.0,48962.0,24658881.0,0.07,6.06,98.68,1.3,502431
2021-10-17,18959.0,12755597.0,,771076,471197,299862,17,,15.0,,,,68.0,760904,100,10049,,,,46427.0,12017.0,34410.0,24705308.0,0.09,6.05,98.68,1.3,503179
2021-10-18,11550.0,12767147.0,,771092,471204,299871,17,,16.0,,,,69.0,760917,103,10049,,,,104357.0,36334.0,68023.0,24809665.0,0.1,6.05,98.68,1.3,503635
2021-10-19,20286.0,12787433.0,,771101,471208,299876,17,,9.0,,,,76.0,760926,103,10049,,,,97493.0,36999.0,60494.0,24907158.0,0.06,6.04,98.68,1.3,504435
2021-10-20,20572.0,12808005.0,,771116,471219,299880,17,,15.0,,,,82.0,760934,110,10049,,,,61862.0,18321.0,43541.0,24969020.0,0.08,6.03,98.68,1.3,505247
2021-10-21,13910.0,12821915.0,,771125,471225,299883,17,,9.0,,,,82.0,760945,108,10049,,,,149238.0,45276.0,103962.0,25118258.0,0.05,6.02,98.68,1.3,505795
2021-10-22,22215.0,12844130.0,,771133,471231,299885,17,,8.0,,,,83.0,760962,99,10049,,,,133544.0,38726.0,94818.0,25251802.0,0.05,6.01,98.68,1.3,506672
2021-10-23,21207.0,12865337.0,,771141,471235,299889,17,,8.0,,,,72.0,760977,92,10049,,,,92954.0,28836.0,64118.0,25344756.0,0.04,6.0,98.68,1.3,507508
2021-10-24,19057.0,12884394.0,,771157,471243,299897,17,,16.0,,,,62.0,760981,104,10049,,,,13432.0,3990.0,9442.0,25358188.0,0.07,5.99,98.68,1.3,508260
2021-10-25,12789.0,12897183.0,,771174,471254,299903,17,,17.0,,,,75.0,760999,103,10049,,,,97511.0,29427.0,68084.0,25455699.0,0.1,5.99,98.68,1.3,508765
2021-10-26,21879.0,12919062.0,,771189,471262,299910,17,,15.0,,,,74.0,761012,105,10049,,,,101799.0,31957.0,69842.0,25557498.0,0.09,5.98,98.68,1.3,509628
2021-10-27,22195.0,12941257.0,,771204,471268,299919,17,,15.0,,,,76.0,761022,110,10049,,,,78082.0,23554.0,54528.0,25635580.0,0.07,5.97,98.68,1.3,510503
2021-10-28,24055.0,12965312.0,,771217,471275,299925,17,,13.0,,,,86.0,761035,110,10049,,,,65099.0,19187.0,45912.0,25700679.0,0.06,5.96,98.68,1.3,511452
2021-10-29,23104.0,12988416.0,,771229,471279,299933,17,,12.0,,,,87.0,761047,110,10049,,,,91220.0,26437.0,64783.0,25791899.0,0.05,5.95,98.68,1.3,512364
2021-10-30,23500.0,13011916.0,,771241,471284,299940,17,,12.0,,,,94.0,761058,111,10049,,,,67812.0,20517.0,47295.0,25859711.0,0.06,5.94,98.68,1.3,513291
2021-10-31,20588.0,13032504.0,,771252,471291,299944,17,,11.0,,,,96.0,761068,112,10049,,,,25477.0,8847.0,16630.0,25885188.0,0.05,5.93,98.68,1.3,514103
2021-11-01,12576.0,13045080.0,,771262,471297,299948,17,,10.0,,,,103.0,761075,115,10049,,,,31321.0,10175.0,21146.0,25916509.0,0.05,5.92,98.68,1.3,514599
2021-11-02,11891.0,13056971.0,,771273,471304,299952,17,,11.0,,,,105.0,761096,105,10049,,,,59919.0,16734.0,43185.0,25976428.0,0.08,5.91,98.68,1.3,515068
2021-11-03,20836.0,13077807.0,,771280,471308,299955,17,,7.0,,,,101.0,761112,96,10049,,,,39880.0,11305.0,28575.0,26016308.0,0.04,5.91,98.68,1.3,515890
2021-11-04,17198.0,13095005.0,,771287,471313,299957,17,,7.0,,,,93.0,761127,87,10050,,,,,,,26016308.0,0.04,5.9,98.68,1.3,516568
2021-11-05,7106.0,13102111.0,,771294,471315,299962,17,,7.0,,,,80.0,761137,84,10050,,,,10949.0,3099.0,7850.0,26027257.0,0.05,5.89,98.68,1.3,516849
2021-11-06,10627.0,13112738.0,,771308,471321,299970,17,,14.0,,,,78.0,761146,89,10050,,,,50501.0,10412.0,40089.0,26077758.0,0.14,5.89,98.68,1.3,517268
2021-11-07,15913.0,13128651.0,,771326,471330,299979,17,,18.0,,,,78.0,761164,89,10050,,,,40689.0,9010.0,31679.0,26118447.0,0.14,5.88,98.68,1.3,517896
2021-11-08,11272.0,13139923.0,,771340,471336,299987,17,,14.0,,,,73.0,761181,86,10050,,,,123072.0,28745.0,94327.0,26241519.0,0.11,5.88,98.68,1.3,518340
2021-11-09,24651.0,13164574.0,,771355,471345,299993,17,,15.0,,,,75.0,761189,93,10050,,,,132446.0,35520.0,96926.0,26373965.0,0.09,5.87,98.68,1.3,519313
2021-11-10,24959.0,13189533.0,,771368,471350,300001,17,,13.0,,,,72.0,761200,95,10050,,,,112375.0,28225.0,84150.0,26486340.0,0.06,5.86,98.68,1.3,520297
2021-11-11,23848.0,13213381.0,,771388,471359,300012,17,,20.0,,,,80.0,761208,107,10050,,,,106072.0,26241.0,79831.0,26592412.0,0.09,5.85,98.68,1.3,521238
2021-11-12,24215.0,13237596.0,,771403,471369,300017,17,,15.0,,,,82.0,761223,107,10050,,,,103364.0,26603.0,76761.0,26695776.0,0.06,5.84,98.68,1.3,522193
2021-11-13,23088.0,13260684.0,,771420,471376,300027,17,,17.0,,,,82.0,761230,117,10050,,,,105163.0,28705.0,76458.0,26800939.0,0.07,5.83,98.68,1.3,523104
2021-11-14,18577.0,13279261.0,,771434,471382,300035,17,,14.0,,,,98.0,761235,126,10050,,,,47809.0,15994.0,31815.0,26848748.0,0.07,5.82,98.68,1.3,523837
2021-11-15,12678.0,13291939.0,,771448,471392,300039,17,,14.0,,,,106.0,761250,124,10051,,,,110440.0,31281.0,79159.0,26959188.0,0.08,5.81,98.68,1.3,524337
2021-11-16,22948.0,13314887.0,,771463,471400,300046,17,,15.0,,,,106.0,761266,123,10051,,,,125545.0,38228.0,87317.0,27084733.0,0.09,5.8,98.68,1.3,525242
2021-11-17,22776.0,13337663.0,,771481,471413,300051,17,,18.0,,,,105.0,761283,124,10051,,,,102324.0,31067.0,71257.0,27187057.0,0.09,5.79,98.68,1.3,526141
2021-11-18,22464.0,13360127.0,,771495,471420,300058,17,,14.0,,,,112.0,761307,113,10052,,,,130858.0,44337.0,86521.0,27317915.0,0.06,5.78,98.68,1.3,527027
2021-11-19,22259.0,13382386.0,,771517,471431,300069,17,,22.0,,,,96.0,761330,112,10052,,,,74315.0,29940.0,44375.0,27392230.0,0.1,5.77,98.68,1.3,527905
2021-11-20,14541.0,13396927.0,,771528,471436,300075,17,,11.0,,,,94.0,761343,109,10053,,,,108177.0,34389.0,73788.0,27500407.0,0.05,5.77,98.68,1.3,528478
2021-11-21,19641.0,13416568.0,,771544,471447,300080,17,,16.0,,,,99.0,761351,117,10053,,,,60563.0,22993.0,37570.0,27560970.0,0.09,5.76,98.68,1.3,529253
2021-11-22,11666.0,13428234.0,,771565,471455,300093,17,,21.0,,,,106.0,761374,115,10053,,,,132362.0,37719.0,94643.0,27693332.0,0.15,5.75,98.68,1.3,529713
2021-11-23,22180.0,13450414.0,,771582,471464,300101,17,,17.0,,,,105.0,761389,117,10053,,,,145159.0,42513.0,102646.0,27838491.0,0.11,5.75,98.68,1.3,530588
2021-11-24,21419.0,13471833.0,,771605,471474,300114,17,,23.0,,,,107.0,761398,131,10053,,,,133123.0,42180.0,90943.0,27971614.0,0.11,5.74,98.68,1.3,531433
2021-11-25,19748.0,13491581.0,,771622,471485,300120,17,,17.0,,,,118.0,761412,133,10054,,,,151311.0,44644.0,106667.0,28122925.0,0.08,5.73,98.68,1.3,532212
2021-11-26,22203.0,13513784.0,,771643,471494,300132,17,,21.0,,,,119.0,761431,135,10054,,,,137414.0,41117.0,96297.0,28260339.0,0.1,5.72,98.68,1.3,533088
2021-11-27,21507.0,13535291.0,,771654,471502,300135,17,,11.0,,,,118.0,761441,136,10054,,,,125387.0,37593.0,87794.0,28385726.0,0.05,5.71,98.68,1.3,533937
2021-11-28,18864.0,13554155.0,,771676,471518,300141,17,,22.0,,,,118.0,761454,145,10054,,,,62202.0,19802.0,42400.0,28447928.0,0.1,5.7,98.68,1.3,534681
2021-11-29,12493.0,13566648.0,,771692,471526,300149,17,,16.0,,,,135.0,761473,142,10054,,,,125368.0,34072.0,91296.0,28573296.0,0.1,5.7,98.68,1.3,535173
2021-11-30,23430.0,13590078.0,,771709,471535,300157,17,,17.0,,,,130.0,761492,140,10054,,,,131921.0,38204.0,93717.0,28705217.0,0.09,5.69,98.68,1.3,536098
2021-12-01,27174.0,13617252.0,,771733,471547,300169,17,,24.0,,,,123.0,761510,146,10054,,,,108302.0,28724.0,79578.0,28813519.0,0.11,5.68,98.68,1.3,537170
2021-12-02,31641.0,13648893.0,,771760,471562,300181,17,,27.0,,,,128.0,761528,155,10054,,,,126100.0,32198.0,93902.0,28939619.0,0.09,5.67,98.68,1.3,538418
2021-12-03,33650.0,13682543.0,,771780,471574,300189,17,,20.0,,,,135.0,761544,159,10054,,,,139509.0,33519.0,105990.0,29079128.0,0.07,5.65,98.67,1.3,539745
2021-12-04,35889.0,13718432.0,,771797,471586,300194,17,,17.0,,,,139.0,761563,157,10054,,,,140913.0,34524.0,106389.0,29220041.0,0.05,5.64,98.67,1.3,541161
2021-12-05,34379.0,13752811.0,,771819,471600,300202,17,,22.0,,,,129.0,761580,162,10054,,,,61570.0,16708.0,44862.0,29281611.0,0.06,5.63,98.67,1.3,542517
2021-12-06,21033.0,13773844.0,,771851,471615,300219,17,,32.0,,,,133.0,761594,180,10054,,,,149302.0,32410.0,116892.0,29430913.0,0.11,5.62,98.67,1.3,543347
2021-12-07,38572.0,13812416.0,,771875,471623,300235,17,,24.0,,,,144.0,761612,185,10055,,,,179099.0,39347.0,139752.0,29610012.0,0.08,5.6,98.67,1.3,544868
2021-12-08,38533.0,13850949.0,,771904,471638,300249,17,,29.0,,,,152.0,761626,200,10055,,,,141370.0,30640.0,110730.0,29751382.0,0.08,5.59,98.67,1.3,546389
2021-12-09,39144.0,13890093.0,,771939,471655,300267,17,,35.0,,,,168.0,761648,213,10055,,,,155811.0,32083.0,123728.0,29907193.0,0.09,5.57,98.67,1.3,547933
2021-12-10,38818.0,13928911.0,,771966,471671,300278,17,,27.0,,,,176.0,761671,217,10055,,,,157299.0,30408.0,126891.0,30064492.0,0.07,5.56,98.67,1.3,549464
2021-12-11,37720.0,13966631.0,,771989,471685,300287,17,,23.0,,,,180.0,761684,227,10055,,,,141460.0,27253.0,114207.0,30205952.0,0.06,5.54,98.67,1.3,550952
2021-12-12,30065.0,13996696.0,,772019,471703,300299,17,,30.0,,,,189.0,761712,229,10055,,,,45130.0,9598.0,35532.0,30251082.0,0.08,5.53,98.66,1.3,552138
2021-12-13,18867.0,14015563.0,,772032,471712,300303,17,,13.0,,,,199.0,761733,219,10057,,,,131947.0,22988.0,108959.0,30383029.0,0.05,5.52,98.67,1.3,552882
2021-12-14,34897.0,14050460.0,,772055,471727,300311,17,,23.0,,,,189.0,761768,205,10059,,,,155002.0,27350.0,127652.0,30538031.0,0.08,5.51,98.67,1.3,554259
2021-12-15,35324.0,14085784.0,,772086,471743,300326,17,,31.0,,,,175.0,761799,204,10060,,,,137792.0,24752.0,113040.0,30675823.0,0.1,5.49,98.67,1.3,555652
2021-12-16,36388.0,14122172.0,,772114,471755,300342,17,,28.0,,,,169.0,761820,211,10060,,,,122151.0,21543.0,100608.0,30797974.0,0.08,5.48,98.67,1.3,557088
2021-12-17,36132.0,14158304.0,,772141,471768,300356,17,,27.0,,,,177.0,761850,207,10061,,,,193194.0,36159.0,157035.0,30991168.0,0.08,5.47,98.67,1.3,558513
2021-12-18,35324.0,14193628.0,,772164,471778,300369,17,,23.0,,,,172.0,761877,203,10061,,,,142658.0,27601.0,115057.0,31133826.0,0.07,5.46,98.67,1.3,559906
2021-12-19,29989.0,14223617.0,,772197,471795,300385,17,,33.0,,,,172.0,761903,210,10061,,,,52466.0,10663.0,41803.0,31186292.0,0.09,5.44,98.67,1.3,561089
2021-12-20,20260.0,14243877.0,,772228,471814,300397,17,,31.0,,,,177.0,761935,209,10061,,,,193343.0,37752.0,155591.0,31379635.0,0.12,5.43,98.67,1.3,561889
2021-12-21,35515.0,14279392.0,,772271,471835,300419,17,,43.0,,,,180.0,761952,234,10062,,,,197918.0,41262.0,156656.0,31577553.0,0.15,5.42,98.66,1.3,563290
2021-12-22,36870.0,14316262.0,,772326,471866,300443,17,,55.0,,,,193.0,761966,275,10062,,,,181007.0,40490.0,140517.0,31758560.0,0.16,5.41,98.66,1.3,564744
2021-12-23,35918.0,14352180.0,,772372,471888,300467,17,,46.0,,,,222.0,761992,295,10062,,,,261959.0,63314.0,198645.0,32020519.0,0.13,5.4,98.66,1.3,566161
2021-12-24,38542.0,14390722.0,,772451,471932,300502,17,,79.0,,,,241.0,762023,343,10062,,,,296375.0,79447.0,216928.0,32316894.0,0.22,5.38,98.65,1.3,567681
2021-12-25,30686.0,14421408.0,,772541,471977,300547,17,,90.0,,,,277.0,762049,407,10062,,,,222356.0,63758.0,158598.0,32539250.0,0.24,5.37,98.64,1.3,568892
2021-12-26,26734.0,14448142.0,,772633,472026,300590,17,,92.0,,,,342.0,762076,472,10062,,,,185896.0,54002.0,131894.0,32725146.0,0.32,5.36,98.63,1.3,569946
2021-12-27,21257.0,14469399.0,,772718,472078,300623,17,,85.0,,,,393.0,762097,536,10062,,,,294374.0,87013.0,207361.0,33019520.0,0.33,5.35,98.63,1.3,570785
2021-12-28,38192.0,14507591.0,,772844,472143,300684,17,,126.0,,,,444.0,762131,627,10063,,,,344856.0,105946.0,238910.0,33364376.0,0.44,5.34,98.61,1.3,572292
2021-12-29,40303.0,14547894.0,,773061,472252,300792,17,,217.0,,,,530.0,762172,803,10063,,,,332323.0,108846.0,223477.0,33696699.0,0.61,5.33,98.59,1.3,573881
2021-12-30,40145.0,14588039.0,,773361,472402,300942,17,,300.0,,,,684.0,762228,1047,10063,,,,336409.0,112971.0,223438.0,34033108.0,0.76,5.32,98.56,1.3,575465
2021-12-31,39285.0,14627324.0,,773788,472402,300942,17,,427.0,,,,901.0,762284,1417,10064,,,,320423.0,113416.0,207007.0,34353531.0,1.17,5.31,98.51,1.3,577015
2022-01-01,34841.0,14662165.0,,774340,472915,301408,17,,552.0,,,,1216.0,762346,1907,10064,,,,185667.0,67468.0,118199.0,34539198.0,1.39,5.3,98.45,1.3,578389
2022-01-02,33841.0,14696006.0,,774917,473226,301674,17,,577.0,,,,1644.0,762430,2400,10064,,,,107196.0,39423.0,67773.0,34646394.0,1.52,5.29,98.39,1.3,579724
2022-01-03,23922.0,14719928.0,,775710,473647,302046,17,,793.0,,,,2118.0,762516,3107,10064,,,,302491.0,162603.0,139888.0,34948885.0,2.63,5.28,98.3,1.3,580668
2022-01-04,39405.0,14759333.0,,776842,474265,302560,17,,1132.0,,,,2743.0,762717,4036,10066,,,,415454.0,248058.0,167396.0,35364339.0,3.77,5.28,98.18,1.3,582222
2022-01-05,44010.0,14803343.0,,779018,475491,303510,17,,2176.0,,,,3638.0,762893,6036,10066,,,,354051.0,238393.0,115658.0,35718390.0,5.8,5.28,97.93,1.29,583958
2022-01-06,44156.0,14847499.0,,781696,477002,304677,17,,2678.0,,,,5438.0,763694,7912,10067,,,,387576.0,269047.0,118529.0,36105966.0,5.91,5.28,97.7,1.29,585700
2022-01-07,48484.0,14895983.0,,785444,479178,306249,17,,3748.0,,,,7088.0,764576,10775,10070,,,,356104.0,232792.0,123312.0,36462070.0,8.11,5.29,97.34,1.28,587613
2022-01-08,48623.0,14944606.0,,788985,481268,307700,17,,3541.0,,,,10324.0,764953,13937,10072,,,,241144.0,143927.0,97217.0,36703214.0,7.26,5.3,96.95,1.28,589531
2022-01-09,41109.0,14985715.0,,794151,484227,309907,17,,5166.0,,,,13223.0,765758,18298,10072,,,,107587.0,59510.0,48077.0,36810801.0,10.64,5.31,96.42,1.27,591152
2022-01-10,34322.0,15020037.0,,799887,487595,312275,17,,5736.0,,,,17527.0,767310,22477,10077,,,,243735.0,,,37054536.0,14.9,5.34,95.93,1.26,592506
2022-01-11,51557.0,15071594.0,,805633,490970,314646,17,,5746.0,,,,21690.0,768717,26813,10080,,,,232591.0,,,37287127.0,13.89,5.36,95.42,1.25,594540
2022-01-12,46809.0,15118403.0,,812516,495035,317464,17,,6883.0,,,,25870.0,771260,31150,10083,,,,170496.0,,,37457623.0,15.56,5.39,94.92,1.24,596387
