date,discharged_new,discharged_total,cases_new,cases_active,deaths_new,deaths_total,cases_total,positivity_rate_percent,fatality_rate_percent,active_cases_icu
2020-07-01,145,8063,1272,8194,7,253,16514,,,292.0
2020-07-02,271,8334,1502,9406,19,272,18016,,,161.0
2020-07-03,471,8805,1694,10608,21,293,19710,,,201.0
2020-07-04,439,9244,1839,11966,42,335,21549,,,226.0
2020-07-05,603,9847,1925,13251,37,372,23474,,,243.0
2020-07-06,680,10527,1843,14385,30,401,25317,,,279.0
2020-07-07,571,11098,1498,15297,15,416,26815,,,279.0
2020-07-08,778,11876,2062,16527,54,470,28877,,,452.0
2020-07-10,1003,13836,2313,19035,57,543,33418,,,472.0
2020-07-11,880,14716,2798,20883,70,613,36216,,,504.0
2020-07-12,693,15409,2627,22746,71,684,38843,,,532.0
2020-07-13,839,16248,2738,24572,73,757,41581,,,545.0
2020-07-14,1142,17390,2496,25839,87,842,44077,,,540.0
2020-07-15,1076,18466,3176,27853,87,928,47253,,,597.0
2020-07-16,1263,19729,4169,30655,104,1032,51422,,,539.0
2020-07-17,1028,20757,3693,33205,115,1147,55115,,,568.0
2020-07-19,1290,23065,4120,39370,91,1331,63772,,,579.0
2020-07-20,730,23795,3648,42216,72,1403,67420,,,580.0
2020-07-21,1664,25459,3649,44140,61,1464,71069,,,583.0
2020-07-22,1780,27239,4764,47069,55,1519,75833,,,618.0
2020-07-23,2071,29310,5030,49931,97,1616,80863,,,640.0
2020-07-24,2037,31347,5007,52791,110,1724,85870,,,611.0
2020-07-25,2403,33750,5072,55388,72,1796,90942,,,611.0
2020-07-26,2088,35838,5199,58417,82,1878,96141,,,632.0
2020-07-27,1847,37685,5324,61819,75,1953,101465,,,598.0
2020-07-28,2819,40504,5536,64434,102,2055,107001,,,612.0
2020-07-29,2397,42901,5503,67448,92,2147,112504,,,639.0
2020-07-30,3793,46694,6128,69700,83,2230,118632,,,620.0
2020-07-31,3130,49788,5483,72005,84,2314,124115,,,609.0
2020-08-01,3860,53648,5172,73219,98,2412,129287,,,602.0
2020-08-02,4077,57725,5532,74590,84,2496,134819,,,638.0
2020-08-03,4776,62500,4752,74469,98,2594,139571,,,629.0
2020-08-04,6777,69272,6259,73846,110,2704,145830,,,634.0
2020-08-05,5407,74679,5619,73958,100,2804,151449,,,633.0
2020-08-06,5602,80281,6805,75068,93,2897,158254,,,671.0
2020-08-07,3951,84232,6670,77686,101,2998,164924,,,678.0
2020-08-08,5006,89238,7178,79765,93,3091,172102,,,683.0
2020-08-09,4670,93908,5985,80973,107,3198,178087,,,678.0
2020-08-10,5218,99126,4267,79908,114,3312,182354,,,681.0
2020-08-11,6473,105599,6257,79606,86,3398,188611,,,699.0
2020-08-12,7034,112633,7883,80343,113,3510,196494,,,701.0
2020-08-13,8609,121242,6706,78337,103,3613,203200,,,727.0
2020-08-14,6940,128182,7908,79201,104,3717,211108,,,747.0
2020-08-15,6629,134811,8818,81276,114,3831,219926,,,716.0
2020-08-16,6680,141491,7040,81512,124,3947,226966,,,692.0
2020-08-17,7071,148562,6317,80643,115,4062,233283,,,695.0
2020-08-18,8387,156949,7665,79782,139,4201,240948,,,697.0
2020-08-19,7201,164150,8642,81097,126,4327,249590,,,704.0
2020-08-20,6231,170381,7385,82149,102,4429,256975,,,705.0
2020-08-21,6561,176942,7571,83066,93,4522,264546,,,698.0
2020-08-22,7626,184568,7330,82677,93,4615,271876,,,727.0
2020-08-23,4996,189564,5938,83551,68,4683,277814,,,787.0
2020-08-24,8061,197625,5851,81211,130,4810,283665,,,768.0
2020-08-25,6814,204439,8161,82410,148,4958,291826,,,751.0
2020-08-26,7249,211688,8580,83608,133,5091,300406,,,760.0
2020-08-27,7866,219554,9386,84987,141,5232,309792,,,747.0
2020-08-28,7464,227018,8960,86347,136,5368,318752,,,754.0
2020-08-29,8110,235128,8324,86446,115,5483,327076,,,721.0
2020-08-30,7101,242229,8852,88091,106,5589,335928,,,730.0
2020-08-31,7238,249467,6495,87235,113,5702,342423,,,747.0
2020-09-01,5159,254626,9058,90999,135,5837,351481,,,762.0
2020-09-02,6287,260913,9860,94459,113,5950,361341,,,751.0
2020-09-03,7122,268035,8865,96098,104,6054,370206,,,735.0
2020-09-04,6161,274196,9280,99101,116,6170,379486,,,785.0
2020-09-06,9575,292873,9319,99266,95,6393,398551,,,775.0
2020-09-07,8015,300770,5773,97001,141,6534,404324,,,794.0
2020-09-08,7803,308573,7866,96918,146,6680,412190,,,784.0
2020-09-09,6860,315433,9540,99470,128,6808,421730,,,776.0
2020-09-11,12545,334999,9464,98326,130,7067,440411,,,770.0
2020-09-12,9557,344556,9140,97815,94,7161,449551,,,795.0
2020-09-13,8402,352958,9894,99203,104,7265,459445,,,807.0
2020-09-14,8865,361823,8244,98463,119,7384,467689,,,800.0
2020-09-15,7406,369229,7576,98536,97,7481,475265,,,794.0
2020-09-16,6583,375809,9725,101626,70,7536,484990,,,818.0
2020-09-17,7268,383077,9366,103631,93,7629,494356,,,805.0
2020-09-18,10949,394026,8626,101129,179,7808,502982,,,814.0
2020-09-19,10815,404841,8364,98564,114,7922,511346,,,822.0
2020-09-20,8611,413452,8191,98043,101,8023,519537,,,811.0
2020-09-21,9925,423377,7339,95335,122,8145,526876,,,809.0
2020-09-22,9073,432450,6974,93153,83,8228,533850,,,822.0
2020-09-23,5460,437910,6997,94652,38,8266,540847,,,816.0
2020-09-24,6748,444658,7710,95549,65,8331,548557,,,827.0
2020-09-25,5644,450302,8655,98474,86,8417,557212,,,823.0
2020-09-26,5417,455719,8811,101782,86,8503,566023,,,832.0
2020-09-27,6522,462241,9543,104724,79,8582,575566,,,835.0
2020-09-28,7509,469750,6892,104048,59,8641,582458,,,822.0
2020-09-29,6628,476378,10453,107737,136,8777,592911,,,815.0
2020-09-30,8890,485268,8856,107616,87,8864,601767,,,821.0
2020-10-01,7144,492412,10070,110412,130,8994,611837,,,811.0
2020-10-02,7094,499506,8793,111986,125,9119,620630,,,827.0
2020-10-03,8989,508495,9886,112783,100,9219,630516,,,841.0
2020-10-04,7287,515782,10145,115574,67,9286,640661,,,847.0
2020-10-05,7064,522846,7051,115477,84,9370,647712,,,841.0
2020-10-06,10228,533074,9993,115151,91,9461,657705,,,848.0
2020-10-07,9832,542906,10947,116153,113,9574,668652,,,841.0
2020-10-08,9613,552519,10704,117143,101,9675,679356,,,853.0
2020-10-09,9091,561610,10913,118851,114,9789,690269,,,873.0
2020-10-10,8337,569947,10517,120929,102,9891,700786,,,892.0
2020-10-11,10107,580054,9523,120270,75,9966,710309,9.53,0.79,904.0
2020-10-12,12030,592084,7606,115776,70,10036,717915,9.65,0.92,928.0
2020-10-13,10421,602505,8191,113459,87,10123,726106,7.7,1.06,919.0
2020-10-14,8662,611167,9265,113987,75,10198,735371,8.14,0.81,925.0
2020-10-15,8841,620008,8477,113538,85,10283,743848,8.09,1.0,939.0
2020-10-16,8580,628588,7542,112427,73,10356,751390,7.12,0.96,946.0
2020-10-17,8893,637481,7184,110647,71,10427,758574,7.7,0.98,940.0
2020-10-18,8344,645825,7012,109264,51,10478,765586,6.67,0.72,945.0
2020-10-19,8005,653829,5018,106214,64,10542,770604,6.38,1.27,932.0
2020-10-20,8500,662329,6297,103945,66,10608,776901,6.41,1.04,941.0
2020-10-21,9289,671618,5872,100440,88,10696,782773,5.42,1.49,947.0
2020-10-22,13550,684835,5778,92927,74,10770,788551,5.38,1.28,940.0
2020-10-24,7153,700737,4471,86749,52,10873,798378,3.97,1.16,935.0
2020-10-25,10106,710843,4439,81050,32,10905,802817,4.41,0.72,939.0
2020-10-26,8715,719558,3130,75423,42,10947,805947,4.75,1.34,942.0
2020-10-27,7740,727298,3691,71330,44,10991,809638,5.53,1.19,944.0
2020-10-28,7384,733558,3146,68161,55,11046,812784,3.65,1.74,939.0
2020-10-29,7661,741219,4025,64480,45,11091,816809,3.99,1.11,935.0
2020-10-30,8521,749740,3589,59499,49,11140,820398,3.47,1.36,935.0
2020-10-31,7468,757208,3014,55017,28,11168,823412,2.96,0.92,956.0
2020-11-02,8334,773595,2576,44805,29,11221,829640,3.28,1.12,931.0
2020-12-01,886,850707,1330,23709,14,11792,886227,1.4,1.05,336.0
2020-12-02,983,851690,1440,24150,16,11808,887667,1.35,1.11,318.0
2020-12-03,894,852584,1446,24689,13,11821,889113,1.33,0.89,299.0
2020-12-04,877,853461,1247,25046,13,11834,890360,1.27,1.04,287.0
2020-12-05,1400,854861,1325,24959,12,11846,891685,1.27,0.9,278.0
2020-12-06,889,855750,1321,25381,10,11856,893006,1.33,0.75,280.0
2020-12-07,1601,857351,998,24767,11,11867,894004,1.3,1.1,279.0
2020-12-08,1060,858370,1280,25015,13,11880,895284,1.44,1.01,275.0
2020-12-09,3218,861588,1279,23056,20,11900,896563,1.26,1.56,265.0
2020-12-10,5076,866664,1238,19206,12,11912,897801,1.46,0.96,258.0
2020-12-11,1807,868471,1210,18593,16,11928,899011,1.19,1.32,253.0
2020-12-12,1531,870002,1203,18254,11,11939,900214,1.17,0.91,244.0
2020-12-13,2036,872038,1196,17409,5,11944,901410,1.35,0.41,260.0
2020-12-14,2164,874202,830,16065,10,11954,902240,1.27,1.2,254.0
2020-12-15,1594,875796,1185,15645,11,11965,903425,1.32,0.92,253.0
2020-12-16,1403,877199,1240,15476,6,11971,904665,1.21,0.48,248.0
2020-12-17,1497,878696,1236,15205,10,11981,905901,1.16,0.8,229.0
2020-12-18,1039,879735,1222,15380,8,11989,907123,1.16,0.65,223.0
2020-12-19,2147,881882,1152,14370,15,12004,908275,1.0,1.3,223.0
2020-12-20,1062,882944,1194,14497,5,12009,909469,1.08,0.41,219.0
2020-12-21,1261,884205,772,14001,7,12016,910241,1.04,0.9,219.0
2020-12-22,1136,885341,1141,13993,14,12029,911382,1.19,1.22,216.0
2020-12-23,1206,886547,958,13736,9,12038,912340,0.96,0.93,217.0
2020-12-24,1268,887815,1143,13610,1,12039,913483,1.15,0.08,208.0
2020-12-25,1102,888917,1005,13508,5,12044,914488,1.01,0.49,208.0
2020-12-26,964,889881,857,13394,7,12051,915345,0.89,0.81,205.0
2020-12-27,1214,891095,911,13080,11,12062,916256,0.96,1.2,209.0
2020-12-28,1178,892273,653,12547,8,12070,916909,0.96,1.22,205.0
2020-12-29,1344,893617,662,11861,4,12074,917571,0.76,0.6,206.0
2020-12-30,1217,894834,973,11610,7,12081,918544,0.93,0.71,202.0
2020-12-31,1282,896116,952,11271,9,12090,919496,0.82,0.94,194.0
2021-01-01,1084,897200,877,11058,6,12096,920373,0.74,0.68,189.0
2021-01-02,976,898176,755,10834,3,12099,921128,0.66,0.39,186.0
2021-01-03,743,898919,810,10893,8,12107,921938,0.66,0.98,186.0
2021-01-04,1283,900202,600,10207,3,12110,922538,0.6,0.5,196.0
2021-01-05,1377,901579,815,9637,8,12118,923353,0.66,0.98,194.0
2021-01-06,1238,902817,784,9177,6,12124,924137,0.58,0.76,210.0
2021-01-07,812,903629,761,9119,7,12131,924898,0.58,0.91,205.0
2021-01-08,657,904286,970,9429,3,12134,925868,0.73,0.3,203.0
2021-01-09,872,905158,899,9452,4,12138,926767,0.72,0.44,202.0
2021-01-10,593,905751,792,9649,2,12140,927559,0.69,0.25,202.0
2021-01-11,797,906548,496,9344,4,12144,928055,0.57,0.8,196.0
2021-01-12,1183,907729,751,8909,5,12149,928806,0.68,0.66,203.0
2021-01-13,765,908494,746,8887,3,12152,929552,0.65,0.4,193.0
2021-01-14,564,909058,408,8728,3,12155,929960,0.38,0.73,187.0
2021-01-15,643,909701,708,8790,3,12158,930668,0.83,0.42,183.0
2021-01-16,676,910377,584,8694,4,12162,931252,0.61,0.68,181.0
2021-01-17,855,911232,745,8580,4,12166,931997,0.75,0.53,178.0
2021-01-18,973,912205,435,8033,9,12175,932432,0.62,2.06,177.0
2021-01-19,807,913012,645,7865,6,12181,933077,0.79,0.93,172.0
2021-01-20,665,913677,501,7697,4,12185,933578,0.59,0.79,168.0
2021-01-21,815,914492,674,7554,2,12187,934252,0.75,0.29,171.0
2021-01-22,890,915382,324,6985,3,12190,934576,0.34,0.92,165.0
2021-01-23,542,915924,902,7342,3,12193,935478,1.04,0.33,157.0
2021-01-24,401,916325,573,7510,4,12197,936051,0.7,0.69,155.0
2021-01-25,1036,917361,375,6846,3,12200,936426,0.63,0.8,152.0
2021-01-26,738,918099,529,6633,4,12204,936955,0.8,0.75,147.0
2021-01-27,760,918859,428,6298,3,12207,937383,0.72,0.7,147.0
2021-01-28,644,919503,550,6202,2,12209,937933,0.83,0.36,150.0
2021-01-29,607,920110,468,6061,2,12211,938401,0.68,0.42,148.0
2021-01-30,547,920657,464,5976,2,12213,938865,0.63,0.43,147.0
2021-01-31,465,921122,522,6029,4,12217,939387,0.69,0.76,145.0
2021-02-01,470,921592,388,5944,3,12220,939775,0.72,0.77,145.0
2021-02-02,412,922004,395,5924,3,12223,940170,0.65,0.75,148.0
2021-02-03,433,922437,426,5915,2,12225,940596,0.6,0.46,146.0
2021-02-04,470,922907,474,5917,2,12227,941070,0.62,0.42,146.0
2021-02-05,470,923377,430,5874,3,12230,941500,0.58,0.69,144.0
2021-02-06,434,923811,531,5968,3,12233,942031,0.71,0.56,144.0
2021-02-07,493,924304,487,5959,3,12236,942518,0.65,0.61,141.0
2021-02-08,350,924654,328,5934,3,12239,942846,0.67,0.91,143.0
2021-02-09,513,925167,366,5785,2,12241,943212,0.6,0.54,143.0
2021-02-10,322,925489,415,5875,3,12244,943627,0.62,0.72,141.0
2021-02-11,340,925829,430,5958,7,12251,944057,0.63,1.62,137.0
2021-02-12,405,926234,380,5925,8,12259,944437,0.55,2.1,137.0
2021-02-13,430,926664,419,5910,4,12263,944856,0.63,0.95,135.0
2021-02-14,486,927150,414,5836,2,12265,945270,0.68,0.48,132.0
2021-02-15,430,927580,368,5772,2,12267,945638,0.87,0.54,128.0
2021-02-16,344,927924,438,5860,6,12273,946076,0.93,1.36,125.0
2021-02-17,537,928461,378,5698,3,12276,946454,0.69,0.79,124.0
2021-02-18,306,928767,406,5792,6,12282,946860,0.68,1.47,125.0
2021-02-19,291,929058,386,5882,5,12287,947246,0.62,1.29,125.0
2021-02-20,389,929447,490,5978,5,12292,947736,0.83,1.02,127.0
2021-02-21,353,929800,413,6036,2,12294,948149,0.74,0.48,127.0
2021-02-22,287,930087,317,6061,5,12299,948466,0.69,1.57,128.0
2021-02-23,378,930465,383,6062,4,12303,948849,0.75,1.04,122.0
2021-02-24,313,930778,334,6077,6,12309,949183,0.52,1.79,122.0
2021-02-25,947,931725,453,5576,7,12316,949636,0.66,1.54,121.0
2021-02-26,642,932367,571,5501,4,12320,950207,0.74,0.7,121.0
2021-02-27,380,932747,523,5638,6,12326,950730,0.71,1.14,121.0
2021-02-28,350,933097,521,5804,5,12331,951251,0.62,0.95,121.0
2021-03-01,324,933421,349,5824,5,12336,951600,0.58,1.43,118.0
2021-03-02,309,933730,437,5945,7,12343,952037,0.68,1.6,116.0
2021-03-03,413,934143,528,6057,3,12346,952565,0.77,0.56,116.0
2021-03-04,496,934639,571,6128,4,12350,953136,0.72,0.7,115.0
2021-03-05,427,935066,677,6374,4,12354,953813,0.85,0.59,112.0
2021-03-06,355,935421,580,6594,5,12359,954393,0.7,0.86,109.0
2021-03-07,351,935772,622,6862,3,12362,955015,0.81,0.48,115.0
2021-03-08,478,936250,436,6815,5,12367,955451,0.77,1.14,116.0
2021-03-10,331,936947,760,7456,6,12379,956801,1.08,0.78,115.0
2021-03-11,406,937353,783,7831,2,12381,957584,1.07,0.25,110.0
2021-03-12,545,937898,833,8114,5,12386,958417,1.13,0.6,125.0
2021-03-13,992,938890,921,8042,1,12387,959338,1.26,0.1,123.0
2021-03-14,609,939499,934,8364,3,12390,960272,1.27,0.32,125.0
2021-03-15,429,939928,932,8860,7,12397,961204,1.49,0.75,125.0
2021-03-16,561,940489,1135,9428,6,12403,962339,1.65,0.52,129.0
2021-03-17,479,940968,1275,10220,4,12407,963614,1.47,0.31,134.0
2021-03-18,341,941309,1488,11359,8,12415,965102,1.59,0.53,131.0
2021-03-19,869,942178,1587,12067,10,12425,966689,1.72,0.63,131.0
2021-03-20,1030,943208,1798,12828,7,12432,968487,1.91,0.38,134.0
2021-03-21,1048,944256,1715,13493,2,12434,970202,1.68,0.11,137.0
2021-03-22,661,944917,1445,14267,10,12444,971647,1.84,0.69,136.0
2021-03-23,677,945594,2010,15595,5,12449,973657,2.03,0.24,136.0
2021-03-24,995,946589,2298,16886,12,12461,975955,2.12,0.52,143.0
2021-03-25,1192,947781,2523,18207,10,12471,978478,2.32,0.39,150.0
2021-03-26,1207,948988,2566,19553,13,12484,981044,2.28,0.5,174.0
2021-03-27,1179,950167,2886,21252,8,12492,983930,2.68,0.27,196.0
2021-03-28,1285,951452,3082,23037,12,12504,987012,2.89,0.38,204.0
2021-03-29,1964,953416,2792,23849,16,12520,989804,3.2,0.57,227.0
2021-03-30,1262,954678,2975,25541,21,12541,992779,2.78,0.7,240.0
2021-03-31,1492,956170,4225,28248,26,12567,997004,3.89,0.61,266.0
2021-04-01,1599,957769,4234,30865,18,12585,1001238,3.65,0.42,265.0
2021-04-02,1631,959400,4991,34219,6,12591,1006229,4.19,0.12,269.0
2021-04-03,1959,961359,4373,36614,19,12610,1010602,3.53,0.43,327.0
2021-04-04,2060,963419,4553,39092,15,12625,1015155,3.79,0.32,331.0
2021-04-05,1856,965275,5279,42483,32,12657,1020434,5.39,0.6,345.0
2021-04-06,3487,968762,6150,45107,39,12696,1026584,6.02,0.63,351.0
2021-04-07,2794,971556,6976,49254,35,12731,1033560,5.56,0.5,353.0
2021-04-08,2393,973949,6570,53395,36,12767,1040130,6.04,0.54,357.0
2021-04-09,3220,977169,7955,58084,46,12813,1048085,5.88,0.57,378.0
2021-04-10,3350,980519,6955,61653,36,12849,1055040,7.04,0.51,405.0
2021-04-11,2638,983157,10250,69225,40,12889,1065290,7.72,0.39,440.0
2021-04-12,2767,985924,9579,75985,52,12941,1074869,8.24,0.54,470.0
2021-04-13,6079,992003,8778,78617,67,13008,1083647,7.2,0.76,474.0
2021-04-14,4364,996367,11265,85480,38,13046,1094912,9.94,0.33,506.0
2021-04-15,3591,999958,14738,96561,66,13112,1109650,11.38,0.44,555.0
2021-04-16,4031,1003985,14859,107315,78,13190,1124509,11.11,0.52,577.0
2021-04-17,5565,1009549,17489,119160,80,13270,1141998,12.2,0.45,589.0
2021-04-18,4603,1014152,19067,133543,81,13351,1161065,13.09,0.42,620.0
2021-04-19,7098,1021250,15785,142084,146,13497,1176850,12.81,0.92,721.0
2021-04-20,4571,1025821,21794,159158,149,13646,1198644,14.77,0.68,751.0
2021-04-21,6412,1032233,23558,176188,116,13762,1222202,15.47,0.49,904.0
2021-04-22,5624,1037857,25795,196236,123,13885,1247997,15.87,0.47,243.0
2021-04-23,8697,1046554,26962,214311,190,14075,1274959,15.19,0.7,1128.0
2021-04-24,9058,1055612,29438,234483,208,14283,1304397,15.52,0.7,1280.0
2021-04-25,6982,1062594,34804,262162,143,14426,1339201,19.7,0.41,1492.0
2021-04-26,10663,1073257,29744,281042,201,14627,1368945,17.87,0.67,1815.0
2021-04-27,10793,1084050,31830,301899,180,14807,1400775,18.71,0.56,2063.0
2021-04-28,11833,1095883,39047,328884,229,15036,1439822,22.7,0.58,2192.0
2021-04-29,14142,1110025,35024,349496,270,15306,1474846,19.92,0.77,2431.0
2021-04-30,14884,1124909,48296,382690,217,15523,1523142,25.44,0.44,
2021-05-01,18341,1143250,40990,405068,271,15794,1564132,23.03,0.66,
2021-05-02,21149,1164398,37733,421436,217,16011,1601865,23.82,0.57,
2021-05-03,20901,1185299,44438,444734,239,16250,1646303,29.8,0.53,
2021-05-04,24714,1210013,44631,464363,292,16538,1690934,29.03,0.65,
2021-05-05,26841,1236854,50112,487288,346,16884,1741046,32.28,0.69,
2021-05-06,18943,1255797,49058,517075,328,17212,1790104,29.83,0.66,
2021-05-07,28623,1284420,48781,536641,592,17804,1838885,30.69,1.21,
2021-05-08,34881,1319301,47563,548841,482,18286,1886448,30.28,1.01,
2021-05-09,31796,1351097,47930,564485,490,18776,1934378,32.71,1.02,
2021-05-10,32188,1383285,39305,571006,596,19372,1973683,31.66,1.51,
2021-05-11,22584,1405869,39510,587452,480,19852,2013193,33.99,1.21,
2021-05-12,34752,1440621,39998,592182,517,20368,2053191,29.67,1.29,
2021-05-13,34057,1474678,35297,593078,344,20712,2088488,27.64,0.97,
2021-05-14,35879,1510557,41779,598605,373,21085,2130267,32.86,0.89,
2021-05-15,34425,1544982,41664,605494,349,21434,2171931,35.2,0.83,
2021-05-16,36475,1581457,31531,600147,403,21837,2203462,27.84,1.27,
2021-05-17,34635,1616092,38603,603639,476,22313,2242065,39.7,1.23,
2021-05-18,58395,1674487,30309,575028,525,22838,2272374,32.5,1.73,
2021-05-19,49953,1724438,34281,558890,468,23306,2306655,26.46,1.36,
2021-05-20,52257,1776695,28869,534954,548,23854,2335524,23.91,1.89,
2021-05-21,52581,1829276,32218,514238,353,24207,2367742,24.22,1.09,
2021-05-22,61766,1891042,31183,483204,451,24658,2398925,24.21,1.44,
2021-05-23,35573,1926615,25979,472986,626,25282,2424904,20.76,2.4,
2021-05-24,57333,1983948,25311,440435,529,25811,2450215,23.28,2.09,
2021-05-25,38224,2022172,22758,424381,588,26399,2472973,21.13,2.58,
2021-05-26,40741,2062910,26811,409924,530,26929,2499784,19.48,1.97,
2021-05-27,31459,2094369,24214,402203,476,27405,2523998,17.59,1.96,
2021-05-28,52253,2146621,22823,372373,401,27806,2546821,16.42,1.75,
2021-05-29,42444,2189064,20628,350066,492,28298,2567449,14.95,2.38,
2021-05-30,28053,2217117,20378,342010,382,28679,2587827,14.68,1.87,
2021-05-31,44473,2261590,16604,313730,411,29090,2604431,13.57,2.47,
2021-06-01,29271,2290861,14304,298299,464,29554,2618735,12.3,3.24,
2021-06-02,21199,2312060,16387,293024,463,30017,2635122,11.22,2.82,
2021-06-03,24036,2336096,18324,286798,514,30531,2653446,12.2,2.8,
2021-06-04,22316,2358412,16068,280186,364,30895,2669514,10.66,2.26,
2021-06-05,25346,2383758,13800,268275,365,31260,2683314,9.69,2.64,
2021-06-06,25659,2409417,12209,254505,320,31580,2695523,7.71,2.62,
2021-06-07,27299,2436716,11958,238824,340,31920,2707481,9.08,2.84,
2021-06-08,23449,2460165,9808,225004,179,32099,2717289,7.53,1.82,
2021-06-09,20246,2480411,10959,215525,192,32291,2728248,6.68,1.75,
2021-06-11,14975,2511105,8249,203769,159,32644,2747539,4.86,1.92,
2021-06-12,21614,2532719,9785,191796,144,32788,2757324,6.61,1.47,
2021-06-13,18648,2551365,7810,180835,125,32913,2765134,6.02,1.6,
2021-06-14,15409,2566774,6835,172141,120,33033,2771969,4.56,1.75,
2021-06-15,14785,2581559,5041,162282,115,33148,2777010,3.8,2.28,
2021-06-16,17913,2599472,7345,151566,148,33296,2784355,4.35,2.01,
2021-06-17,10685,2610157,5983,146726,138,33434,2790338,3.77,2.3,
2021-06-18,15290,2625447,5783,137050,168,33602,2796121,4.05,2.9,
2021-06-19,11832,2637279,5815,130872,161,33763,2801936,3.38,2.76,
2021-06-20,8456,2645735,4517,126813,120,33883,2806453,2.58,2.65,
2021-06-21,8404,2654139,4867,123134,142,34025,2811320,3.25,2.91,
2021-06-22,8111,2662250,3709,118592,139,34164,2815029,2.87,3.74,
2021-06-23,6455,2668705,4436,116450,123,34287,2819465,2.59,2.77,
2021-06-24,9768,2678473,3979,110523,138,34425,2823444,2.46,3.46,
2021-06-25,6524,2684997,3310,107195,114,34539,2826754,2.09,3.44,
2021-06-26,6126,2691123,4272,105226,115,34654,2831026,2.58,2.69,
2021-06-27,7699,2698822,3604,101042,89,34743,2834630,2.18,2.46,
2021-06-28,5933,2704755,2576,97592,93,34836,2837206,1.92,3.61,
2021-06-29,14724,2719479,3222,85997,93,34929,2840428,2.54,2.88,
2021-06-30,12763,2732242,3382,76505,111,35040,2843810,1.97,3.28,
2021-07-01,14302,2746544,3203,65312,94,35134,2847013,2.05,2.93,
2021-07-02,14337,2760881,2984,53871,88,35222,2849997,1.92,2.94,
2021-07-03,7751,2768632,2082,48116,86,35308,2852079,1.34,4.13,
2021-07-04,4775,2773407,1564,44846,59,35367,2853643,1.02,3.77,
2021-07-05,5631,2779038,2848,41996,67,35434,2856491,1.94,2.35,
2021-07-06,4992,2784030,3104,40016,92,35526,2859595,2.65,2.96,
2021-07-07,3081,2787111,2743,39603,75,35601,2862338,1.64,2.73,
2021-07-08,3344,2790453,2530,38729,62,35663,2864868,1.6,2.45,
2021-07-09,3045,2793498,2290,37906,68,35731,2867158,1.48,2.96,
2021-07-10,2879,2796377,2162,37141,48,35779,2869320,1.48,2.22,
2021-07-11,2326,2798703,1978,36737,56,35835,2871298,1.24,2.83,
2021-07-12,3204,2801907,1386,34858,61,35896,2872684,1.26,4.4,
2021-07-13,2489,2804396,1913,34234,48,35944,2874597,1.53,2.5,
2021-07-14,2537,2806933,1990,33642,45,35989,2876587,1.59,2.26,
2021-07-15,3188,2810121,1977,32383,48,36037,2878564,1.42,2.42,
2021-07-16,2748,2812869,1806,31399,42,36079,2880370,1.18,2.32,
2021-07-17,3144,2816013,1869,30082,42,36121,2882239,1.3,2.24,
2021-07-18,2463,2818476,1708,29291,36,36157,2883947,1.09,2.1,
2021-07-19,3015,2821491,1291,27527,40,36197,2885238,0.94,3.09,
2021-07-20,2706,2824197,1464,26256,29,36226,2886702,1.29,1.98,
2021-07-21,2214,2826411,1639,25645,36,36262,2888341,1.07,2.19,
2021-07-22,2572,2828983,1653,24695,31,36293,2889994,1.17,1.87,
2021-07-23,2243,2831226,1705,24127,30,36323,2891699,1.35,1.75,
2021-07-24,2050,2833276,1857,23905,29,36352,2893556,1.21,1.56,
2021-07-25,1465,2834741,1001,23419,22,36374,2894557,0.68,2.19,
2021-07-26,1937,2836678,1606,23057,31,36405,2896163,1.4,1.93,
2021-07-27,2039,2838717,1501,22487,32,36437,2897664,1.46,2.13,
2021-07-28,1430,2840147,1531,22569,19,36456,2899195,1.03,1.24,
2021-07-29,1332,2841479,2052,23253,35,36491,2901247,1.37,1.7,
2021-07-30,1631,2843110,1890,23478,34,36525,2903137,1.3,1.79,
2021-07-31,1632,2844742,1987,23796,37,36562,2905124,1.43,1.86,
2021-08-01,1502,2846244,1875,24144,25,36587,2906999,1.2,1.33,
2021-08-02,1383,2847627,1285,24021,25,36612,2908284,0.96,1.94,
2021-08-03,1376,2849003,1674,24280,38,36650,2909958,1.38,2.27,
2021-08-04,1714,2850717,1769,24305,30,36680,2911727,1.04,1.69,
2021-08-05,1651,2852368,1785,24414,25,36705,2913512,1.1,1.4,
2021-08-06,1854,2854222,1805,24328,36,36741,2915317,1.11,1.99,
2021-08-07,1640,2855862,1610,24266,32,36773,2916927,1.08,1.98,
2021-08-08,1914,2857776,1598,23930,20,36793,2918525,1.09,1.25,
2021-08-09,1776,2859552,1186,23316,24,36817,2919711,0.89,2.02,
2021-08-10,1947,2861499,1338,22676,31,36848,2921049,1.05,2.31,
2021-08-11,1618,2863117,1826,22851,33,36881,2922875,1.09,1.8,
2021-08-12,1950,2865067,1857,22728,30,36911,2924732,1.15,1.61,
2021-08-13,1672,2866739,1669,22703,22,36933,2926401,0.98,1.31,
2021-08-14,1612,2868351,1632,22698,25,36958,2928033,1.04,1.53,
2021-08-15,1611,2869962,1431,22497,21,36979,2929464,0.93,1.46,
2021-08-16,1486,2871448,1065,22048,28,37007,2930529,0.93,2.62,
2021-08-17,1833,2873281,1298,21481,32,37039,2931827,1.01,2.46,
2021-08-18,1558,2874839,1365,21266,22,37061,2933192,0.76,1.61,
2021-08-19,1538,2876377,1432,21133,27,37088,2934624,0.8,1.88,
2021-08-20,1408,2877785,1453,21161,17,37105,2936077,0.83,1.16,
2021-08-21,1648,2879433,1350,20845,18,37123,2937427,0.85,1.33,
2021-08-22,1456,2880889,1189,20556,22,37145,2938616,0.94,1.85,
2021-08-23,1442,2882331,1151,20255,10,37155,2939767,1.08,0.86,
2021-08-24,1701,2884032,1259,19784,29,37184,2941026,0.65,2.3,
2021-08-26,1206,2886906,1213,19300,25,37231,2943463,0.64,2.06,
2021-08-27,1614,2888520,1301,18970,17,37248,2944764,0.69,1.3,
2021-08-28,1289,2889809,1229,18897,13,37261,2945993,0.66,1.05,
2021-08-29,1384,2891193,1262,18758,17,37278,2947255,0.7,1.34,
2021-08-30,1324,2892517,973,18392,15,37293,2948228,0.64,1.54,
2021-08-31,1198,2893715,1217,18386,25,37318,2949445,0.94,2.05,
2021-09-01,1112,2894827,1159,18412,21,37339,2950604,0.66,1.81,
2021-09-02,1252,2896079,1240,18378,22,37361,2951844,0.74,1.77,
2021-09-03,1175,2897254,1220,18404,19,37380,2953064,0.68,1.55,
2021-09-04,1620,2898874,983,17746,21,37401,2954047,0.61,2.13,
2021-09-05,1354,2900228,1117,17501,8,37409,2955164,0.71,0.71,
2021-09-06,1071,2901299,973,17386,17,37426,2956137,0.69,1.74,
2021-09-07,790,2902089,851,17432,15,37441,2956988,0.71,1.76,
2021-09-08,1458,2903547,1102,17058,17,37458,2958090,0.64,1.54,
2021-09-09,1136,2904683,1074,16992,4,37462,2959164,0.63,0.37,
2021-09-10,921,2905604,967,17028,10,37472,2960131,0.57,1.03,
2021-09-11,1142,2906746,801,16672,15,37487,2960932,0.67,1.87,
2021-09-12,802,2907548,803,16656,17,37504,2961735,0.8,2.11,
2021-09-13,1074,2908622,673,16241,13,37517,2962408,0.56,1.93,
2021-09-14,1034,2909656,559,15754,12,37529,2962967,0.52,2.14,
2021-09-15,970,2910626,1116,15892,8,37537,2964083,0.65,0.71,
2021-09-16,809,2911434,1108,16174,18,37555,2965191,0.66,1.62,
2021-09-17,1199,2912633,1003,15960,18,37573,2966194,0.67,1.79,
2021-09-18,1080,2913713,889,15755,14,37587,2967083,0.63,1.57,
2021-09-19,1139,2914852,783,15383,16,37603,2967866,0.6,2.04,
2021-09-20,1678,2916530,677,14358,24,37627,2968543,0.6,3.54,
2021-09-21,1414,2917944,818,13741,21,37648,2969361,0.8,2.56,
2021-09-22,946,2918890,847,13621,20,37668,2970208,0.57,2.36,
2021-09-23,852,2919742,836,13590,15,37683,2971044,0.57,1.79,
2021-09-24,1050,2920792,789,13306,23,37706,2971833,0.58,2.91,
2021-09-25,775,2921567,787,13307,11,37717,2972620,0.55,1.39,
2021-09-26,860,2922427,775,13213,9,37726,2973395,0.54,1.16,
2021-09-27,893,2923320,504,12804,20,37746,2973899,0.48,3.96,
2021-09-28,782,2924102,629,12634,17,37763,2974528,0.67,2.7,
2021-09-29,591,2924693,539,12565,17,37780,2975067,0.48,3.15,
2021-09-30,704,2925397,933,12780,14,37794,2976000,0.81,1.5,
2021-10-01,887,2926284,589,12469,13,37807,2976589,0.46,2.2,
2021-10-02,745,2927029,636,12356,4,37811,2977225,0.37,0.62,
2021-10-03,711,2927740,664,12301,8,37819,2977889,0.52,1.2,
2021-10-04,693,2928433,397,11992,13,37832,2978286,0.5,3.27,
2021-10-05,575,2929008,523,11926,14,37845,2978808,0.59,2.67,
2021-10-06,621,2929629,523,11819,9,37854,2979331,0.39,1.72,
2021-10-07,635,2930264,442,11619,7,37861,2979773,0.36,1.58,
2021-10-08,603,2930867,397,11408,5,37866,2980170,0.43,1.25,
2021-10-09,1455,2932322,451,10395,9,37875,2980621,0.37,1.99,
2021-10-10,637,2932959,406,10154,10,37885,2981027,0.35,2.46,
2021-10-11,611,2933570,373,9906,10,37895,2981400,0.45,2.68,
2021-10-12,515,2934085,332,9712,11,37906,2981732,0.41,3.31,
2021-10-13,438,2934523,357,9621,10,37916,2982089,0.31,2.8,
2021-10-14,347,2934870,310,9578,6,37922,2982399,0.26,1.93,
2021-10-15,368,2935238,470,9671,9,37931,2982869,0.5,1.91,
2021-10-16,421,2935659,264,9508,6,37937,2983133,0.43,2.27,
2021-10-17,380,2936039,326,9450,4,37941,2983459,0.41,1.22,
2021-10-18,488,2936527,214,9164,12,37953,2983673,0.27,5.61,
2021-10-19,399,2936926,349,9100,14,37967,2984022,0.41,4.01,
2021-10-20,479,2937405,462,9074,9,37976,2984484,0.39,1.94,
2021-10-21,443,2937848,365,8988,8,37984,2984849,0.31,2.19,
2021-10-22,464,2938312,378,8891,11,37995,2985227,0.36,2.91,
2021-10-23,342,2938653,371,8914,7,38002,2985598,0.3,1.88,
2021-10-24,586,2939239,388,8711,5,38007,2985986,0.32,1.28,
2021-10-25,408,2939647,290,8583,10,38017,2986276,0.32,3.44,
2021-10-26,343,2939990,277,8510,7,38024,2986553,0.36,2.52,
2021-10-27,349,2940339,282,8430,13,38037,2986835,0.24,4.6,
2021-10-28,334,2940673,478,8557,17,38054,2987313,0.42,3.55,
2021-10-29,305,2940978,381,8626,7,38061,2987694,0.33,1.83,
2021-10-30,255,2941233,347,8708,10,38071,2988041,0.31,2.88,
2021-10-31,345,2941578,292,8644,11,38082,2988333,0.27,3.76,
2021-11-01,318,2941896,188,8512,2,38084,2988521,0.25,1.06,
2021-11-02,376,2942272,239,8370,5,38089,2988760,0.39,2.09,
2021-11-03,316,2942588,254,8306,2,38091,2989014,0.33,0.78,
2021-11-04,296,2942884,261,8267,5,38095,2989275,0.48,1.91,
2021-11-05,286,2943170,214,8188,7,38102,2989489,0.26,3.27,
2021-11-06,317,2943487,224,8090,5,38107,2989713,0.37,2.23,
2021-11-07,322,2943809,239,8002,5,38112,2989952,0.21,2.09,
2021-11-08,290,2944099,283,7989,6,38118,2990235,0.26,2.12,
2021-11-09,323,2944422,293,7955,4,38122,2990528,0.36,1.36,
2021-11-10,247,2944669,328,8027,9,38131,2990856,0.27,2.74,
2021-11-11,289,2944958,286,8017,7,38138,2991142,0.25,2.44,
2021-11-12,206,2945164,227,8036,2,38140,2991369,0.22,0.88,
2021-11-13,251,2945415,245,8027,3,38143,2991614,0.24,1.22,
2021-11-14,264,2945679,236,7997,2,38145,2991850,0.24,0.84,
2021-11-15,255,2945934,171,7912,1,38146,2992021,0.25,0.58,
2021-11-16,667,2946601,255,7493,7,38153,2992276,0.38,2.74,
2021-11-17,384,2946985,308,7409,8,38161,2992584,0.29,2.59,
2021-11-18,369,2947354,313,7349,4,38165,2992897,0.36,1.27,
2021-11-19,329,2947683,242,7258,4,38169,2993139,0.26,1.65,
2021-11-20,370,2948053,213,7096,5,38174,2993352,0.26,2.34,
2021-11-21,278,2948331,247,7064,1,38175,2993599,0.31,0.4,
2021-11-22,373,2948704,178,6867,2,38177,2993777,0.31,1.12,
2021-11-23,379,2949083,224,6707,5,38182,2994001,0.43,2.23,
2021-11-24,546,2949629,254,6412,3,38185,2994255,0.38,1.18,
2021-11-25,224,2949853,306,6492,2,38187,2994561,0.36,0.65,
2021-11-26,277,2950130,402,6611,6,38193,2994963,0.6,1.49,
2021-11-27,176,2950306,322,6754,3,38196,2995285,0.34,0.93,
2021-11-28,236,2950542,315,6831,2,38198,2995600,0.4,0.63,
2021-12-01,162,2951654,322,6574,2,38213,2996470,0.31,0.62,
2021-12-02,191,2951845,363,6743,3,38216,2996833,0.34,0.82,
2021-12-03,256,2952101,413,6896,4,38220,2997246,0.39,0.96,
2021-12-04,277,2952378,397,7012,4,38224,2997643,0.35,1.0,
2021-12-05,330,2952708,456,7132,6,38230,2998099,0.41,1.31,
2021-12-06,359,2953067,301,7067,7,38237,2998400,0.34,2.32,
2021-12-07,260,2953327,299,7100,6,38243,2998699,0.36,2.0,
2021-12-08,238,2953565,399,7255,6,38249,2999098,0.34,1.5,
2021-12-09,292,2953857,373,7332,4,38253,2999471,0.31,1.07,
2021-12-10,339,2954196,314,7305,2,38255,2999785,0.26,0.63,
2021-12-11,317,2954513,320,7306,2,38257,3000105,0.3,0.62,
2021-12-12,304,2954817,330,7328,4,38261,3000435,0.27,1.21,
2021-12-13,321,2955138,236,7236,7,38268,3000671,0.29,2.96,
2021-12-14,327,2955465,263,7165,7,38275,3000934,0.36,2.66,
2021-12-15,301,2955766,317,7179,2,38277,3001251,0.26,0.63,
2021-12-16,322,2956088,303,7158,2,38279,3001554,0.23,0.66,
2021-12-17,317,2956405,238,7076,3,38282,3001792,0.2,1.26,
2021-12-19,279,2956970,300,7140,1,38288,3002427,0.26,0.33,
2021-12-20,286,2957256,222,7074,2,38290,3002649,0.25,0.9,
2021-12-22,253,2957799,321,7138,4,38299,3003265,0.32,1.24,
2021-12-23,318,2958117,299,7117,2,38301,3003564,0.23,0.66,
2021-12-24,267,2958384,405,7251,4,38305,3003969,0.35,0.98,
2021-12-25,246,2958630,270,7271,4,38309,3004239,0.27,1.48,
2021-12-26,198,2958828,348,7418,3,38312,3004587,0.47,0.86,
2021-12-27,254,2959082,289,7449,4,38316,3004876,0.49,1.38,
2021-12-28,347,2959429,356,7456,2,38318,3005232,0.5,0.56,
2021-12-29,245,2959674,566,7771,6,38324,3005798,0.52,1.06,
2021-12-30,252,2959926,707,8223,3,38327,3006505,0.61,0.42,
2021-12-31,335,2960261,832,8712,8,38335,3007337,0.7,0.96,
2022-01-01,354,2960615,1033,9386,5,38340,3008370,0.86,0.48,
2022-01-02,275,2960890,1187,10292,6,38346,3009557,1.08,0.5,
2022-01-03,232,2961122,1290,11345,5,38351,3010847,1.6,0.38,
2022-01-04,288,2961410,2479,13532,4,38355,3013326,2.59,0.16,
2022-01-05,362,2961772,4246,17414,2,38357,3017572,3.33,0.04,
2022-01-06,271,2962043,5031,22173,1,38358,3022603,3.95,0.01,
2022-01-07,505,2962548,8449,30113,4,38362,3031052,4.15,0.04,
2022-01-08,508,2963056,8906,38507,4,38366,3039958,5.42,0.04,
2022-01-09,901,2963957,12000,49602,4,38370,3051958,6.33,0.03,
2022-01-10,1148,2965105,11698,60148,4,38374,3063656,7.77,0.03,
2022-01-11,1356,2966461,14473,73260,5,38379,3078129,10.3,0.03,
2022-01-12,1541,2968002,21390,93099,10,38389,3099519,10.96,0.04,
2022-01-13,2363,2970365,25005,115733,8,38397,3124524,12.39,0.03,
2022-01-14,3105,2973470,28723,141337,14,38411,3153247,12.98,0.04,
2022-01-15,4273,2977743,32793,169850,7,38418,3186040,15.0,0.02,
2022-01-16,5902,2983645,34047,197982,13,38431,3220087,19.29,0.03,
2022-01-17,7827,2991472,27156,217297,14,38445,3247243,12.45,0.05,
2022-01-18,8353,2999825,41457,250381,20,38465,3288700,22.3,0.04,
2022-01-19,23209,3023034,40499,267650,21,38486,3329199,18.8,0.05,
2022-01-20,22143,3045177,47754,293231,29,38515,3376953,18.48,0.06,
2022-01-21,18115,3063292,48049,323143,22,38537,3425002,19.23,0.04,
2022-01-22,35140,3098432,42470,330447,26,38563,3467472,19.33,0.06,
2022-01-23,22842,3121274,50210,357796,19,38582,3517682,22.77,0.03,
