date,hospital_beds_total,hospital_beds_occupied,hospital_beds_vacant,covid_care_center_beds_total,covid_care_center_beds_occupied,covid_care_center_beds_vacant,covid_health_center_beds_total,covid_health_center_beds_occupied,covid_health_center_beds_vacant,home_isolation_count
2020-06-18,10919.0,5448.0,5471.0,344.0,140.0,204.0,5974.0,1155.0,4819.0,
2020-06-20,12208.0,5923.0,6285.0,5909.0,1139.0,4770.0,344.0,149.0,195.0,12611.0
2020-06-21,12651.0,6054.0,6597.0,5909.0,1426.0,4883.0,344.0,205.0,139.0,12106.0
2020-06-22,13183.0,6213.0,6970.0,5909.0,1579.0,4330.0,344.0,197.0,147.0,12922.0
2020-06-23,13389.0,6264.0,7125.0,5909.0,1607.0,4302.0,344.0,207.0,137.0,12963.0
2020-06-24,13411.0,6203.0,7208.0,5909.0,1547.0,4362.0,344.0,206.0,138.0,14844.0
2020-06-25,13411.0,6241.0,7170.0,5909.0,1585.0,4324.0,344.0,211.0,133.0,15159.0
2020-06-26,13411.0,6221.0,7190.0,5909.0,1504.0,4405.0,344.0,223.0,121.0,16249.0
2020-06-27,13411.0,6068.0,7343.0,5909.0,1700.0,4209.0,344.0,232.0,112.0,17381.0
2020-06-28,13411.0,6014.0,7397.0,5909.0,1558.0,4351.0,344.0,238.0,106.0,17148.0
2020-06-29,13411.0,5977.0,7434.0,7869.0,1615.0,6254.0,544.0,241.0,303.0,16329.0
2020-06-30,13661.0,5912.0,7749.0,7869.0,1686.0,6183.0,544.0,233.0,311.0,16240.0
2020-07-01,15242.0,5892.0,9350.0,7869.0,1745.0,6124.0,544.0,225.0,319.0,16703.0
2020-07-02,15243.0,5747.0,9496.0,7869.0,1885.0,5984.0,544.0,170.0,374.0,16129.0
2020-07-03,15243.0,5635.0,9608.0,7869.0,1948.0,5921.0,544.0,167.0,377.0,15878.0
2020-07-04,15283.0,5522.0,9761.0,7869.0,1756.0,6113.0,544.0,153.0,391.0,16004.0
2020-07-05,15301.0,5356.0,9945.0,7869.0,1726.0,6143.0,544.0,148.0,396.0,15564.0
2020-07-06,15301.0,5250.0,10051.0,7869.0,1714.0,6155.0,544.0,136.0,408.0,17141.0
2020-07-07,15301.0,5003.0,10298.0,7869.0,1688.0,6181.0,544.0,142.0,402.0,16608.0
2020-07-08,15096.0,4859.0,10237.0,7869.0,1758.0,6111.0,544.0,141.0,403.0,14661.0
2020-07-09,15096.0,4784.0,10312.0,7869.0,1918.0,5951.0,544.0,135.0,409.0,12543.0
2020-07-11,15253.0,4502.0,10751.0,9217.0,1857.0,7360.0,544.0,157.0,387.0,11598.0
2020-07-12,15253.0,4315.0,,9217.0,2055.0,7162.0,544.0,153.0,391.0,11059.0
2020-07-13,15253.0,4309.0,10944.0,9217.0,2148.0,7069.0,544.0,144.0,300.0,11170.0
2020-07-14,15300.0,4194.0,,9294.0,2041.0,7253.0,544.0,128.0,416.0,10695.0
2020-07-15,15363.0,4021.0,11342.0,9284.0,2029.0,7255.0,554.0,167.0,387.0,9943.0
2020-07-16,15364.0,3819.0,11545.0,9284.0,2113.0,7171.0,554.0,171.0,383.0,9652.0
2020-07-17,15474.0,3696.0,11778.0,9284.0,2304.0,6980.0,554.0,178.0,376.0,9595.0
2020-07-18,15475.0,3635.0,11840.0,9284.0,2291.0,6993.0,554.0,174.0,380.0,9136.0
2020-07-19,15475.0,3592.0,11883.0,9454.0,2250.0,7204.0,554.0,159.0,395.0,8819.0
2020-07-20,15475.0,3517.0,11958.0,9454.0,2165.0,7289.0,554.0,151.0,403.0,8379.0
2020-07-21,15475.0,3517.0,11958.0,9454.0,2136.0,7318.0,554.0,160.0,394.0,8126.0
2020-07-22,15475.0,3342.0,12133.0,9454.0,2262.0,7292.0,554.0,157.0,397.0,7966.0
2020-07-23,15475.0,3271.0,12204.0,9554.0,2092.0,7462.0,554.0,150.0,404.0,8000.0
2020-07-24,15475.0,3210.0,12265.0,9554.0,1522.0,8032.0,554.0,146.0,408.0,7778.0
2020-07-25,15475.0,3135.0,12340.0,9244.0,904.0,,554.0,137.0,417.0,7339.0
2020-07-26,15475.0,2856.0,12619.0,9444.0,853.0,,554.0,144.0,410.0,6976.0
2020-07-27,15271.0,2835.0,12436.0,9412.0,761.0,,554.0,147.0,407.0,6638.0
2020-07-28,15408.0,2775.0,12633.0,9412.0,678.0,,554.0,159.0,395.0,6219.0
2020-07-29,16008.0,3028.0,12980.0,10018.0,647.0,,554.0,166.0,388.0,5894.0
2020-07-31,14303.0,2932.0,11371.0,10244.0,652.0,,554.0,163.0,391.0,5763.0
2020-08-01,13578.0,2979.0,10599.0,10244.0,673.0,,554.0,166.0,388.0,5660.0
2020-08-02,13578.0,2886.0,10692.0,10244.0,685.0,,554.0,161.0,393.0,5663.0
2020-08-03,13578.0,2973.0,10605.0,10244.0,694.0,,554.0,158.0,396.0,
2020-08-04,13578.0,2954.0,10624.0,10146.0,654.0,,554.0,154.0,400.0,5461.0
2020-08-05,13578.0,2995.0,10583.0,10146.0,616.0,,554.0,158.0,396.0,5227.0
2020-08-06,13571.0,3024.0,10547.0,10146.0,622.0,,554.0,159.0,395.0,5244.0
2020-08-07,13571.0,3069.0,10502.0,10146.0,624.0,,554.0,157.0,397.0,5367.0
2020-08-08,13527.0,3058.0,10469.0,10146.0,659.0,,554.0,174.0,380.0,5372.0
2020-08-09,13527.0,3084.0,10443.0,10146.0,711.0,,554.0,172.0,382.0,5462.0
2020-08-10,13527.0,3115.0,10412.0,10146.0,711.0,,554.0,176.0,378.0,5637.0
2020-08-11,13722.0,3212.0,10510.0,10146.0,697.0,,554.0,179.0,375.0,5523.0
2020-08-12,13963.0,3351.0,10612.0,10146.0,707.0,,554.0,177.0,377.0,5598.0
2020-08-13,14016.0,3322.0,10694.0,10143.0,743.0,,594.0,192.0,402.0,5762.0
2020-08-14,14125.0,3372.0,10753.0,10143.0,726.0,,594.0,194.0,400.0,5882.0
2020-08-15,14125.0,3495.0,10630.0,10143.0,724.0,,594.0,185.0,409.0,5809.0
2020-08-16,14117.0,3483.0,10634.0,10143.0,739.0,,594.0,187.0,407.0,5762.0
2020-08-17,14117.0,3566.0,10551.0,10143.0,765.0,,594.0,182.0,412.0,5552.0
2020-08-18,14121.0,3539.0,10582.0,10143.0,637.0,,594.0,167.0,427.0,5351.0
2020-08-19,14122.0,3595.0,10527.0,10143.0,600.0,,594.0,167.0,427.0,5377.0
2020-08-20,14122.0,3582.0,10540.0,10143.0,593.0,,594.0,174.0,420.0,5707.0
2020-08-21,14125.0,3585.0,10540.0,10143.0,598.0,,594.0,175.0,419.0,5818.0
2020-08-22,14124.0,3600.0,10524.0,10143.0,589.0,,594.0,202.0,392.0,5791.0
2020-08-23,14126.0,3617.0,10509.0,10143.0,612.0,,594.0,203.0,391.0,5896.0
2020-08-24,14127.0,3590.0,10537.0,10143.0,625.0,,594.0,207.0,387.0,6143.0
2020-08-25,14129.0,3617.0,10512.0,10143.0,661.0,,594.0,227.0,367.0,5949.0
2020-08-26,14130.0,3682.0,10448.0,10143.0,694.0,,594.0,243.0,351.0,6208.0
2020-08-27,14135.0,3814.0,10321.0,10143.0,715.0,,594.0,243.0,351.0,6596.0
2020-08-28,14138.0,3904.0,10234.0,10143.0,728.0,,594.0,260.0,334.0,6850.0
2020-08-29,14143.0,3966.0,10177.0,10143.0,821.0,,594.0,275.0,319.0,7024.0
2020-08-31,14145.0,4146.0,9999.0,10143.0,901.0,,599.0,345.0,254.0,7876.0
2020-09-01,14148.0,4186.0,9962.0,10143.0,902.0,,601.0,351.0,250.0,8119.0
2020-09-02,14146.0,4278.0,9868.0,10143.0,941.0,,601.0,367.0,234.0,8407.0
2020-09-03,14140.0,4477.0,9663.0,10143.0,963.0,,601.0,380.0,221.0,9135.0
2020-09-04,14159.0,4730.0,9429.0,10143.0,984.0,,601.0,392.0,209.0,9822.0
2020-09-05,14163.0,4934.0,9229.0,8580.0,1049.0,,601.0,400.0,201.0,10514.0
2020-09-07,14165.0,5218.0,8947.0,8580.0,1187.0,,601.0,448.0,153.0,11613.0
2020-09-12,14390.0,6294.0,8096.0,8580.0,1614.0,,601.0,459.0,142.0,15371.0
2020-09-13,14377.0,6503.0,7874.0,8580.0,1692.0,,601.0,436.0,165.0,15946.0
2020-09-14,14409.0,6592.0,7817.0,8580.0,1807.0,,601.0,445.0,156.0,16568.0
2020-09-15,14482.0,6658.0,7824.0,8137.0,1859.0,,594.0,431.0,163.0,16576.0
2020-09-16,14521.0,6783.0,7738.0,8137.0,1908.0,,601.0,426.0,175.0,17324.0
2020-09-17,14652.0,6893.0,7759.0,8137.0,1915.0,,601.0,443.0,158.0,18038.0
2020-09-18,14974.0,6956.0,8018.0,8137.0,2014.0,,601.0,452.0,149.0,18701.0
2020-09-19,14996.0,7043.0,7953.0,8137.0,1890.0,,601.0,412.0,189.0,18648.0
2020-09-20,15621.0,7040.0,8581.0,8137.0,1937.0,,601.0,398.0,203.0,18910.0
2020-09-21,15681.0,6990.0,8691.0,8137.0,1805.0,,601.0,385.0,216.0,19213.0
2020-09-22,15804.0,7051.0,8753.0,8137.0,1906.0,,601.0,386.0,215.0,18464.0
2020-09-23,15810.0,6998.0,8812.0,8137.0,1913.0,4841.0,601.0,377.0,224.0,17834.0
2020-09-24,15810.0,7026.0,8784.0,,,,601.0,344.0,257.0,17995.0
2020-09-25,15812.0,6990.0,8822.0,,,,527.0,358.0,169.0,18096.0
2020-09-26,,,,,,,,,,17600.0
2020-09-27,,,,,,,,,,17291.0
2020-09-28,15833.0,6659.0,9174.0,,,,527.0,337.0,190.0,16679.0
2020-09-29,15839.0,6515.0,9324.0,,,,527.0,321.0,206.0,16049.0
2020-09-30,15834.0,6283.0,9551.0,8137.0,1266.0,5705.0,527.0,312.0,215.0,15657.0
2020-10-01,15843.0,6146.0,9697.0,8137.0,1327.0,5898.0,527.0,329.0,198.0,15899.0
2020-10-02,15844.0,6071.0,9773.0,8137.0,1291.0,5937.0,527.0,316.0,211.0,15852.0
2020-10-03,15840.0,5989.0,9851.0,8137.0,1226.0,6128.0,527.0,312.0,215.0,15449.0
2020-10-04,15833.0,5896.0,9937.0,8137.0,1176.0,6084.0,527.0,298.0,229.0,14700.0
2020-10-05,15832.0,5802.0,10030.0,8137.0,1126.0,6237.0,527.0,300.0,227.0,13905.0
2020-10-07,15830.0,5387.0,10443.0,8137.0,974.0,6221.0,527.0,263.0,264.0,12691.0
2020-10-08,15833.0,5270.0,10563.0,8137.0,1073.0,6085.0,527.0,273.0,254.0,12890.0
2020-10-09,15833.0,5235.0,10598.0,8137.0,986.0,6129.0,527.0,265.0,262.0,12609.0
2020-10-10,16114.0,5303.0,10811.0,8137.0,958.0,6158.0,527.0,266.0,261.0,12614.0
2020-10-11,16118.0,5229.0,10889.0,8137.0,935.0,6239.0,527.0,287.0,240.0,12470.0
2020-10-12,16118.0,5151.0,10967.0,8137.0,877.0,6297.0,527.0,273.0,254.0,12385.0
2020-10-13,16117.0,5109.0,11008.0,8137.0,891.0,6290.0,527.0,278.0,249.0,12176.0
2020-10-14,,,,,,,,,,12360.0
2020-10-15,16109.0,5109.0,11000.0,8137.0,913.0,6499.0,527.0,290.0,237.0,12810.0
2020-10-16,,,,,,,,,,13152.0
2020-10-17,,,,,,,,,,13436.0
2020-10-18,,,,,,,,,,13742.0
2020-10-19,15704.0,5064.0,10640.0,8137.0,891.0,6342.0,527.0,297.0,230.0,14164.0
2020-10-20,15717.0,5149.0,10568.0,8107.0,862.0,6286.0,527.0,286.0,241.0,14046.0
2020-10-21,15713.0,5081.0,10632.0,8107.0,845.0,6301.0,527.0,278.0,249.0,14227.0
2020-10-22,15742.0,5116.0,10626.0,8107.0,960.0,6219.0,527.0,300.0,227.0,14979.0
2020-10-23,15739.0,5182.0,10557.0,8107.0,935.0,6566.0,527.0,315.0,212.0,15483.0
2020-10-24,,,,,,,,,,15808.0
2020-10-25,,,,,,,,,,16115.0
2020-10-26,15757.0,5404.0,10353.0,7887.0,858.0,6513.0,527.0,296.0,231.0,16396.0
2020-10-27,15765.0,5453.0,10312.0,,,,527.0,305.0,222.0,16415.0
2020-10-28,15765.0,5665.0,10100.0,7887.0,894.0,6496.0,527.0,324.0,203.0,16822.0
2020-10-29,15749.0,5854.0,9895.0,,,,527.0,337.0,190.0,18069.0
2020-10-30,15759.0,6114.0,9645.0,7887.0,968.0,6482.0,527.0,326.0,201.0,19064.0
2020-10-31,15764.0,6259.0,9505.0,7887.0,970.0,6455.0,527.0,335.0,192.0,20093.0
2020-11-01,,,,,,,,,,20732.0
2020-11-02,15789.0,6676.0,9113.0,7887.0,949.0,6385.0,527.0,318.0,209.0,21364.0
2020-11-03,15823.0,6798.0,9025.0,7887.0,973.0,6349.0,527.0,358.0,169.0,21521.0
2020-11-04,15782.0,6945.0,8837.0,7887.0,983.0,6334.0,527.0,351.0,176.0,22248.0
2020-11-05,15803.0,7231.0,8572.0,7887.0,1028.0,6263.0,527.0,344.0,183.0,23411.0
2020-11-07,15904.0,7858.0,8046.0,8107.0,1020.0,6571.0,527.0,327.0,200.0,24100.0
2020-11-08,16027.0,8072.0,7955.0,8107.0,1002.0,6688.0,527.0,315.0,212.0,24723.0
2020-11-09,16195.0,8180.0,8015.0,8217.0,971.0,6950.0,527.0,300.0,227.0,25321.0
2020-11-10,16324.0,8262.0,8062.0,8217.0,836.0,7112.0,527.0,279.0,248.0,24178.0
2020-11-11,16511.0,8497.0,8014.0,8217.0,825.0,7198.0,527.0,279.0,248.0,24435.0
2020-11-12,16590.0,8588.0,8002.0,8217.0,929.0,7135.0,527.0,294.0,233.0,26252.0
2020-11-13,,,,,,,,,,26741.0
2020-11-14,,,,,,,,,,27428.0
2020-11-16,,,,,,,,,,26533.0
2020-11-17,16814.0,9215.0,7599.0,,,,562.0,217.0,345.0,25585.0
2020-11-18,16884.0,9343.0,7541.0,8217.0,568.0,7146.0,562.0,219.0,343.0,24842.0
2020-11-19,16965.0,9494.0,7471.0,8217.0,593.0,7082.0,562.0,221.0,341.0,25367.0
2020-11-20,,,,,,,,,,24042.0
2020-11-21,,,,,,,,,,23587.0
2020-11-22,17365.0,9418.0,7947.0,8217.0,550.0,7356.0,562.0,197.0,365.0,23301.0
2020-11-23,17553.0,9464.0,8089.0,8217.0,527.0,7509.0,562.0,184.0,378.0,22700.0
2020-11-24,17958.0,9367.0,8591.0,8217.0,476.0,7610.0,562.0,188.0,374.0,22246.0
2020-11-25,18196.0,9268.0,8928.0,8217.0,489.0,7637.0,562.0,182.0,380.0,23102.0
2020-11-26,18252.0,9109.0,9143.0,8217.0,497.0,7682.0,562.0,174.0,388.0,23479.0
2020-11-27,18287.0,8915.0,9372.0,8217.0,488.0,7707.0,562.0,162.0,400.0,23134.0
2020-11-28,18389.0,8596.0,9793.0,7942.0,484.0,7337.0,562.0,151.0,411.0,22349.0
2020-11-30,18694.0,8098.0,10596.0,7942.0,465.0,7306.0,562.0,140.0,422.0,20456.0
2020-12-01,18688.0,7777.0,10911.0,7942.0,457.0,6999.0,562.0,129.0,433.0,19400.0
2020-12-02,18693.0,7366.0,11327.0,7942.0,442.0,7009.0,562.0,127.0,435.0,18423.0
2020-12-03,18719.0,6985.0,11734.0,7942.0,484.0,6962.0,562.0,127.0,435.0,17790.0
2020-12-05,18843.0,6458.0,12385.0,7942.0,429.0,6874.0,562.0,141.0,421.0,16231.0
2020-12-06,18814.0,6145.0,12669.0,7942.0,429.0,6939.0,562.0,137.0,425.0,15276.0
2020-12-07,18813.0,6023.0,12790.0,7942.0,388.0,6974.0,562.0,122.0,440.0,14279.0
2020-12-08,18852.0,5193.0,13659.0,7942.0,338.0,7344.0,562.0,106.0,456.0,11541.0
2020-12-09,18806.0,5417.0,13389.0,7942.0,364.0,7315.0,562.0,116.0,446.0,12186.0
2020-12-10,18852.0,5193.0,13659.0,7942.0,338.0,7344.0,562.0,106.0,456.0,11541.0
2020-12-11,18853.0,4954.0,13899.0,,,,562.0,113.0,449.0,10886.0
2020-12-12,18814.0,4631.0,14183.0,7792.0,330.0,7368.0,562.0,95.0,467.0,10382.0
2020-12-13,18807.0,4446.0,14361.0,7792.0,302.0,7426.0,562.0,89.0,473.0,9964.0
2020-12-14,18807.0,4246.0,14561.0,7792.0,277.0,7454.0,562.0,74.0,488.0,9274.0
2020-12-16,18804.0,3716.0,15088.0,7792.0,204.0,7548.0,562.0,49.0,513.0,7745.0
2020-12-17,18815.0,3464.0,15351.0,7792.0,161.0,7601.0,562.0,42.0,520.0,7168.0
2020-12-18,18817.0,3239.0,15578.0,7792.0,121.0,7460.0,562.0,36.0,526.0,6605.0
2020-12-19,18770.0,3115.0,15655.0,7792.0,126.0,7399.0,562.0,35.0,527.0,5943.0
2020-12-20,18770.0,2997.0,15773.0,7792.0,118.0,7398.0,562.0,35.0,527.0,5907.0
2020-12-21,18786.0,2909.0,15877.0,7792.0,112.0,7399.0,562.0,26.0,536.0,5405.0
2020-12-22,18786.0,2884.0,15902.0,7792.0,100.0,7409.0,562.0,22.0,540.0,4790.0
2020-12-23,18779.0,2866.0,15913.0,7792.0,92.0,7415.0,562.0,19.0,543.0,4155.0
2020-12-24,18779.0,2813.0,15966.0,7792.0,76.0,7448.0,562.0,19.0,543.0,3938.0
2020-12-25,,,,,,,,,,3762.0
2020-12-26,,,,,,,,,,3544.0
2020-12-27,,,,,,,,,,3335.0
2020-12-28,18774.0,2499.0,16275.0,7942.0,62.0,7808.0,562.0,19.0,543.0,3153.0
2020-12-29,18727.0,2360.0,16367.0,7922.0,65.0,7788.0,562.0,18.0,544.0,2976.0
2020-12-30,18718.0,2285.0,16433.0,7922.0,70.0,7777.0,562.0,18.0,544.0,2788.0
2020-12-31,18718.0,2096.0,16622.0,7922.0,58.0,7756.0,562.0,22.0,540.0,2761.0
2021-01-01,17943.0,2072.0,15871.0,7992.0,61.0,7737.0,562.0,24.0,538.0,2616.0
2021-01-02,,,,,,,,,,2752.0
2021-01-03,,,,,,,,,,2600.0
2021-01-04,14013.0,1805.0,12208.0,7922.0,47.0,7749.0,562.0,27.0,535.0,2426.0
2021-01-05,13954.0,1770.0,12184.0,7422.0,38.0,7230.0,562.0,27.0,535.0,2285.0
2021-01-06,14076.0,1705.0,12371.0,7422.0,31.0,7247.0,562.0,24.0,538.0,2067.0
2021-01-07,13838.0,1610.0,12228.0,7422.0,33.0,7274.0,562.0,24.0,538.0,2015.0
2021-01-08,12380.0,1471.0,10909.0,7422.0,33.0,7298.0,407.0,24.0,383.0,1807.0
2021-01-09,,,,,,,,,,1652.0
2021-01-10,,,,,,,,,,1585.0
2021-01-11,12110.0,1508.0,10602.0,7422.0,34.0,7314.0,307.0,15.0,292.0,1491.0
2021-01-13,11984.0,1235.0,10749.0,7392.0,38.0,7156.0,307.0,16.0,291.0,1345.0
2021-01-14,11976.0,1233.0,10743.0,7392.0,41.0,7158.0,307.0,12.0,295.0,1311.0
2021-01-15,11950.0,1171.0,10779.0,7392.0,43.0,7147.0,307.0,11.0,296.0,1275.0
2021-01-16,,,,,,,,,,1234.0
2021-01-17,,,,,,,,,,1154.0
2021-01-18,10128.0,1055.0,9073.0,7392.0,34.0,7123.0,307.0,6.0,301.0,1079.0
2021-01-19,9244.0,1041.0,8253.0,7392.0,29.0,7090.0,307.0,6.0,301.0,1027.0
2021-01-20,9200.0,968.0,8232.0,7392.0,29.0,7228.0,307.0,6.0,301.0,916.0
2021-01-21,9103.0,1004.0,8099.0,7392.0,20.0,7223.0,307.0,5.0,302.0,864.0
2021-01-22,9068.0,943.0,8125.0,7392.0,21.0,7246.0,307.0,5.0,302.0,825.0
2021-01-23,9053.0,854.0,8199.0,7392.0,20.0,7237.0,307.0,3.0,304.0,806.0
2021-01-24,9054.0,787.0,8267.0,7392.0,18.0,7246.0,307.0,3.0,304.0,748.0
2021-01-25,9054.0,797.0,8257.0,7392.0,17.0,7242.0,307.0,3.0,304.0,729.0
2021-01-26,8949.0,746.0,8203.0,7392.0,17.0,7273.0,307.0,3.0,304.0,703.0
2021-01-27,8744.0,721.0,8023.0,7392.0,12.0,7281.0,307.0,2.0,305.0,670.0
2021-01-28,8729.0,711.0,8018.0,7392.0,20.0,7291.0,307.0,0.0,307.0,645.0
2021-01-29,8701.0,702.0,7999.0,7392.0,17.0,7296.0,307.0,0.0,307.0,583.0
2021-01-30,8621.0,693.0,7928.0,7392.0,16.0,7313.0,307.0,1.0,306.0,543.0
2021-01-31,7892.0,657.0,7235.0,7392.0,15.0,7307.0,307.0,1.0,306.0,548.0
2021-02-01,6306.0,624.0,5682.0,7392.0,15.0,7312.0,307.0,1.0,306.0,504.0
2021-02-02,6305.0,621.0,5684.0,7392.0,15.0,7314.0,307.0,1.0,306.0,466.0
2021-02-03,6302.0,599.0,5703.0,7392.0,18.0,7304.0,307.0,1.0,306.0,440.0
2021-02-04,6265.0,621.0,5644.0,7392.0,16.0,7314.0,307.0,2.0,305.0,397.0
2021-02-05,6265.0,581.0,5684.0,7392.0,17.0,7318.0,307.0,2.0,305.0,452.0
2021-02-06,6149.0,562.0,5587.0,7392.0,15.0,7318.0,307.0,3.0,304.0,471.0
2021-02-09,6050.0,496.0,5554.0,7392.0,13.0,7244.0,307.0,2.0,305.0,441.0
2021-02-10,5835.0,481.0,5354.0,7392.0,11.0,7072.0,307.0,1.0,306.0,426.0
2021-02-11,5777.0,484.0,5293.0,7392.0,9.0,7067.0,307.0,1.0,306.0,415.0
2021-02-12,5770.0,481.0,5289.0,7392.0,10.0,7070.0,307.0,1.0,306.0,420.0
2021-02-13,5777.0,468.0,5309.0,7392.0,35.0,7113.0,307.0,1.0,306.0,411.0
2021-02-14,5775.0,452.0,5323.0,7392.0,35.0,7112.0,307.0,0.0,307.0,394.0
2021-02-15,5765.0,465.0,5300.0,7392.0,39.0,7112.0,307.0,0.0,307.0,391.0
2021-02-16,5765.0,470.0,5295.0,7392.0,39.0,7189.0,307.0,0.0,307.0,416.0
2021-02-17,5765.0,468.0,5297.0,7392.0,36.0,7168.0,307.0,0.0,307.0,440.0
2021-02-18,5747.0,454.0,5293.0,7392.0,35.0,7173.0,307.0,0.0,307.0,434.0
2021-02-19,5751.0,431.0,5320.0,7392.0,34.0,7177.0,307.0,0.0,307.0,430.0
2021-02-20,5751.0,407.0,5344.0,7392.0,36.0,7190.0,307.0,0.0,307.0,430.0
2021-02-21,5751.0,422.0,5329.0,7392.0,37.0,7182.0,307.0,0.0,307.0,467.0
2021-02-22,5751.0,405.0,5346.0,7392.0,37.0,7175.0,307.0,0.0,307.0,471.0
2021-02-23,5751.0,405.0,5346.0,7392.0,32.0,7176.0,307.0,0.0,307.0,472.0
2021-02-24,5751.0,437.0,5314.0,7392.0,1.0,7314.0,307.0,0.0,307.0,499.0
2021-02-25,5752.0,412.0,5340.0,5525.0,1.0,5460.0,97.0,0.0,97.0,536.0
2021-02-26,5752.0,400.0,5352.0,5525.0,1.0,5459.0,97.0,0.0,97.0,574.0
2021-02-27,5751.0,436.0,5315.0,5525.0,1.0,5467.0,97.0,0.0,97.0,627.0
2021-03-01,5721.0,489.0,5232.0,5525.0,1.0,5493.0,97.0,0.0,97.0,739.0
2021-03-02,5721.0,544.0,5177.0,5525.0,5.0,5511.0,97.0,0.0,97.0,777.0
2021-03-03,5711.0,513.0,5198.0,5525.0,5.0,5511.0,97.0,0.0,97.0,826.0
2021-03-04,5709.0,565.0,5144.0,5525.0,5.0,5506.0,97.0,0.0,97.0,870.0
2021-03-05,5709.0,599.0,5110.0,5525.0,5.0,5506.0,97.0,0.0,97.0,863.0
2021-03-06,5709.0,573.0,5136.0,5525.0,6.0,5505.0,97.0,0.0,97.0,879.0
2021-03-08,5709.0,539.0,5170.0,5525.0,5.0,5509.0,97.0,0.0,97.0,947.0
2021-03-09,5709.0,536.0,5173.0,5525.0,4.0,5511.0,97.0,0.0,97.0,952.0
2021-03-10,5709.0,544.0,5165.0,5525.0,4.0,5512.0,97.0,0.0,97.0,982.0
2021-03-11,5711.0,579.0,5132.0,5525.0,4.0,5517.0,97.0,0.0,97.0,1028.0
2021-03-12,5711.0,564.0,5147.0,5525.0,1.0,5520.0,97.0,0.0,97.0,1097.0
2021-03-13,5711.0,582.0,5129.0,5525.0,2.0,5519.0,97.0,0.0,97.0,1204.0
2021-03-14,5711.0,582.0,5129.0,5525.0,3.0,5519.0,97.0,0.0,97.0,1270.0
2021-03-15,5711.0,607.0,5104.0,5525.0,4.0,5518.0,97.0,0.0,97.0,1342.0
2021-03-16,5711.0,659.0,5052.0,5525.0,3.0,5520.0,97.0,0.0,97.0,1401.0
2021-03-17,5711.0,725.0,4986.0,5525.0,3.0,5516.0,97.0,0.0,97.0,1438.0
2021-03-18,5711.0,794.0,4917.0,5525.0,4.0,5517.0,97.0,0.0,97.0,1519.0
2021-03-19,5711.0,794.0,4917.0,5525.0,4.0,5517.0,97.0,0.0,97.0,1519.0
2021-03-20,5703.0,868.0,4835.0,5525.0,6.0,5515.0,97.0,0.0,97.0,1722.0
2021-03-21,5710.0,892.0,4818.0,5525.0,10.0,5511.0,67.0,0.0,67.0,1893.0
2021-03-22,5728.0,967.0,4761.0,5525.0,12.0,5510.0,97.0,0.0,97.0,2067.0
2021-03-23,5740.0,980.0,4760.0,5525.0,14.0,5507.0,97.0,0.0,97.0,2316.0
2021-03-24,5740.0,1063.0,4677.0,5525.0,13.0,5512.0,97.0,0.0,97.0,2560.0
2021-03-25,5740.0,1094.0,4646.0,5525.0,17.0,5508.0,97.0,0.0,97.0,2871.0
2021-03-26,5742.0,1187.0,4555.0,5525.0,18.0,5505.0,97.0,0.0,97.0,3312.0
2021-03-27,5748.0,1338.0,4410.0,5525.0,21.0,5501.0,97.0,0.0,97.0,3708.0
2021-03-28,5759.0,1398.0,4361.0,5525.0,29.0,5484.0,97.0,0.0,97.0,4237.0
2021-03-29,5765.0,1468.0,4297.0,5525.0,21.0,5492.0,97.0,0.0,97.0,4639.0
2021-03-30,5784.0,1584.0,4200.0,5525.0,21.0,5492.0,97.0,0.0,97.0,4832.0
2021-03-31,5815.0,1799.0,4016.0,5525.0,24.0,5489.0,97.0,0.0,97.0,5196.0
2021-04-01,6032.0,1971.0,4061.0,5525.0,23.0,5488.0,97.0,16.0,81.0,5698.0
2021-04-02,5938.0,2255.0,3683.0,5525.0,24.0,5487.0,82.0,15.0,67.0,6106.0
2021-04-03,5947.0,2441.0,3506.0,5525.0,29.0,5482.0,82.0,41.0,41.0,6569.0
2021-04-04,6131.0,2727.0,3404.0,5525.0,32.0,5488.0,82.0,46.0,36.0,7144.0
2021-04-05,6203.0,2975.0,3228.0,5525.0,34.0,5486.0,82.0,49.0,33.0,7983.0
2021-04-06,7067.0,3266.0,3801.0,5525.0,44.0,5473.0,82.0,51.0,31.0,8871.0
2021-04-07,8219.0,3763.0,4456.0,5525.0,84.0,5433.0,82.0,54.0,28.0,10048.0
2021-04-08,8813.0,4212.0,4601.0,5525.0,100.0,5417.0,82.0,65.0,17.0,11367.0
2021-04-09,9342.0,4732.0,4610.0,5525.0,122.0,5398.0,82.0,68.0,14.0,13188.0
2021-04-10,11106.0,5398.0,5708.0,5525.0,150.0,5370.0,82.0,62.0,20.0,15266.0
2021-04-11,11675.0,6216.0,5459.0,5525.0,190.0,5330.0,82.0,68.0,14.0,17093.0
2021-04-12,12008.0,6940.0,5068.0,5525.0,241.0,5279.0,82.0,69.0,13.0,19354.0
2021-04-13,12667.0,7731.0,4936.0,5525.0,286.0,5239.0,82.0,71.0,11.0,21954.0
2021-04-15,14918.0,10134.0,4784.0,5525.0,429.0,5096.0,82.0,73.0,9.0,26974.0
2021-04-18,17514.0,13887.0,3627.0,5525.0,558.0,4967.0,132.0,96.0,36.0,34938.0
2021-04-21,19753.0,17327.0,2426.0,5525.0,509.0,5016.0,196.0,126.0,70.0,42768.0
2021-04-22,20191.0,18154.0,2037.0,5525.0,588.0,4937.0,196.0,122.0,74.0,46585.0
2021-04-23,20642.0,18546.0,2096.0,5525.0,519.0,5006.0,196.0,131.0,65.0,48502.0
2021-04-24,19622.0,18063.0,1559.0,5525.0,483.0,5042.0,196.0,146.0,50.0,50285.0
2021-04-25,20333.0,18754.0,1579.0,5525.0,469.0,5056.0,196.0,140.0,56.0,52296.0
2021-04-26,20487.0,18831.0,1656.0,5525.0,444.0,5081.0,196.0,149.0,47.0,52733.0
2021-04-27,20653.0,18841.0,1812.0,5525.0,528.0,4997.0,196.0,168.0,28.0,54578.0
2021-04-28,20926.0,19243.0,1683.0,5525.0,544.0,4981.0,204.0,160.0,44.0,53819.0
2021-04-30,20938.0,19739.0,1199.0,5525.0,832.0,4693.0,206.0,127.0,79.0,51616.0
2021-05-01,21227.0,19932.0,1295.0,5525.0,925.0,4600.0,206.0,117.0,89.0,50554.0
2021-05-02,21483.0,20136.0,1347.0,5525.0,896.0,4629.0,206.0,122.0,84.0,50742.0
2021-05-04,21317.0,19855.0,1462.0,5525.0,657.0,4868.0,206.0,125.0,81.0,49829.0
2021-05-05,21528.0,20010.0,1518.0,5525.0,691.0,4834.0,206.0,121.0,85.0,50077.0
2021-05-06,21839.0,20117.0,1722.0,5525.0,701.0,4824.0,206.0,116.0,90.0,50562.0
2021-05-07,22097.0,19922.0,2175.0,5525.0,745.0,4780.0,206.0,111.0,95.0,50425.0
2021-05-08,22289.0,19838.0,2451.0,5525.0,733.0,4792.0,206.0,107.0,99.0,49865.0
2021-05-09,22545.0,19912.0,2633.0,5525.0,626.0,4899.0,206.0,95.0,111.0,52263.0
2021-05-10,22667.0,19438.0,3229.0,5525.0,623.0,4902.0,206.0,95.0,111.0,52451.0
2021-05-11,22953.0,19063.0,3890.0,5525.0,705.0,4820.0,206.0,80.0,126.0,51480.0
2021-05-12,23202.0,18733.0,4469.0,5525.0,648.0,4877.0,206.0,83.0,123.0,49974.0
2021-05-14,23609.0,17511.0,6098.0,5525.0,618.0,4907.0,206.0,60.0,146.0,45099.0
2021-05-15,24018.0,16795.0,7223.0,6113.0,527.0,5586.0,606.0,59.0,547.0,42484.0
2021-05-16,24144.0,16249.0,7895.0,6257.0,736.0,,606.0,131.0,475.0,39211.0
2021-05-17,24104.0,15542.0,8562.0,6257.0,708.0,5549.0,606.0,134.0,472.0,35141.0
2021-05-18,24305.0,14399.0,9906.0,6257.0,657.0,5600.0,606.0,128.0,478.0,31197.0
2021-05-19,24289.0,13368.0,10921.0,6257.0,618.0,5639.0,606.0,103.0,503.0,27112.0
2021-05-20,24424.0,12462.0,11962.0,6282.0,579.0,5685.0,606.0,91.0,515.0,23851.0
2021-05-21,25068.0,11388.0,13680.0,6282.0,522.0,5744.0,606.0,91.0,515.0,20673.0
2021-05-22,24964.0,10501.0,14463.0,6282.0,393.0,5831.0,606.0,94.0,512.0,18060.0
2021-05-23,25048.0,9660.0,15388.0,6407.0,368.0,6000.0,606.0,89.0,517.0,15844.0
2021-05-24,24944.0,8791.0,16153.0,6407.0,347.0,5999.0,606.0,84.0,522.0,13806.0
2021-05-25,25035.0,7872.0,17163.0,6407.0,304.0,6071.0,606.0,80.0,526.0,11915.0
2021-05-27,25084.0,6743.0,18341.0,6332.0,245.0,6070.0,606.0,71.0,535.0,8247.0
2021-05-28,25032.0,6037.0,18995.0,6332.0,228.0,6086.0,606.0,64.0,542.0,7111.0
2021-05-29,24997.0,5501.0,19496.0,6332.0,216.0,6099.0,606.0,59.0,547.0,6303.0
2021-05-31,24852.0,4784.0,20068.0,6332.0,186.0,6130.0,606.0,48.0,558.0,5374.0
2021-06-01,24752.0,4405.0,20347.0,6332.0,176.0,6148.0,606.0,86.0,520.0,4888.0
2021-06-02,24584.0,4012.0,20572.0,6332.0,167.0,6154.0,606.0,78.0,528.0,4531.0
2021-06-03,24573.0,3795.0,20778.0,6332.0,160.0,6165.0,606.0,73.0,533.0,4233.0
2021-06-04,24412.0,3469.0,20943.0,6332.0,150.0,6174.0,606.0,105.0,501.0,3813.0
2021-06-05,24378.0,3214.0,21164.0,6332.0,148.0,6156.0,606.0,100.0,506.0,2855.0
2021-06-06,24303.0,2936.0,21367.0,6332.0,148.0,6158.0,606.0,97.0,509.0,2327.0
2021-06-07,24301.0,2803.0,21498.0,6332.0,147.0,6181.0,606.0,95.0,511.0,1932.0
2021-06-08,24208.0,2613.0,21595.0,6332.0,138.0,6182.0,606.0,100.0,506.0,1795.0
2021-06-10,24126.0,2320.0,21806.0,6332.0,122.0,6197.0,627.0,96.0,531.0,1369.0
2021-06-11,24132.0,2235.0,21897.0,6332.0,116.0,6211.0,627.0,95.0,532.0,1238.0
2021-06-12,24072.0,2071.0,22001.0,6010.0,108.0,5890.0,627.0,95.0,532.0,1123.0
2021-06-13,24080.0,1972.0,22108.0,6288.0,108.0,6166.0,627.0,94.0,533.0,1037.0
2021-06-14,24078.0,1936.0,22142.0,6288.0,106.0,6180.0,627.0,93.0,534.0,960.0
2021-06-15,23960.0,1819.0,22141.0,6288.0,97.0,6191.0,627.0,93.0,534.0,841.0
2021-06-16,23953.0,1637.0,22316.0,6288.0,93.0,6195.0,627.0,26.0,601.0,781.0
2021-06-17,23781.0,1561.0,22220.0,6288.0,89.0,6199.0,627.0,13.0,614.0,733.0
2021-06-18,23638.0,1486.0,22152.0,6288.0,85.0,6203.0,627.0,11.0,616.0,698.0
2021-06-19,23638.0,1479.0,22159.0,6288.0,80.0,6208.0,627.0,10.0,617.0,668.0
2021-06-20,23638.0,1281.0,22357.0,6288.0,77.0,6211.0,627.0,9.0,618.0,600.0
2021-06-25,23692.0,1044.0,22648.0,6288.0,12.0,6276.0,627.0,6.0,621.0,503.0
2021-06-26,23692.0,1008.0,22684.0,6288.0,11.0,6277.0,627.0,0.0,627.0,494.0
2021-06-27,23692.0,989.0,22703.0,6288.0,12.0,6276.0,627.0,0.0,627.0,478.0
2021-06-28,23698.0,1015.0,22683.0,6288.0,11.0,6277.0,627.0,1.0,626.0,467.0
2021-06-29,21886.0,961.0,20925.0,6288.0,12.0,6276.0,627.0,1.0,626.0,456.0
2021-06-30,18733.0,943.0,17790.0,6288.0,12.0,6276.0,627.0,1.0,626.0,329.0
2021-07-01,17670.0,937.0,16733.0,6288.0,12.0,6276.0,627.0,1.0,626.0,314.0
2021-07-02,15208.0,623.0,14585.0,6288.0,11.0,6277.0,627.0,1.0,626.0,313.0
2021-07-03,15067.0,613.0,14454.0,6288.0,11.0,6277.0,627.0,1.0,626.0,305.0
2021-07-05,14662.0,566.0,14096.0,6288.0,10.0,6278.0,627.0,1.0,626.0,281.0
2021-07-06,14548.0,476.0,14072.0,6288.0,8.0,6280.0,627.0,1.0,626.0,269.0
2021-07-07,14478.0,489.0,13989.0,3871.0,10.0,3861.0,172.0,1.0,171.0,265.0
2021-07-08,14292.0,484.0,13808.0,3871.0,9.0,3862.0,172.0,1.0,171.0,260.0
2021-07-09,14060.0,450.0,13610.0,3871.0,10.0,3861.0,177.0,0.0,177.0,257.0
2021-07-10,13931.0,451.0,13480.0,3871.0,9.0,3862.0,177.0,0.0,177.0,256.0
2021-07-11,13840.0,431.0,13409.0,3871.0,7.0,3864.0,177.0,0.0,177.0,252.0
2021-07-12,13815.0,397.0,13418.0,3871.0,7.0,3864.0,177.0,0.0,177.0,244.0
2021-07-13,13815.0,386.0,13429.0,3871.0,7.0,3864.0,177.0,0.0,177.0,214.0
2021-07-14,13715.0,389.0,13326.0,3871.0,7.0,3864.0,177.0,0.0,177.0,215.0
2021-07-15,13450.0,362.0,13088.0,3871.0,7.0,3864.0,177.0,0.0,177.0,230.0
2021-07-16,13141.0,355.0,12786.0,3871.0,8.0,3863.0,177.0,0.0,177.0,228.0
2021-07-17,12804.0,342.0,12462.0,3871.0,8.0,3863.0,177.0,0.0,177.0,212.0
2021-07-18,12780.0,330.0,12450.0,3871.0,8.0,3863.0,177.0,0.0,177.0,203.0
2021-07-19,12754.0,339.0,12415.0,3871.0,9.0,3862.0,177.0,0.0,177.0,183.0
2021-07-20,12729.0,333.0,12396.0,3871.0,9.0,3862.0,177.0,0.0,177.0,183.0
2021-07-21,12586.0,322.0,12264.0,3871.0,11.0,3860.0,177.0,0.0,177.0,171.0
2021-07-22,12615.0,351.0,12264.0,3871.0,9.0,3862.0,177.0,0.0,177.0,176.0
2021-07-23,12587.0,339.0,12248.0,3871.0,9.0,3862.0,177.0,0.0,177.0,167.0
2021-07-24,12569.0,354.0,12215.0,3871.0,8.0,3863.0,177.0,0.0,177.0,159.0
2021-07-25,12571.0,337.0,12234.0,3871.0,9.0,3862.0,177.0,0.0,177.0,167.0
2021-07-26,12571.0,327.0,12244.0,3871.0,9.0,3862.0,177.0,0.0,177.0,162.0
2021-07-27,12571.0,332.0,12239.0,3871.0,7.0,3864.0,177.0,0.0,177.0,154.0
2021-07-28,12573.0,334.0,12239.0,3871.0,7.0,3864.0,177.0,0.0,177.0,165.0
2021-07-29,12553.0,327.0,12226.0,3871.0,7.0,3864.0,177.0,0.0,177.0,169.0
2021-07-30,12283.0,333.0,11950.0,3871.0,7.0,3864.0,177.0,0.0,177.0,177.0
2021-07-31,12261.0,339.0,11922.0,3911.0,7.0,3904.0,177.0,0.0,177.0,177.0
2021-08-01,12379.0,321.0,12058.0,3871.0,4.0,3867.0,177.0,0.0,177.0,172.0
2021-08-02,12379.0,310.0,12069.0,3871.0,4.0,3867.0,177.0,0.0,177.0,173.0
2021-08-03,12379.0,291.0,12088.0,3871.0,4.0,3867.0,177.0,0.0,177.0,174.0
2021-08-04,12379.0,286.0,12093.0,3871.0,3.0,3868.0,177.0,0.0,177.0,157.0
2021-08-05,12367.0,289.0,12078.0,3871.0,2.0,3869.0,177.0,0.0,177.0,166.0
2021-08-06,12374.0,300.0,12074.0,3871.0,2.0,3856.0,177.0,0.0,177.0,170.0
2021-08-07,12328.0,316.0,12012.0,3871.0,2.0,3856.0,177.0,0.0,177.0,175.0
2021-08-08,12326.0,298.0,12028.0,3871.0,2.0,3856.0,177.0,0.0,177.0,170.0
2021-08-09,12366.0,277.0,12089.0,3871.0,3.0,3855.0,177.0,1.0,176.0,178.0
2021-08-10,12360.0,268.0,12092.0,3871.0,3.0,3855.0,177.0,1.0,176.0,180.0
2021-08-11,12260.0,274.0,11986.0,3871.0,3.0,3855.0,177.0,1.0,176.0,179.0
2021-08-13,12117.0,249.0,11868.0,3871.0,4.0,3867.0,151.0,1.0,150.0,164.0
2021-08-14,12066.0,259.0,11807.0,3871.0,4.0,3867.0,151.0,1.0,150.0,164.0
2021-08-15,12061.0,287.0,11774.0,3871.0,4.0,3867.0,151.0,0.0,151.0,169.0
2021-08-16,12061.0,267.0,11794.0,3871.0,8.0,3863.0,151.0,0.0,151.0,165.0
2021-08-17,12063.0,274.0,11789.0,3871.0,3.0,3868.0,151.0,0.0,151.0,156.0
2021-08-18,12057.0,247.0,11810.0,3871.0,3.0,3868.0,151.0,0.0,151.0,141.0
2021-08-19,12057.0,280.0,11777.0,3871.0,3.0,3868.0,151.0,0.0,151.0,140.0
2021-08-20,12057.0,264.0,11793.0,3871.0,3.0,3868.0,151.0,0.0,151.0,135.0
2021-08-21,12057.0,277.0,11780.0,3871.0,2.0,3869.0,151.0,0.0,151.0,132.0
2021-08-22,12057.0,242.0,11815.0,3871.0,3.0,3868.0,151.0,0.0,151.0,129.0
2021-08-23,12057.0,247.0,11810.0,3871.0,3.0,3868.0,151.0,0.0,151.0,107.0
2021-08-24,12057.0,264.0,11793.0,3871.0,2.0,3869.0,151.0,0.0,151.0,106.0
2021-08-25,12036.0,249.0,11787.0,3871.0,2.0,3869.0,151.0,0.0,151.0,103.0
2021-08-26,12034.0,259.0,11775.0,3871.0,2.0,3869.0,151.0,0.0,151.0,107.0
2021-08-27,12019.0,261.0,11758.0,3871.0,2.0,3869.0,151.0,0.0,151.0,103.0
2021-08-28,12019.0,261.0,11758.0,3871.0,2.0,3869.0,151.0,0.0,151.0,101.0
2021-08-29,12015.0,259.0,11756.0,3871.0,1.0,3870.0,151.0,0.0,151.0,101.0
2021-08-30,12015.0,266.0,11749.0,3871.0,1.0,3870.0,151.0,0.0,151.0,88.0
2021-08-31,12015.0,235.0,11780.0,3871.0,1.0,3870.0,151.0,0.0,151.0,85.0
2021-09-01,12015.0,219.0,11796.0,3871.0,2.0,3869.0,151.0,0.0,151.0,86.0
2021-09-02,12004.0,223.0,11781.0,3871.0,2.0,3869.0,151.0,0.0,151.0,80.0
2021-09-03,12012.0,242.0,11770.0,3871.0,2.0,3869.0,151.0,0.0,151.0,83.0
2021-09-04,12015.0,217.0,11798.0,3871.0,2.0,3869.0,151.0,0.0,151.0,80.0
2021-09-05,12015.0,228.0,11787.0,3871.0,2.0,3869.0,151.0,0.0,151.0,91.0
2021-09-06,12015.0,244.0,11771.0,3871.0,3.0,3868.0,151.0,0.0,151.0,88.0
2021-09-07,12015.0,237.0,11778.0,3871.0,4.0,3867.0,151.0,0.0,151.0,95.0
2021-09-08,12015.0,259.0,11756.0,3871.0,7.0,3864.0,151.0,0.0,151.0,107.0
2021-09-09,12015.0,258.0,11757.0,3871.0,7.0,3864.0,151.0,0.0,151.0,114.0
2021-09-10,11784.0,251.0,11533.0,3871.0,7.0,3864.0,151.0,0.0,151.0,105.0
2021-09-11,11784.0,258.0,11526.0,3871.0,9.0,3862.0,151.0,0.0,151.0,110.0
2021-09-12,11784.0,258.0,11526.0,3871.0,9.0,3862.0,151.0,0.0,151.0,101.0
2021-09-14,11777.0,254.0,11523.0,3871.0,10.0,3861.0,151.0,0.0,151.0,98.0
2021-09-15,11777.0,241.0,11536.0,3871.0,11.0,3860.0,151.0,0.0,151.0,95.0
2021-09-16,11777.0,260.0,11517.0,3871.0,11.0,3860.0,151.0,0.0,151.0,110.0
2021-09-17,11887.0,256.0,11631.0,3871.0,9.0,3862.0,151.0,0.0,151.0,109.0
2021-09-18,11881.0,237.0,11644.0,3871.0,7.0,3864.0,151.0,0.0,151.0,119.0
2021-09-19,11876.0,222.0,11654.0,3871.0,7.0,3864.0,151.0,0.0,151.0,130.0
2021-09-20,11876.0,236.0,11640.0,3871.0,7.0,3864.0,151.0,0.0,151.0,116.0
2021-09-21,11876.0,227.0,11649.0,3871.0,7.0,3864.0,151.0,0.0,151.0,127.0
2021-09-22,11860.0,242.0,11618.0,3871.0,8.0,3863.0,151.0,0.0,151.0,131.0
2021-09-23,11804.0,248.0,11556.0,3871.0,9.0,3862.0,151.0,0.0,151.0,128.0
2021-09-24,11804.0,234.0,11570.0,3871.0,9.0,3862.0,151.0,0.0,151.0,124.0
2021-09-25,11804.0,219.0,11585.0,3871.0,7.0,3864.0,151.0,0.0,151.0,126.0
2021-09-26,11794.0,217.0,11577.0,3871.0,7.0,3864.0,151.0,0.0,151.0,118.0
2021-09-27,11794.0,220.0,11574.0,3871.0,7.0,3864.0,151.0,0.0,151.0,107.0
2021-09-28,11794.0,229.0,11565.0,3871.0,5.0,3866.0,151.0,0.0,151.0,105.0
2021-09-29,11794.0,239.0,11555.0,3871.0,5.0,3866.0,151.0,0.0,151.0,107.0
2021-09-30,11784.0,240.0,11544.0,3871.0,4.0,3867.0,151.0,0.0,151.0,109.0
2021-10-01,11784.0,248.0,11536.0,3871.0,4.0,3867.0,151.0,0.0,151.0,125.0
2021-10-02,11768.0,237.0,11531.0,3871.0,3.0,3868.0,151.0,0.0,151.0,110.0
2021-10-03,11750.0,235.0,11515.0,3871.0,3.0,3868.0,151.0,0.0,151.0,115.0
2021-10-04,11750.0,245.0,11505.0,3871.0,1.0,3870.0,151.0,0.0,151.0,118.0
2021-10-05,11750.0,213.0,11537.0,3871.0,0.0,3871.0,151.0,0.0,151.0,109.0
2021-10-06,11720.0,217.0,11503.0,3871.0,0.0,3871.0,151.0,0.0,151.0,111.0
2021-10-07,11720.0,226.0,11494.0,3871.0,1.0,3870.0,151.0,0.0,151.0,112.0
2021-10-08,11720.0,246.0,11474.0,3871.0,3.0,3868.0,151.0,0.0,151.0,111.0
2021-10-09,12610.0,237.0,12373.0,3871.0,3.0,3868.0,151.0,0.0,151.0,107.0
2021-10-10,12600.0,218.0,12382.0,3871.0,3.0,3868.0,151.0,0.0,151.0,97.0
2021-10-11,12600.0,241.0,12359.0,3871.0,3.0,3868.0,151.0,0.0,151.0,102.0
2021-10-12,12600.0,230.0,12370.0,3871.0,3.0,3868.0,151.0,0.0,151.0,98.0
2021-10-13,12600.0,205.0,12395.0,3871.0,3.0,3868.0,151.0,0.0,151.0,99.0
2021-10-14,12600.0,207.0,12393.0,3871.0,3.0,3868.0,151.0,0.0,151.0,99.0
2021-10-15,12600.0,194.0,12406.0,3871.0,3.0,3868.0,151.0,0.0,151.0,104.0
2021-10-16,12580.0,206.0,12374.0,3871.0,3.0,3868.0,151.0,0.0,151.0,96.0
2021-10-17,12681.0,198.0,12483.0,3871.0,2.0,3869.0,151.0,0.0,151.0,88.0
2021-10-18,12673.0,189.0,12484.0,3871.0,2.0,3869.0,151.0,0.0,151.0,92.0
2021-10-19,12256.0,181.0,12075.0,3871.0,2.0,3869.0,151.0,0.0,151.0,103.0
2021-10-20,11805.0,187.0,11618.0,3871.0,2.0,3869.0,151.0,0.0,151.0,96.0
2021-10-21,11668.0,188.0,11480.0,3871.0,2.0,3869.0,151.0,0.0,151.0,99.0
2021-10-22,11305.0,198.0,11107.0,3871.0,2.0,3869.0,151.0,0.0,151.0,102.0
2021-10-23,11163.0,194.0,10969.0,3871.0,2.0,3869.0,151.0,0.0,151.0,98.0
2021-10-24,11160.0,189.0,10971.0,3871.0,0.0,3871.0,151.0,0.0,151.0,94.0
2021-10-25,11140.0,189.0,10951.0,3871.0,0.0,3871.0,151.0,0.0,151.0,91.0
2021-10-26,11156.0,183.0,10973.0,3871.0,1.0,3870.0,151.0,0.0,151.0,98.0
2021-10-27,11194.0,204.0,10990.0,3871.0,0.0,3871.0,151.0,0.0,151.0,106.0
2021-10-28,10937.0,188.0,10749.0,3871.0,0.0,3871.0,151.0,0.0,151.0,115.0
2021-10-29,10594.0,164.0,10430.0,3871.0,0.0,3871.0,151.0,0.0,151.0,133.0
2021-10-30,9973.0,184.0,9789.0,3871.0,0.0,3871.0,151.0,0.0,151.0,128.0
2021-10-31,9890.0,161.0,9729.0,3871.0,0.0,3871.0,151.0,0.0,151.0,142.0
2021-11-01,9857.0,149.0,9708.0,3871.0,0.0,3871.0,151.0,0.0,151.0,150.0
2021-11-02,9397.0,134.0,9263.0,3871.0,0.0,3871.0,151.0,0.0,151.0,141.0
2021-11-03,9326.0,127.0,9199.0,3871.0,3.0,3868.0,151.0,0.0,151.0,149.0
2021-11-04,9326.0,117.0,9209.0,3871.0,0.0,3871.0,151.0,0.0,151.0,146.0
2021-11-05,9281.0,138.0,9143.0,3871.0,0.0,3871.0,151.0,0.0,151.0,158.0
2021-11-06,9281.0,152.0,9129.0,3871.0,0.0,3871.0,151.0,0.0,151.0,163.0
2021-11-07,9286.0,157.0,9129.0,3871.0,0.0,3871.0,151.0,0.0,151.0,161.0
2021-11-08,9246.0,152.0,9094.0,3871.0,0.0,3871.0,151.0,0.0,151.0,165.0
2021-11-09,9245.0,152.0,9093.0,3871.0,0.0,3871.0,140.0,0.0,140.0,164.0
2021-11-10,9135.0,170.0,8965.0,3871.0,0.0,3871.0,140.0,0.0,140.0,164.0
2021-11-11,9070.0,162.0,8908.0,3871.0,0.0,3871.0,140.0,0.0,140.0,165.0
2021-11-12,9070.0,152.0,8918.0,3871.0,1.0,3870.0,140.0,0.0,140.0,156.0
2021-11-13,9070.0,147.0,8923.0,3871.0,3.0,3868.0,140.0,0.0,140.0,155.0
2021-11-14,9051.0,151.0,8900.0,3871.0,4.0,3867.0,140.0,0.0,140.0,158.0
2021-11-15,9041.0,153.0,8888.0,3871.0,4.0,3867.0,140.0,0.0,140.0,164.0
2021-11-16,9041.0,153.0,8888.0,3871.0,4.0,3867.0,140.0,0.0,140.0,156.0
2021-11-17,9041.0,154.0,8887.0,3871.0,4.0,3867.0,140.0,0.0,140.0,144.0
2021-11-18,9041.0,156.0,8885.0,3871.0,4.0,3867.0,140.0,0.0,140.0,155.0
2021-11-19,9041.0,146.0,8895.0,3871.0,4.0,3867.0,140.0,0.0,140.0,145.0
2021-11-20,9041.0,139.0,8902.0,3871.0,4.0,3867.0,140.0,0.0,140.0,150.0
2021-11-21,9041.0,143.0,8898.0,3871.0,4.0,3867.0,140.0,0.0,140.0,133.0
2021-11-22,9041.0,141.0,8900.0,3871.0,4.0,3867.0,140.0,0.0,140.0,126.0
2021-11-23,9041.0,142.0,8899.0,3871.0,4.0,3867.0,140.0,0.0,140.0,123.0
2021-11-24,9041.0,147.0,8894.0,3871.0,4.0,3867.0,140.0,0.0,140.0,125.0
2021-11-25,9041.0,144.0,8897.0,3871.0,4.0,3867.0,140.0,0.0,140.0,131.0
2021-11-26,8968.0,143.0,8825.0,3871.0,4.0,3867.0,140.0,0.0,140.0,131.0
2021-11-27,8980.0,138.0,8842.0,3871.0,3.0,3868.0,140.0,0.0,140.0,115.0
2021-11-28,8980.0,138.0,8842.0,3871.0,3.0,3868.0,140.0,0.0,140.0,115.0
2021-11-29,8968.0,111.0,8857.0,3871.0,0.0,3871.0,140.0,0.0,140.0,136.0
2021-11-30,8968.0,130.0,8838.0,3871.0,0.0,3871.0,140.0,0.0,140.0,136.0
2021-12-01,8968.0,111.0,8857.0,3871.0,0.0,3871.0,140.0,0.0,140.0,136.0
2021-12-02,8968.0,130.0,8838.0,3871.0,0.0,3871.0,140.0,0.0,140.0,136.0
2021-12-03,8969.0,158.0,8811.0,3871.0,0.0,3871.0,140.0,0.0,140.0,120.0
2021-12-04,8969.0,150.0,8819.0,3871.0,0.0,3871.0,140.0,0.0,140.0,121.0
2021-12-05,8969.0,163.0,8806.0,3871.0,0.0,3871.0,140.0,0.0,140.0,144.0
2021-12-06,9004.0,151.0,8853.0,3871.0,0.0,3871.0,140.0,0.0,140.0,153.0
2021-12-07,8994.0,173.0,8821.0,3871.0,0.0,3871.0,140.0,0.0,140.0,152.0
2021-12-08,8989.0,179.0,8810.0,3871.0,0.0,3871.0,140.0,0.0,140.0,160.0
2021-12-09,9009.0,166.0,8843.0,3871.0,0.0,3871.0,140.0,0.0,140.0,165.0
2021-12-10,9009.0,160.0,8849.0,3871.0,0.0,3871.0,140.0,0.0,140.0,169.0
2021-12-11,9019.0,152.0,8867.0,3871.0,0.0,3871.0,140.0,0.0,140.0,181.0
2021-12-12,9019.0,153.0,8866.0,3871.0,0.0,3871.0,140.0,0.0,140.0,188.0
2021-12-13,8994.0,164.0,8830.0,3871.0,0.0,3871.0,140.0,0.0,140.0,199.0
2021-12-14,8994.0,169.0,8825.0,3871.0,0.0,3871.0,140.0,0.0,140.0,193.0
2021-12-15,8975.0,179.0,8796.0,3871.0,0.0,3871.0,140.0,0.0,140.0,192.0
2021-12-16,8987.0,188.0,8799.0,3871.0,0.0,3871.0,140.0,0.0,140.0,202.0
2021-12-17,8995.0,187.0,8808.0,3871.0,0.0,3871.0,140.0,0.0,140.0,210.0
2021-12-18,8995.0,195.0,8800.0,3871.0,0.0,3871.0,140.0,0.0,140.0,203.0
2021-12-19,8978.0,208.0,8770.0,3871.0,0.0,3871.0,140.0,0.0,140.0,225.0
2021-12-20,8975.0,197.0,8778.0,3871.0,0.0,3871.0,140.0,0.0,140.0,243.0
2021-12-21,9035.0,193.0,8842.0,3871.0,0.0,3871.0,140.0,0.0,140.0,262.0
2021-12-22,9035.0,210.0,8825.0,3871.0,0.0,3871.0,140.0,0.0,140.0,289.0
2021-12-23,9034.0,230.0,8804.0,3871.0,0.0,3871.0,140.0,0.0,140.0,336.0
2021-12-24,8961.0,227.0,8734.0,3871.0,0.0,3871.0,140.0,0.0,140.0,375.0
2021-12-25,8961.0,221.0,8740.0,3871.0,0.0,3871.0,140.0,0.0,140.0,464.0
2021-12-26,8960.0,230.0,8730.0,3871.0,0.0,3871.0,140.0,0.0,140.0,583.0
2021-12-27,8905.0,266.0,8639.0,3871.0,0.0,3871.0,140.0,0.0,140.0,692.0
2021-12-28,8839.0,280.0,8559.0,3871.0,0.0,3871.0,140.0,0.0,140.0,836.0
2021-12-29,8965.0,262.0,8703.0,3871.0,0.0,3871.0,140.0,0.0,140.0,1068.0
2021-12-30,8835.0,189.0,8646.0,4271.0,111.0,4160.0,140.0,0.0,140.0,1560.0
2021-12-31,8943.0,226.0,8717.0,4221.0,146.0,4075.0,140.0,0.0,140.0,2284.0
2022-01-01,8883.0,247.0,8636.0,4191.0,172.0,247.0,140.0,1.0,139.0,3248.0
2022-01-02,9024.0,307.0,8717.0,4191.0,195.0,3996.0,140.0,0.0,140.0,4759.0
2022-01-03,9029.0,420.0,8609.0,4196.0,244.0,3952.0,140.0,1.0,139.0,6288.0
2022-01-04,9042.0,531.0,8511.0,4547.0,324.0,4223.0,140.0,1.0,139.0,8593.0
2022-01-05,10474.0,782.0,9692.0,4257.0,377.0,3880.0,140.0,,139.0,11551.0
2022-01-06,12580.0,1091.0,11489.0,4290.0,459.0,3831.0,158.0,1.0,157.0,
2022-01-07,13312.0,1390.0,11922.0,4482.0,529.0,3953.0,158.0,1.0,157.0,20695.0
2022-01-08,14106.0,1586.0,12520.0,4482.0,588.0,3894.0,132.0,20.0,112.0,25909.0
2022-01-09,14222.0,1800.0,12422.0,4482.0,627.0,3855.0,158.0,23.0,135.0,35714.0
2022-01-10,14355.0,1999.0,12356.0,4582.0,666.0,3916.0,158.0,34.0,124.0,44028.0
2022-01-11,14621.0,2209.0,12412.0,4626.0,627.0,3999.0,158.0,38.0,120.0,50796.0
2022-01-12,14802.0,2363.0,12439.0,4626.0,590.0,4036.0,158.0,39.0,119.0,56991.0
2022-01-13,15433.0,2424.0,13009.0,4626.0,559.0,4067.0,158.0,41.0,117.0,62324.0
2022-01-14,15478.0,2529.0,12949.0,4626.0,601.0,4025.0,158.0,12.0,146.0,64831.0
2022-01-15,15494.0,2620.0,12874.0,4626.0,585.0,4041.0,158.0,32.0,126.0,69554.0
2022-01-16,15499.0,2711.0,12788.0,4626.0,502.0,4124.0,158.0,29.0,129.0,68411.0
2022-01-17,15505.0,2784.0,12721.0,4626.0,475.0,4151.0,158.0,21.0,137.0,68275.0
2022-01-18,15606.0,2730.0,12876.0,4626.0,402.0,4224.0,158.0,9.0,149.0,63432.0
2022-01-19,15603.0,2734.0,12869.0,4626.0,358.0,4268.0,222.0,14.0,208.0,58501.0
2022-01-20,15589.0,2698.0,12891.0,4626.0,280.0,4346.0,196.0,12.0,184.0,53593.0
2022-01-21,15557.0,2656.0,12901.0,4626.0,273.0,4353.0,196.0,14.0,182.0,48356.0
2022-01-22,15409.0,2504.0,12905.0,4626.0,253.0,4373.0,196.0,16.0,180.0,44415.0
2022-01-23,15411.0,2424.0,12987.0,5026.0,249.0,4777.0,196.0,20.0,176.0,42438.0
