date,cases_new,tests_today,tests_total,cases_total,discharged_total,deaths_total,active_cases,vax_today
2020-05-01,,185.0,6674.0,,,,,
2020-05-02,,188.0,6961.0,,,,,
2020-05-03,,137.0,7169.0,,,,,
2020-05-04,,161.0,7397.0,,,,,
2020-05-05,,121.0,7625.0,,,,,
2020-05-06,,136.0,7905.0,,,,,
2020-05-07,,192.0,8306.0,,,,,
2020-05-08,,105.0,8529.0,,,,,
2020-05-09,,190.0,8799.0,,,,,
2020-05-10,,93.0,8987.0,,,,,
2020-05-11,,149.0,9229.0,,,,,
2020-05-12,,320.0,9740.0,,,,,
2020-05-13,,251.0,10011.0,,,,,
2020-05-14,,263.0,10443.0,,,,,
2020-05-15,,495.0,11194.0,,,,,
2020-05-16,,504.0,11701.0,,,,,
2020-05-17,,513.0,12254.0,,,,,
2020-05-18,,572.0,12898.0,,,,,
2020-05-19,,735.0,13662.0,,,,,
2020-05-20,,706.0,14426.0,,,,,
2020-05-21,,829.0,15392.0,,,,,
2020-05-22,,1280.0,16833.0,,,,,
2020-05-23,,1268.0,18016.0,,,,,
2020-05-24,,1062.0,19679.0,,,,,
2020-05-25,,1044.0,20804.0,332.0,58.0,4.0,267.0,
2020-05-26,,737.0,21751.0,400.0,64.0,4.0,329.0,
2020-05-27,,924.0,22557.0,438.0,79.0,4.0,352.0,
2020-05-28,,1004.0,23898.0,493.0,79.0,4.0,407.0,
2020-05-29,,1352.0,25380.0,602.0,89.0,5.0,505.0,
2020-05-30,,1152.0,26755.0,727.0,102.0,5.0,617.0,
2020-05-31,,1485.0,28657.0,802.0,102.0,5.0,692.0,
2020-06-01,,953.0,29843.0,929.0,200.0,6.0,720.0,
2020-06-02,,1218.0,31101.0,999.0,243.0,7.0,746.0,
2020-06-03,,1044.0,32339.0,1066.0,259.0,8.0,795.0,
2020-06-04,,550.0,33022.0,1145.0,286.0,10.0,845.0,
2020-06-05,,498.0,33804.0,1199.0,309.0,11.0,874.0,
2020-06-06,,446.0,34334.0,1245.0,422.0,11.0,807.0,
2020-06-07,,501.0,34771.0,1341.0,498.0,13.0,824.0,
2020-06-08,,545.0,36700.0,1380.0,663.0,13.0,697.0,
2020-06-09,,723.0,37784.0,1488.0,749.0,13.0,719.0,
2020-06-17,43.0,1493.0,49462.0,1985.0,1230.0,25.0,717.0,
2020-06-18,57.0,1038.0,50796.0,2079.0,1262.0,26.0,777.0,
2020-06-19,25.0,1315.0,53155.0,2127.0,1423.0,26.0,663.0,
2020-06-20,101.0,1279.0,54512.0,2278.0,1433.0,27.0,803.0,
2020-06-21,23.0,1124.0,55819.0,2324.0,1486.0,27.0,796.0,
2020-06-22,57.0,769.0,56724.0,2401.0,1511.0,27.0,848.0,
2020-06-23,103.0,1607.0,58338.0,2505.0,1541.0,29.0,920.0,
2020-06-24,33.0,1115.0,59616.0,2568.0,1653.0,35.0,863.0,
2020-06-25,20.0,1249.0,61165.0,2642.0,1745.0,35.0,845.0,
2020-06-26,34.0,1293.0,62500.0,2725.0,1822.0,37.0,848.0,
2020-06-27,66.0,1257.0,63960.0,2791.0,1912.0,37.0,824.0,
2020-06-28,32.0,959.0,64984.0,2823.0,2018.0,38.0,749.0,
2020-06-29,8.0,1412.0,66396.0,2831.0,2111.0,39.0,659.0,
2020-06-30,51.0,2193.0,69024.0,2881.0,2231.0,41.0,582.0,
2020-07-01,66.0,951.0,70032.0,2947.0,2317.0,41.0,562.0,
2020-07-02,37.0,1143.0,72104.0,2984.0,2405.0,42.0,510.0,
2020-07-03,64.0,1224.0,73738.0,3048.0,2481.0,42.0,498.0,
2020-07-04,45.0,1021.0,76878.0,3093.0,2502.0,42.0,522.0,
2020-07-05,31.0,838.0,78306.0,3124.0,2524.0,42.0,530.0,
2020-07-06,37.0,1175.0,79605.0,3161.0,2586.0,42.0,505.0,
2020-07-07,69.0,1632.0,81447.0,3230.0,2621.0,43.0,538.0,
2020-07-08,28.0,1968.0,83900.0,3258.0,2650.0,46.0,534.0,
2020-07-09,47.0,2097.0,86458.0,3305.0,2672.0,46.0,558.0,
2020-07-10,68.0,2114.0,89179.0,3373.0,2706.0,46.0,592.0,
2020-07-11,45.0,2009.0,92198.0,3417.0,2718.0,46.0,623.0,
2020-07-12,120.0,1739.0,94121.0,3537.0,2786.0,47.0,674.0,
2020-07-13,71.0,1867.0,96123.0,3608.0,2856.0,49.0,671.0,
2020-07-14,78.0,2595.0,98878.0,3686.0,2867.0,50.0,736.0,
2020-07-15,104.0,2985.0,102529.0,3785.0,2948.0,50.0,754.0,
2020-07-17,120.0,3617.0,113846.0,4102.0,3021.0,51.0,996.0,
2020-07-18,174.0,2653.0,116694.0,4276.0,3081.0,52.0,1108.0,
2020-07-19,239.0,2573.0,119345.0,4515.0,3116.0,52.0,1311.0,
2020-07-20,127.0,3625.0,123000.0,4642.0,3212.0,55.0,1338.0,
2020-07-21,210.0,3875.0,127098.0,4849.0,3297.0,55.0,1459.0,
2020-07-22,451.0,2966.0,129783.0,5300.0,3349.0,57.0,1856.0,
2020-07-24,272.0,3070.0,135447.0,5717.0,3441.0,62.0,2176.0,
2020-07-25,244.0,3465.0,139229.0,5961.0,3495.0,63.0,2365.0,
2020-07-26,143.0,2379.0,141431.0,6104.0,3566.0,63.0,2437.0,
2020-07-27,224.0,3349.0,145627.0,6328.0,3675.0,66.0,2549.0,
2020-07-28,259.0,3647.0,150065.0,6587.0,3720.0,70.0,2759.0,
2020-07-29,279.0,3780.0,154984.0,6866.0,3811.0,72.0,2945.0,
2020-07-30,199.0,5285.0,163683.0,7065.0,3996.0,76.0,2955.0,
2020-07-31,118.0,3964.0,168113.0,7183.0,4168.0,80.0,2897.0,
2020-08-01,264.0,4134.0,172477.0,7447.0,4330.0,83.0,2996.0,
2020-08-02,146.0,3083.0,175881.0,7593.0,4437.0,86.0,3032.0,
2020-08-03,207.0,2668.0,178595.0,7800.0,4538.0,90.0,3134.0,
2020-08-04,208.0,3964.0,182335.0,8008.0,4847.0,95.0,3028.0,
2020-08-05,246.0,4779.0,186966.0,8254.0,5233.0,98.0,2885.0,
2020-08-06,298.0,3932.0,190898.0,8552.0,5427.0,98.0,2989.0,
2020-08-07,278.0,5279.0,199081.0,8901.0,5731.0,112.0,3020.0,
2020-08-08,501.0,4743.0,205565.0,9402.0,5963.0,117.0,3283.0,
2020-08-09,230.0,4062.0,209627.0,9632.0,6134.0,125.0,3334.0,
2020-08-10,389.0,5140.0,218838.0,10021.0,6301.0,134.0,3547.0,
2020-08-11,411.0,5114.0,225618.0,10432.0,6470.0,136.0,3787.0,
2020-08-12,439.0,5121.0,232259.0,10886.0,6687.0,140.0,4020.0,
2020-08-13,416.0,6491.0,242150.0,11302.0,7014.0,143.0,4103.0,
2020-08-14,313.0,7186.0,251236.0,11615.0,7502.0,147.0,3924.0,
2020-08-15,325.0,4696.0,256008.0,11940.0,7748.0,151.0,3997.0,
2020-08-16,235.0,5038.0,260790.0,12175.0,8100.0,152.0,3879.0,
2020-08-17,319.0,5053.0,265748.0,12493.0,8485.0,158.0,3806.0,
2020-08-18,497.0,7609.0,273357.0,12961.0,8724.0,164.0,4024.0,
2020-08-19,264.0,6604.0,279961.0,13225.0,9132.0,178.0,3865.0,
2020-08-20,411.0,6369.0,286330.0,13636.0,9433.0,187.0,3966.0,
2020-08-21,447.0,7091.0,294279.0,14083.0,9676.0,192.0,4164.0,
2020-08-22,483.0,6952.0,301813.0,14566.0,10021.0,195.0,4296.0,
2020-08-24,412.0,6960.0,316265.0,15529.0,10912.0,207.0,4355.0,
2020-08-25,485.0,8809.0,325384.0,16014.0,11201.0,213.0,4545.0,
2020-08-26,535.0,8794.0,334979.0,16549.0,11524.0,219.0,4749.0,
2020-08-27,728.0,9530.0,348897.0,17277.0,11775.0,228.0,5215.0,
2020-08-28,588.0,10105.0,361389.0,17865.0,12124.0,239.0,5440.0,
2020-08-29,658.0,10796.0,376747.0,18571.0,12524.0,250.0,5735.0,
2020-08-30,664.0,8218.0,384796.0,19235.0,13004.0,257.0,5912.0,
2020-08-31,592.0,8447.0,394015.0,19827.0,13608.0,269.0,5887.0,
2020-09-01,571.0,9940.0,403955.0,20398.0,14012.0,280.0,6042.0,
2020-09-02,836.0,9286.0,413595.0,21234.0,14437.0,291.0,6442.0,
2020-09-03,946.0,9909.0,424156.0,22180.0,14945.0,300.0,6871.0,
2020-09-04,831.0,10821.0,435449.0,23011.0,15447.0,312.0,7187.0,
2020-09-05,950.0,9126.0,445277.0,23961.0,15982.0,330.0,7575.0,
2020-09-06,668.0,8273.0,454027.0,24629.0,16573.0,341.0,7640.0,
2020-09-07,807.0,7721.0,462803.0,25436.0,17046.0,348.0,7965.0,
2020-09-08,658.0,8655.0,472111.0,26094.0,17473.0,360.0,8184.0,
2020-09-09,1061.0,9879.0,482663.0,27211.0,18262.0,372.0,8500.0,
2020-09-10,1015.0,8116.0,491505.0,28226.0,18783.0,377.0,8955.0,
2020-09-11,995.0,8861.0,501880.0,29221.0,19428.0,388.0,9294.0,
2020-09-12,1115.0,8006.0,511129.0,30336.0,20031.0,402.0,9781.0,
2020-09-13,1637.0,7291.0,519869.0,31973.0,21040.0,414.0,10397.0,
2020-09-14,1043.0,7377.0,528897.0,33016.0,22077.0,429.0,10374.0,
2020-09-15,1391.0,9835.0,541910.0,34407.0,23085.0,438.0,10739.0,
2020-09-16,1540.0,9528.0,555071.0,35947.0,24277.0,447.0,11068.0,
2020-09-17,1192.0,9148.0,567169.0,37139.0,24810.0,460.0,11714.0,
2020-09-18,868.0,9805.0,579582.0,38007.0,26095.0,464.0,11293.0,
2020-09-19,2078.0,8778.0,594476.0,40085.0,26973.0,478.0,12465.0,
2020-09-20,878.0,7133.0,605236.0,40963.0,27828.0,491.0,12455.0,
2020-09-21,814.0,8546.0,616986.0,41777.0,29000.0,501.0,12075.0,
2020-09-22,874.0,10891.0,630448.0,42651.0,30107.0,512.0,11831.0,
2020-09-23,1069.0,7698.0,638707.0,43720.0,31123.0,529.0,11867.0,
2020-09-24,684.0,7575.0,648140.0,44404.0,32154.0,542.0,11507.0,
2020-09-25,928.0,8022.0,656974.0,45332.0,33642.0,555.0,10934.0,
2020-09-26,949.0,8082.0,668282.0,46281.0,34649.0,566.0,10856.0,
2020-09-27,764.0,6508.0,679596.0,47045.0,35462.0,574.0,10799.0,
2020-09-28,457.0,7402.0,690421.0,47502.0,36646.0,580.0,10066.0,
2020-09-29,493.0,9330.0,701139.0,47995.0,38059.0,591.0,9122.0,
2020-09-30,1005.0,9985.0,712124.0,49000.0,39035.0,611.0,9111.0,
2020-10-01,365.0,9919.0,721019.0,49248.0,39836.0,625.0,8544.0,
2020-10-02,311.0,8343.0,728436.0,49559.0,40176.0,636.0,8504.0,
2020-10-03,503.0,8630.0,736371.0,50062.0,41095.0,648.0,8076.0,
2020-10-04,1419.0,7373.0,743551.0,51481.0,41487.0,652.0,9089.0,
2020-10-05,510.0,9673.0,753224.0,51991.0,42368.0,669.0,8701.0,
2020-10-06,338.0,10660.0,763884.0,52329.0,42968.0,677.0,8414.0,
2020-10-07,630.0,11509.0,776868.0,52959.0,43631.0,688.0,8367.0,
2020-10-08,400.0,11703.0,789115.0,53359.0,44535.0,702.0,7849.0,
2020-10-09,704.0,10595.0,801966.0,54063.0,45774.0,716.0,7289.0,
2020-10-10,462.0,11272.0,814616.0,54525.0,46186.0,734.0,7321.0,
2020-10-11,526.0,7568.0,822184.0,55051.0,46642.0,747.0,7373.0,
2020-10-12,296.0,9579.0,831812.0,55347.0,47306.0,762.0,6976.0,
2020-10-13,294.0,11866.0,845333.0,55641.0,47971.0,782.0,6576.0,
2020-10-14,429.0,11937.0,858167.0,56070.0,48798.0,796.0,6145.0,
2020-10-15,423.0,11399.0,870458.0,56493.0,49631.0,814.0,5682.0,
2020-10-16,549.0,11692.0,883120.0,57042.0,50155.0,829.0,5692.0,
2020-10-24,359.0,10899.0,979025.0,60155.0,54169.0,984.0,4542.0,
2020-10-25,221.0,8244.0,987364.0,60376.0,54488.0,993.0,4425.0,
2020-10-26,368.0,9161.0,996525.0,60744.0,55188.0,1001.0,4080.0,
2020-10-27,213.0,12233.0,1008758.0,60957.0,55610.0,1007.0,3865.0,
2020-10-28,304.0,13207.0,1021965.0,61261.0,56073.0,1009.0,3696.0,
2020-10-29,305.0,12854.0,1034819.0,61566.0,56529.0,1009.0,3545.0,
2020-10-30,349.0,10844.0,1010617.0,61915.0,56771.0,1011.0,3634.0,
2020-10-31,413.0,10257.0,1022780.0,62328.0,56923.0,1023.0,3883.0,
2020-11-01,222.0,9413.0,1033417.0,62550.0,57101.0,1027.0,3914.0,
2020-11-02,331.0,11090.0,1042666.0,62881.0,57542.0,1029.0,3802.0,
2020-11-03,316.0,11119.0,1055463.0,63197.0,57951.0,1033.0,3705.0,
2020-11-04,388.0,9240.0,1067295.0,63585.0,58221.0,1038.0,3818.0,
2020-11-05,480.0,10598.0,1078499.0,64065.0,58823.0,1047.0,3680.0,
2020-11-06,473.0,11479.0,1090119.0,64538.0,59227.0,1056.0,3736.0,
2020-11-07,498.0,10895.0,1099557.0,65036.0,59564.0,1063.0,3890.0,
2020-11-08,243.0,6571.0,1110511.0,65279.0,59719.0,1065.0,3972.0,
2020-11-09,398.0,11683.0,1120019.0,65677.0,59924.0,1075.0,4149.0,
2020-11-10,328.0,12587.0,1132143.0,66005.0,60429.0,1080.0,3955.0,
2020-11-11,783.0,10887.0,1144534.0,66788.0,60900.0,1086.0,4251.0,
2020-11-12,451.0,9743.0,1155651.0,67239.0,61432.0,1093.0,4156.0,
2020-11-13,467.0,7808.0,1167497.0,67706.0,61732.0,1097.0,4307.0,
2020-11-14,296.0,3198.0,1171730.0,68002.0,61896.0,1102.0,4417.0,
2020-11-15,213.0,3620.0,1175816.0,68215.0,61950.0,1107.0,4565.0,
2020-11-16,243.0,6475.0,1183449.0,68458.0,62555.0,1116.0,4184.0,
2020-11-17,429.0,11162.0,1192023.0,68887.0,62995.0,1119.0,4165.0,
2020-11-18,420.0,11959.0,1202152.0,69307.0,63420.0,1128.0,4147.0,
2020-11-19,386.0,13088.0,1212717.0,69693.0,63808.0,1133.0,4133.0,
2020-11-20,512.0,13048.0,1224223.0,70205.0,64393.0,1138.0,4051.0,
2020-11-21,585.0,12262.0,1236008.0,70790.0,64851.0,1146.0,4166.0,
2020-11-22,466.0,6884.0,1245090.0,71256.0,65102.0,1155.0,4368.0,
2020-11-23,376.0,13176.0,1256524.0,71632.0,65530.0,1162.0,4298.0,
2020-11-24,528.0,13151.0,1267525.0,72160.0,65703.0,1180.0,4631.0,
2020-11-25,482.0,12021.0,1277786.0,72642.0,66147.0,1185.0,4658.0,
2020-11-26,355.0,13470.0,1288946.0,72997.0,66464.0,1196.0,4682.0,
2020-11-27,530.0,14649.0,1301968.0,73527.0,66855.0,1201.0,4812.0,
2020-11-28,424.0,13645.0,1315525.0,73951.0,67197.0,1214.0,4876.0,
2020-11-29,389.0,8523.0,1327314.0,74340.0,67475.0,1222.0,4970.0,
2020-11-30,455.0,10666.0,1340279.0,74795.0,67827.0,1231.0,5059.0,
2020-12-01,473.0,13956.0,1352453.0,75268.0,68365.0,1238.0,4947.0,
2020-12-02,516.0,13587.0,1367575.0,75784.0,68838.0,1251.0,4955.0,
2020-12-03,491.0,12904.0,1380312.0,76275.0,69271.0,1263.0,4967.0,
2020-12-04,618.0,14358.0,1396331.0,76893.0,69831.0,1273.0,4994.0,
2020-12-05,680.0,13727.0,1409056.0,77573.0,70288.0,1281.0,5176.0,
2020-12-06,424.0,7786.0,1424389.0,77997.0,70634.0,1285.0,5223.0,
2020-12-07,512.0,13660.0,1437538.0,78509.0,71105.0,1295.0,5234.0,
2020-12-08,632.0,12816.0,1453671.0,79141.0,71541.0,1307.0,5399.0,
2020-12-09,515.0,14714.0,1464857.0,79656.0,71966.0,1320.0,5456.0,
2020-12-10,830.0,12618.0,1475936.0,80486.0,72479.0,1332.0,5742.0,
2020-12-11,725.0,14975.0,1489651.0,81211.0,72987.0,1341.0,5934.0,
2020-12-12,728.0,12795.0,1503731.0,81939.0,73422.0,1351.0,6207.0,
2020-12-13,490.0,8320.0,1514002.0,82429.0,73818.0,1355.0,6293.0,
2020-12-14,577.0,14154.0,1527416.0,83006.0,74525.0,1361.0,6144.0,
2020-12-15,496.0,14902.0,1540117.0,83502.0,75049.0,1372.0,6089.0,
2020-12-16,567.0,14237.0,1553462.0,84069.0,75547.0,1375.0,6140.0,
2020-12-17,620.0,14427.0,1567251.0,84689.0,76223.0,1384.0,6062.0,
2020-12-18,580.0,15646.0,1586410.0,85269.0,76770.0,1399.0,6067.0,
2020-12-19,584.0,15238.0,1602656.0,85853.0,77326.0,1408.0,6074.0,
2020-12-20,464.0,9112.0,1616842.0,86317.0,77673.0,1413.0,6177.0,
2020-12-21,448.0,13612.0,1633039.0,86765.0,78686.0,1426.0,5584.0,
2020-12-22,611.0,15136.0,1650000.0,87376.0,79341.0,1439.0,5512.0,
2020-12-23,564.0,14742.0,1666855.0,87940.0,79888.0,1447.0,5507.0,
2020-12-24,436.0,12789.0,1681063.0,88376.0,80467.0,1458.0,5331.0,
2020-12-25,468.0,12716.0,1695770.0,88844.0,80738.0,1463.0,5510.0,
2020-12-26,374.0,12770.0,1711094.0,89218.0,81154.0,1476.0,5444.0,
2020-12-27,427.0,9210.0,1722827.0,89645.0,81383.0,1483.0,5625.0,
2020-12-28,205.0,11920.0,1734682.0,89850.0,81688.0,1489.0,5511.0,
2020-12-29,317.0,13541.0,1749909.0,90167.0,82243.0,1495.0,5256.0,
2020-12-30,449.0,13573.0,1764992.0,90616.0,82967.0,1504.0,4963.0,
2020-12-31,304.0,13422.0,1777371.0,90920.0,83506.0,1509.0,4719.0,
2021-01-01,361.0,11965.0,1791371.0,91281.0,83998.0,1515.0,4577.0,
2021-01-02,263.0,10917.0,1805057.0,91544.0,84461.0,1522.0,4364.0,
2021-01-03,267.0,6526.0,1817112.0,91811.0,84705.0,1527.0,4376.0,
2021-01-04,301.0,11476.0,1830267.0,92112.0,85400.0,1535.0,3966.0,
2021-01-05,254.0,11678.0,1842877.0,92366.0,85883.0,1544.0,3717.0,
2021-01-06,227.0,11159.0,1856630.0,92593.0,86298.0,1549.0,3515.0,
2021-01-07,249.0,11374.0,1867428.0,92842.0,86737.0,1555.0,3309.0,
2021-01-08,269.0,12913.0,1881487.0,93111.0,87127.0,1562.0,3179.0,
2021-01-09,287.0,11286.0,1894977.0,93398.0,87370.0,1568.0,3215.0,
2021-01-10,223.0,6623.0,1905558.0,93621.0,87673.0,1573.0,3130.0,
2021-01-11,156.0,11217.0,1915738.0,93777.0,88196.0,1578.0,2753.0,
2021-01-12,184.0,11963.0,1928509.0,93961.0,88472.0,1589.0,2643.0,
2021-01-13,209.0,10442.0,1939315.0,94170.0,88761.0,1593.0,2552.0,
2021-01-14,154.0,8825.0,1947524.0,94324.0,88948.0,1596.0,2510.0,
2021-01-15,141.0,11795.0,1958238.0,94465.0,89182.0,1602.0,2406.0,
2021-01-16,226.0,11424.0,1974851.0,94691.0,89454.0,1606.0,2349.0,
2021-01-17,112.0,5872.0,1983478.0,94803.0,89552.0,1611.0,2354.0,
2021-01-18,120.0,12016.0,1995328.0,94923.0,89882.0,1617.0,2136.0,1961.0
2021-01-19,116.0,13012.0,2005841.0,95039.0,90133.0,1619.0,1992.0,1882.0
2021-01-20,153.0,10852.0,2019442.0,95192.0,90264.0,1622.0,2005.0,
2021-01-21,162.0,12281.0,2030241.0,95354.0,90547.0,1626.0,1876.0,2087.0
2021-01-22,110.0,12985.0,2043087.0,95464.0,90730.0,1629.0,1795.0,2308.0
2021-01-23,122.0,12103.0,2057076.0,95586.0,90942.0,1629.0,1701.0,
2021-01-24,54.0,6508.0,2067575.0,95640.0,90967.0,1631.0,1725.0,
2021-01-25,62.0,12114.0,2078868.0,95702.0,91221.0,1635.0,1523.0,4032.0
2021-01-26,39.0,5544.0,2086012.0,95741.0,91323.0,1636.0,1455.0,
2021-01-27,85.0,9570.0,2095086.0,95826.0,91419.0,1639.0,1439.0,144.0
2021-01-28,82.0,8666.0,2104208.0,95908.0,91597.0,1642.0,1338.0,4827.0
2021-01-29,78.0,8976.0,2116001.0,95986.0,91713.0,1642.0,1289.0,6301.0
2021-01-30,82.0,8830.0,2127358.0,96068.0,91880.0,1643.0,1202.0,2973.0
2021-01-31,61.0,5312.0,2134552.0,96129.0,91966.0,1644.0,1175.0,2437.0
2021-02-01,51.0,7897.0,2142303.0,96180.0,92105.0,1648.0,1081.0,6077.0
2021-02-02,47.0,6775.0,2150398.0,96227.0,92185.0,1651.0,1043.0,5925.0
2021-02-03,54.0,7771.0,2159724.0,96281.0,92280.0,1655.0,997.0,10723.0
2021-02-04,103.0,6605.0,2167413.0,96384.0,92372.0,1659.0,1002.0,8705.0
2021-02-05,47.0,6657.0,2175808.0,96431.0,92469.0,1662.0,945.0,7434.0
2021-02-06,47.0,6455.0,2184998.0,96478.0,92519.0,1664.0,937.0,3470.0
2021-02-07,15.0,3867.0,2190489.0,96493.0,92554.0,1668.0,912.0,845.0
2021-02-08,43.0,7158.0,2195969.0,96536.0,92696.0,1671.0,808.0,4676.0
2021-02-09,54.0,7874.0,2203190.0,96590.0,92763.0,1673.0,790.0,6076.0
2021-02-10,35.0,7783.0,2210318.0,96625.0,92873.0,1674.0,707.0,5124.0
2021-02-11,48.0,8772.0,2220621.0,96673.0,92950.0,1676.0,669.0,7135.0
2021-02-12,49.0,15233.0,2230515.0,96722.0,93013.0,1678.0,648.0,6434.0
2021-02-13,44.0,13093.0,2240181.0,96766.0,93060.0,1680.0,637.0,4922.0
2021-02-14,54.0,4733.0,2247287.0,96820.0,93061.0,1680.0,687.0,1470.0
2021-02-15,47.0,7782.0,2255193.0,96867.0,93160.0,1680.0,615.0,6376.0
2021-02-16,53.0,11595.0,2266583.0,96920.0,93256.0,1682.0,564.0,5024.0
2021-02-17,44.0,18574.0,2286792.0,96964.0,93309.0,1683.0,548.0,5036.0
2021-02-18,41.0,8992.0,2294135.0,97005.0,93339.0,1684.0,549.0,3981.0
2021-02-19,26.0,9403.0,2303686.0,97031.0,93407.0,1686.0,495.0,5487.0
2021-02-20,13.0,7248.0,2312851.0,96657.0,93142.0,1686.0,454.0,2602.0
2021-02-21,30.0,3156.0,2319133.0,96687.0,93158.0,1687.0,457.0,496.0
2021-02-22,32.0,7026.0,2325000.0,96719.0,93230.0,1689.0,411.0,4793.0
2021-02-24,47.0,8317.0,2341175.0,96820.0,93348.0,1690.0,388.0,3503.0
2021-02-25,17.0,8172.0,2359483.0,96837.0,93400.0,1690.0,351.0,3992.0
2021-02-26,53.0,9716.0,2369727.0,96890.0,93438.0,1691.0,364.0,6792.0
2021-02-27,81.0,18581.0,2384737.0,96949.0,93442.0,1692.0,421.0,
2021-02-28,43.0,19194.0,2406703.0,96992.0,93453.0,1692.0,451.0,
2021-03-01,27.0,10017.0,2417419.0,97019.0,93479.0,1692.0,447.0,332.0
2021-03-02,70.0,8574.0,2426085.0,97089.0,93544.0,1692.0,451.0,6350.0
2021-03-03,45.0,8922.0,2436780.0,97134.0,93575.0,1692.0,463.0,7210.0
2021-03-04,100.0,7923.0,2445312.0,97234.0,93594.0,1692.0,542.0,12769.0
2021-03-05,51.0,8391.0,2454398.0,97285.0,93629.0,1694.0,556.0,12470.0
2021-03-06,78.0,8624.0,2463762.0,97363.0,93667.0,1694.0,596.0,12082.0
2021-03-07,59.0,6916.0,2471096.0,97422.0,93689.0,1695.0,632.0,
2021-03-08,58.0,10257.0,2479995.0,97480.0,93715.0,1695.0,662.0,8792.0
2021-03-09,49.0,9886.0,2487980.0,97529.0,93813.0,1695.0,611.0,8120.0
2021-03-10,36.0,10548.0,2500644.0,97565.0,93858.0,1697.0,600.0,4680.0
2021-03-11,69.0,18034.0,2520835.0,97634.0,93884.0,1698.0,642.0,851.0
2021-03-12,66.0,29743.0,2536247.0,97700.0,93952.0,1700.0,638.0,8400.0
2021-03-13,54.0,16768.0,2551295.0,97754.0,94058.0,1702.0,583.0,5608.0
2021-03-14,52.0,9382.0,2560427.0,97806.0,94082.0,1703.0,609.0,749.0
2021-03-15,60.0,9957.0,2569444.0,97866.0,94168.0,1704.0,581.0,6960.0
2021-03-16,65.0,9021.0,2577879.0,97931.0,94215.0,1704.0,599.0,8539.0
2021-03-17,110.0,9730.0,2590074.0,98041.0,94250.0,1704.0,672.0,1442.0
2021-03-18,88.0,10965.0,2599595.0,98129.0,94311.0,1704.0,698.0,8948.0
2021-03-19,99.0,12578.0,2610397.0,98228.0,94380.0,1704.0,728.0,6606.0
2021-03-20,83.0,14603.0,2621706.0,98311.0,94430.0,1704.0,756.0,2992.0
2021-03-21,137.0,10024.0,2631682.0,98448.0,94462.0,1704.0,861.0,298.0
2021-03-22,104.0,11610.0,2643518.0,98552.0,94533.0,1704.0,894.0,7405.0
2021-03-23,94.0,11778.0,2657619.0,98646.0,94585.0,1706.0,930.0,4871.0
2021-03-24,200.0,10608.0,2669701.0,98880.0,94634.0,1706.0,1112.0,2545.0
2021-03-25,192.0,11329.0,2678962.0,99072.0,94755.0,1707.0,1150.0,2700.0
2021-03-26,186.0,12352.0,2692394.0,99258.0,94916.0,1708.0,1162.0,2520.0
2021-03-27,257.0,11477.0,2699095.0,99515.0,94983.0,1709.0,1339.0,2038.0
2021-03-28,366.0,7627.0,2714881.0,99881.0,95025.0,1709.0,1660.0,389.0
2021-03-29,109.0,3100.0,2719648.0,99990.0,95065.0,1711.0,1724.0,
2021-03-30,128.0,8092.0,2728555.0,100118.0,95212.0,1713.0,1696.0,1779.0
2021-03-31,293.0,15743.0,2739909.0,100411.0,95330.0,1717.0,1863.0,2426.0
2021-04-05,547.0,31932.0,2840027.0,102811.0,96296.0,1729.0,3201.0,54386.0
2021-04-06,791.0,34968.0,2888890.0,103602.0,96647.0,1736.0,3607.0,60214.0
2021-04-07,1109.0,33050.0,2920139.0,104711.0,96735.0,1741.0,4526.0,63470.0
2021-04-08,787.0,36325.0,2950213.0,105498.0,97000.0,1744.0,5042.0,107658.0
2021-04-09,748.0,35363.0,2982382.0,106246.0,97327.0,1749.0,5384.0,60841.0
2021-04-10,1233.0,28990.0,3016050.0,107479.0,97644.0,1752.0,6241.0,45684.0
2021-04-11,1333.0,36128.0,3048668.0,108812.0,97887.0,1760.0,7323.0,29719.0
2021-04-12,1334.0,42432.0,3085100.0,110146.0,98492.0,1767.0,7846.0,49242.0
2021-04-13,1925.0,36773.0,3131226.0,112071.0,98897.0,1780.0,9353.0,34299.0
2021-04-14,1953.0,47619.0,3176482.0,114024.0,99380.0,1793.0,10770.0,30600.0
2021-04-15,2220.0,43241.0,3215093.0,116244.0,99777.0,1802.0,12484.0,34552.0
2021-04-16,2402.0,40585.0,3248037.0,118646.0,100857.0,1819.0,13546.0,48448.0
2021-04-17,2757.0,39923.0,3300338.0,121403.0,101659.0,1856.0,15386.0,40309.0
2021-04-18,2630.0,33332.0,3333159.0,124033.0,102367.0,1868.0,17293.0,
2021-04-19,2160.0,36023.0,3363489.0,126193.0,102899.0,1892.0,18864.0,43947.0
2021-04-20,3012.0,26872.0,3391513.0,129205.0,103633.0,1919.0,21014.0,66726.0
2021-04-21,4807.0,36897.0,3428170.0,134012.0,104527.0,1953.0,24893.0,43216.0
2021-04-22,3998.0,29709.0,3464616.0,138010.0,106271.0,1972.0,26980.0,34020.0
2021-04-23,4339.0,31152.0,3500685.0,142349.0,107450.0,2021.0,29949.0,62872.0
2021-04-24,5084.0,40479.0,3536994.0,147433.0,108916.0,2102.0,33330.0,41222.0
2021-04-25,4368.0,33808.0,3574574.0,151801.0,110664.0,2146.0,35864.0,20990.0
2021-04-26,5058.0,33059.0,3637694.0,156859.0,112265.0,2213.0,39031.0,42614.0
2021-04-27,5703.0,14277.0,3675568.0,162562.0,113736.0,2309.0,43032.0,39180.0
2021-04-28,6054.0,44774.0,3718006.0,168616.0,117221.0,2417.0,45383.0,35898.0
2021-04-29,6251.0,39852.0,3752603.0,174867.0,120350.0,2502.0,48318.0,42136.0
2021-04-30,5654.0,34642.0,3782632.0,180521.0,124565.0,2624.0,49492.0,44691.0
2021-05-01,5493.0,35058.0,3815200.0,186014.0,128209.0,2731.0,51127.0,70175.0
2021-05-02,5606.0,23285.0,3841463.0,191620.0,131144.0,2802.0,53612.0,
2021-05-03,5403.0,38174.0,3874678.0,197023.0,134488.0,2930.0,55436.0,8941.0
2021-05-04,7028.0,45213.0,3912724.0,204051.0,140184.0,3015.0,56627.0,25413.0
2021-05-05,7783.0,43489.0,3918586.0,211834.0,144941.0,3142.0,59526.0,42268.0
2021-05-06,8517.0,33097.0,3954321.0,220351.0,149489.0,3293.0,62911.0,55885.0
2021-05-07,9642.0,30531.0,3991171.0,229993.0,154132.0,3430.0,67691.0,35771.0
2021-05-08,8390.0,34937.0,4030481.0,238383.0,158903.0,3548.0,71174.0,48553.0
2021-05-09,5890.0,17579.0,4057194.0,244273.0,161634.0,3728.0,74114.0,22855.0
2021-05-10,5541.0,25497.0,4083756.0,249814.0,166521.0,3896.0,74480.0,63779.0
2021-05-11,7120.0,29650.0,4111684.0,256934.0,171454.0,4014.0,76500.0,53036.0
2021-05-12,7749.0,27796.0,4146577.0,264683.0,178459.0,4123.0,77082.0,38931.0
2021-05-13,7127.0,26089.0,4175285.0,271810.0,184207.0,4245.0,78304.0,30843.0
2021-05-14,5775.0,25291.0,4204379.0,277585.0,188690.0,4426.0,79379.0,32881.0
2021-05-15,5654.0,27881.0,4228389.0,283239.0,193496.0,4623.0,80000.0,33090.0
2021-05-16,4496.0,21224.0,4262233.0,287286.0,198530.0,4811.0,78802.0,18421.0
2021-05-17,3719.0,28676.0,4291896.0,291005.0,202177.0,5034.0,78608.0,28214.0
2021-05-18,4785.0,35004.0,4329896.0,295790.0,209196.0,5132.0,76232.0,23750.0
2021-05-19,4492.0,35177.0,4366657.0,300282.0,216529.0,5325.0,73172.0,12621.0
2021-05-20,3658.0,26414.0,4401501.0,303940.0,224535.0,5484.0,68643.0,15959.0
2021-05-21,3626.0,31491.0,4443937.0,307566.0,233266.0,5600.0,63373.0,14860.0
2021-05-22,2903.0,34191.0,4475669.0,310469.0,241430.0,5734.0,57929.0,12957.0
2021-05-23,3050.0,28142.0,4516781.0,313519.0,247603.0,5805.0,54735.0,9769.0
2021-05-24,2071.0,32214.0,4548874.0,315590.0,254654.0,5927.0,49579.0,23829.0
2021-05-25,2756.0,36541.0,4585942.0,318346.0,261328.0,6020.0,45568.0,19648.0
2021-05-26,2991.0,29751.0,4622698.0,321337.0,266182.0,6113.0,43520.0,12520.0
2021-05-27,2146.0,34601.0,4659648.0,323483.0,272488.0,6201.0,39177.0,17524.0
2021-05-28,1942.0,34860.0,4697243.0,325425.0,279516.0,6261.0,33994.0,17629.0
2021-05-29,1687.0,32682.0,4734270.0,327112.0,283962.0,6360.0,31110.0,15460.0
2021-05-30,1226.0,22766.0,4764419.0,328338.0,285889.0,6401.0,30357.0,12364.0
2021-05-31,1156.0,29223.0,4794885.0,329494.0,288928.0,6452.0,28371.0,15203.0
2021-06-01,981.0,30624.0,4825524.0,330475.0,290990.0,6497.0,27216.0,15648.0
2021-06-02,1003.0,29486.0,4858215.0,331478.0,293768.0,6535.0,25366.0,12224.0
2021-06-03,589.0,27400.0,4886352.0,332067.0,297122.0,6573.0,22530.0,14506.0
2021-06-04,892.0,24172.0,4913184.0,332959.0,301128.0,6631.0,19283.0,24941.0
2021-06-05,619.0,24058.0,4936696.0,333578.0,303659.0,6664.0,17305.0,34497.0
2021-06-06,446.0,17568.0,4957645.0,334024.0,305239.0,6699.0,16125.0,31185.0
2021-06-07,395.0,23271.0,4979584.0,334419.0,307574.0,6731.0,14122.0,24432.0
2021-06-08,546.0,25474.0,5004569.0,334965.0,310291.0,6797.0,11885.0,38993.0
2021-06-09,513.0,23676.0,5028341.0,335478.0,313379.0,6849.0,9258.0,38872.0
2021-06-10,388.0,25538.0,5046601.0,335866.0,316621.0,6878.0,6641.0,48290.0
2021-06-11,287.0,23234.0,5073364.0,336153.0,318235.0,6909.0,5277.0,43824.0
2021-06-12,463.0,19896.0,5102496.0,336616.0,318930.0,6928.0,5021.0,38338.0
2021-06-13,263.0,14292.0,5133927.0,336879.0,319559.0,6935.0,4633.0,29450.0
2021-07-17,32.0,23795.0,5954389.0,341433.0,327412.0,7356.0,656.0,50417.0
2021-07-18,19.0,17149.0,5973244.0,341452.0,327464.0,7356.0,623.0,33030.0
2021-07-19,34.0,20019.0,5993581.0,341486.0,327511.0,7357.0,604.0,45342.0
2021-07-20,50.0,22041.0,6014967.0,341536.0,327544.0,7357.0,620.0,87964.0
2021-07-21,37.0,18090.0,6035217.0,341573.0,327558.0,7357.0,643.0,42022.0
2021-07-22,56.0,24129.0,6060032.0,341629.0,327606.0,7359.0,649.0,41968.0
2021-07-23,11.0,26889.0,6086477.0,341640.0,327664.0,7359.0,606.0,47795.0
2021-07-25,51.0,22021.0,6138887.0,341724.0,327716.0,7359.0,637.0,19721.0
2021-07-26,54.0,28123.0,6164559.0,341778.0,327766.0,7359.0,638.0,31930.0
2021-07-27,43.0,27893.0,6192906.0,341874.0,327818.0,7361.0,659.0,40946.0
2021-07-28,60.0,24966.0,6220716.0,341934.0,327864.0,7361.0,672.0,33882.0
2021-07-29,48.0,27507.0,6246383.0,341982.0,327915.0,7361.0,669.0,91097.0
2021-07-30,41.0,28300.0,6272832.0,342023.0,327979.0,7362.0,645.0,86869.0
2021-07-31,38.0,24860.0,6298254.0,342139.0,328108.0,7362.0,632.0,81375.0
2021-08-01,22.0,16009.0,6319514.0,342161.0,328153.0,7362.0,609.0,95874.0
2021-08-02,37.0,24278.0,6342329.0,342198.0,328224.0,7363.0,574.0,86476.0
2021-08-03,48.0,25062.0,6367822.0,342246.0,328262.0,7366.0,581.0,77089.0
2021-08-04,37.0,25480.0,6392957.0,342283.0,328304.0,7366.0,576.0,103511.0
2021-08-05,24.0,24396.0,6417333.0,342307.0,328371.0,7366.0,533.0,100281.0
2021-08-06,29.0,25004.0,6443888.0,342336.0,328419.0,7367.0,513.0,47331.0
2021-08-07,38.0,23125.0,6466339.0,342374.0,328476.0,7367.0,492.0,175244.0
2021-08-08,18.0,14566.0,6483473.0,342392.0,328522.0,7367.0,463.0,32955.0
2021-08-09,31.0,22847.0,6505490.0,342423.0,328569.0,7368.0,446.0,45428.0
2021-08-10,39.0,20715.0,6526861.0,342462.0,328610.0,7368.0,444.0,119596.0
2021-08-11,40.0,20030.0,6547208.0,342502.0,328658.0,7369.0,435.0,99348.0
2021-08-12,24.0,19252.0,6566843.0,342526.0,328695.0,7369.0,418.0,119194.0
2021-08-13,27.0,21228.0,6587494.0,342553.0,328735.0,7370.0,401.0,101638.0
2021-08-14,19.0,19759.0,6607562.0,342572.0,328759.0,7370.0,396.0,107514.0
2021-08-15,16.0,10056.0,6619466.0,342588.0,328790.0,7370.0,380.0,11528.0
2021-08-16,18.0,19054.0,6637901.0,342606.0,328844.0,7371.0,342.0,85733.0
2021-08-17,31.0,19648.0,6657529.0,342637.0,328885.0,7373.0,330.0,119493.0
2021-08-18,16.0,18930.0,6676652.0,342668.0,328914.0,7374.0,331.0,71402.0
2021-08-19,33.0,17420.0,6692588.0,342701.0,328934.0,7376.0,342.0,87363.0
2021-08-20,15.0,13716.0,6708593.0,342716.0,328958.0,7376.0,333.0,57028.0
2021-08-21,21.0,15831.0,6722977.0,342737.0,328990.0,7377.0,321.0,76894.0
2021-08-22,12.0,5651.0,6732635.0,342749.0,329006.0,7377.0,317.0,6727.0
2021-08-23,,,,,,,,
2021-08-24,15.0,17081.0,6761182.0,342786.0,329047.0,7377.0,310.0,88582.0
2021-08-25,32.0,17697.0,6777503.0,342818.0,329069.0,7377.0,320.0,70423.0
2021-08-26,25.0,17294.0,6795653.0,342843.0,329090.0,7377.0,324.0,99543.0
2021-08-27,32.0,17612.0,6812404.0,342875.0,329122.0,7380.0,321.0,107527.0
2021-08-28,19.0,16202.0,6829733.0,342894.0,329136.0,7380.0,326.0,112084.0
2021-08-29,16.0,11210.0,6845842.0,342910.0,329143.0,7380.0,335.0,79938.0
2021-08-30,38.0,14657.0,6859272.0,342948.0,329159.0,7381.0,356.0,38795.0
2021-08-31,28.0,18618.0,6876339.0,342976.0,329183.0,7387.0,354.0,90947.0
2021-09-01,25.0,20426.0,6895451.0,343001.0,329197.0,7387.0,365.0,85530.0
2021-09-02,33.0,19208.0,6914911.0,343034.0,329212.0,7387.0,383.0,88077.0
2021-09-03,36.0,19299.0,6931457.0,343070.0,329221.0,7387.0,410.0,88544.0
2021-09-04,14.0,20191.0,6950594.0,343084.0,329251.0,7388.0,393.0,77518.0
2021-09-05,16.0,13396.0,6968497.0,343100.0,329271.0,7388.0,389.0,58656.0
2021-09-06,25.0,19132.0,6984996.0,343125.0,329306.0,7388.0,379.0,76060.0
2021-09-07,14.0,20214.0,7004656.0,343139.0,329327.0,7389.0,371.0,72661.0
2021-09-08,12.0,20872.0,7024202.0,343151.0,329361.0,7389.0,349.0,67453.0
2021-09-09,16.0,19021.0,7043105.0,343167.0,329387.0,7389.0,331.0,68636.0
2021-09-10,20.0,19442.0,7062188.0,343187.0,329415.0,7389.0,319.0,67748.0
2021-09-11,24.0,18690.0,7081010.0,343211.0,329438.0,7389.0,320.0,68661.0
2021-09-12,12.0,11816.0,7098368.0,343223.0,329458.0,7389.0,312.0,37421.0
2021-09-13,19.0,18833.0,7114102.0,343242.0,329495.0,7389.0,293.0,65379.0
2021-09-14,19.0,18272.0,7133139.0,343261.0,329521.0,7389.0,285.0,70408.0
2021-09-15,49.0,18246.0,7152326.0,343310.0,329554.0,7389.0,296.0,62056.0
2021-09-16,20.0,18369.0,7171727.0,343330.0,329582.0,7389.0,284.0,60548.0
2021-09-17,25.0,15374.0,7188681.0,343355.0,329605.0,7389.0,282.0,172641.0
2021-09-18,21.0,17637.0,7206586.0,343376.0,329619.0,7390.0,282.0,107616.0
2021-09-19,6.0,12158.0,7221453.0,343382.0,329634.0,7390.0,273.0,48798.0
2021-09-20,11.0,16075.0,7236680.0,343393.0,329651.0,7390.0,267.0,74572.0
2021-09-21,12.0,17315.0,7253969.0,343405.0,329679.0,7391.0,249.0,67131.0
2021-09-22,23.0,17103.0,7271590.0,343428.0,329695.0,7391.0,256.0,58241.0
2021-09-23,17.0,16565.0,7287881.0,343445.0,329715.0,7391.0,249.0,61169.0
2021-09-24,14.0,17513.0,7303934.0,343459.0,329738.0,7393.0,238.0,52502.0
2021-09-25,15.0,16748.0,7321147.0,343474.0,329758.0,7393.0,228.0,49525.0
2021-09-26,16.0,10415.0,7336734.0,343490.0,329774.0,7393.0,226.0,24078.0
2021-09-27,14.0,16092.0,7349844.0,343504.0,329794.0,7393.0,218.0,40450.0
2021-09-28,15.0,16859.0,7364891.0,343519.0,329813.0,7393.0,214.0,41586.0
2021-09-29,11.0,14516.0,7381005.0,343530.0,329828.0,7394.0,209.0,33823.0
2021-09-30,7.0,14188.0,7395962.0,343537.0,329876.0,7394.0,167.0,40553.0
2021-10-01,13.0,17190.0,7413081.0,343550.0,329893.0,7395.0,162.0,39370.0
2021-10-02,5.0,9931.0,7424435.0,343555.0,329910.0,7395.0,150.0,23902.0
2021-10-03,12.0,8191.0,7436267.0,343567.0,329920.0,7395.0,152.0,13324.0
2021-10-04,17.0,16306.0,7448199.0,343584.0,329936.0,7395.0,150.0,34535.0
2021-10-05,12.0,17209.0,7462839.0,343596.0,329946.0,7395.0,149.0,32583.0
2021-10-06,22.0,15308.0,7478809.0,343618.0,329953.0,7396.0,163.0,24345.0
2021-10-07,8.0,14924.0,7495348.0,343626.0,329967.0,7396.0,156.0,17759.0
2021-10-08,19.0,15625.0,7510831.0,343645.0,329976.0,7396.0,166.0,30219.0
2021-10-09,17.0,13596.0,7524461.0,343662.0,329984.0,7396.0,173.0,25319.0
2021-10-10,6.0,7868.0,7536187.0,343668.0,329991.0,7396.0,172.0,12751.0
2021-10-11,7.0,13623.0,7546861.0,343675.0,330007.0,7396.0,162.0,27397.0
2021-10-12,20.0,14771.0,7562158.0,343695.0,330022.0,7397.0,158.0,24918.0
2021-10-13,6.0,15533.0,7576643.0,343701.0,330032.0,7397.0,153.0,21840.0
2021-10-14,28.0,12526.0,7591380.0,343729.0,330036.0,7397.0,175.0,29604.0
2021-10-15,10.0,9273.0,7603099.0,343739.0,330041.0,7397.0,179.0,11541.0
2021-10-16,8.0,11736.0,7614498.0,343747.0,330047.0,7397.0,177.0,25941.0
2021-10-17,9.0,7887.0,7625367.0,343756.0,330054.0,7397.0,178.0,15701.0
2021-10-18,3.0,9378.0,7635444.0,343759.0,330058.0,7397.0,176.0,19786.0
2021-10-19,6.0,7968.0,7644446.0,343765.0,330065.0,7397.0,175.0,22038.0
2021-10-20,8.0,9413.0,7651916.0,343773.0,330071.0,7398.0,176.0,22032.0
2021-10-21,14.0,12739.0,7663757.0,343787.0,330085.0,7398.0,176.0,34172.0
2021-10-22,12.0,13191.0,7675527.0,343799.0,330099.0,7398.0,166.0,39957.0
2021-10-23,16.0,13480.0,7687894.0,343815.0,330112.0,7398.0,169.0,36170.0
2021-10-24,6.0,6955.0,7697771.0,343821.0,330121.0,7399.0,163.0,12797.0
2021-10-25,11.0,12593.0,7708051.0,343832.0,330137.0,7399.0,156.0,39476.0
2021-10-26,12.0,12860.0,7719760.0,343844.0,330145.0,7399.0,156.0,47761.0
2021-10-27,17.0,14420.0,7733194.0,343861.0,330163.0,7399.0,150.0,42798.0
2021-10-28,9.0,13178.0,7747261.0,343869.0,330173.0,7400.0,146.0,40172.0
2021-10-29,7.0,12280.0,7759881.0,343876.0,330180.0,7400.0,146.0,49133.0
2021-10-30,15.0,10438.0,7771624.0,343891.0,330186.0,7400.0,155.0,45400.0
2021-10-31,5.0,6747.0,7781148.0,343896.0,330195.0,7400.0,151.0,17807.0
2021-11-01,8.0,11158.0,7790773.0,343904.0,330201.0,7401.0,152.0,49403.0
2021-11-02,7.0,9301.0,7801393.0,343911.0,330209.0,7401.0,151.0,40156.0
2021-11-03,7.0,7625.0,7810467.0,343918.0,330218.0,7401.0,149.0,13827.0
2021-11-04,6.0,4103.0,7816336.0,343924.0,330227.0,7401.0,146.0,1828.0
2021-11-05,3.0,4606.0,7820867.0,343927.0,330232.0,7401.0,143.0,7046.0
2021-11-06,12.0,7304.0,7828008.0,343939.0,330241.0,7401.0,146.0,10261.0
2021-11-07,3.0,6993.0,7834916.0,343942.0,330249.0,7401.0,141.0,13453.0
2021-11-08,3.0,11232.0,7844321.0,343945.0,330255.0,7402.0,137.0,44041.0
2021-11-09,21.0,12159.0,7853747.0,343966.0,330263.0,7402.0,150.0,58660.0
2021-11-10,8.0,10396.0,7866273.0,343974.0,330273.0,7402.0,142.0,43500.0
2021-11-11,13.0,13188.0,7877567.0,343987.0,330280.0,7403.0,146.0,51839.0
2021-11-12,11.0,13487.0,7890273.0,343998.0,330289.0,7403.0,147.0,57319.0
2021-11-13,16.0,13020.0,7902901.0,344014.0,330294.0,7403.0,158.0,56148.0
2021-11-14,29.0,6757.0,7913010.0,344043.0,330304.0,7403.0,177.0,24999.0
2021-11-15,7.0,10840.0,7921174.0,344050.0,330315.0,7403.0,173.0,44198.0
2021-11-16,8.0,11747.0,7931817.0,344058.0,330321.0,7404.0,174.0,57436.0
2021-11-17,4.0,12414.0,7943091.0,344062.0,330326.0,7404.0,173.0,54032.0
2021-11-18,12.0,11079.0,7953445.0,344074.0,330332.0,7404.0,179.0,60270.0
2021-11-19,10.0,9434.0,7964101.0,344084.0,330337.0,7404.0,184.0,38332.0
2021-11-20,11.0,9923.0,7974018.0,344095.0,330345.0,7404.0,187.0,42520.0
2021-11-21,11.0,4359.0,7981776.0,344106.0,330351.0,7404.0,192.0,22714.0
2021-11-22,9.0,9519.0,7988612.0,344115.0,330376.0,7405.0,175.0,50916.0
2021-11-23,8.0,9277.0,7997734.0,344123.0,330391.0,7407.0,165.0,62917.0
2021-11-24,25.0,7583.0,8006816.0,344148.0,330401.0,7407.0,180.0,57978.0
2021-11-25,8.0,7548.0,8013752.0,344156.0,330432.0,7407.0,157.0,61243.0
2021-11-26,13.0,8388.0,8020743.0,344169.0,330458.0,7407.0,144.0,52334.0
2021-11-27,14.0,7953.0,8029883.0,344183.0,330466.0,7407.0,150.0,60159.0
2021-11-28,36.0,3407.0,8035255.0,344219.0,330476.0,7407.0,176.0,28357.0
2021-11-29,8.0,8291.0,8040633.0,344227.0,330527.0,7408.0,132.0,61803.0
2021-11-30,28.0,12436.0,8052276.0,344255.0,330546.0,7408.0,141.0,71406.0
2021-12-01,53.0,16629.0,8066417.0,344308.0,330557.0,7408.0,183.0,60179.0
2021-12-02,17.0,16524.0,8080274.0,344325.0,330566.0,7408.0,182.0,61699.0
2021-12-03,10.0,16459.0,8094335.0,344335.0,330571.0,7408.0,187.0,62696.0
2021-12-04,10.0,14745.0,8107513.0,344345.0,330592.0,7411.0,173.0,69246.0
2021-12-05,8.0,9008.0,8120927.0,344353.0,330599.0,7411.0,174.0,42248.0
2021-12-06,11.0,14809.0,8131158.0,344364.0,330608.0,7411.0,172.0,77271.0
2021-12-07,21.0,14129.0,8145072.0,344385.0,330611.0,7411.0,189.0,70981.0
2021-12-08,17.0,10831.0,8160764.0,344402.0,330624.0,7411.0,192.0,57429.0
2021-12-09,9.0,15590.0,8175962.0,344411.0,330650.0,7411.0,174.0,50536.0
2021-12-10,10.0,15730.0,8189346.0,344421.0,330677.0,7412.0,156.0,47172.0
2021-12-11,21.0,15543.0,8202814.0,344442.0,330703.0,7412.0,151.0,43183.0
2021-12-12,17.0,9359.0,8214043.0,344459.0,330730.0,7412.0,141.0,18079.0
2021-12-13,12.0,16366.0,8226043.0,344471.0,330744.0,7412.0,139.0,37502.0
2021-12-14,16.0,18964.0,8240359.0,344487.0,330761.0,7412.0,138.0,42429.0
2021-12-15,26.0,19347.0,8259865.0,344513.0,330775.0,7413.0,142.0,37241.0
2021-12-16,20.0,17561.0,8277466.0,344533.0,330784.0,7413.0,153.0,44448.0
2021-12-17,20.0,18305.0,8294827.0,344553.0,330797.0,7413.0,155.0,42465.0
2021-12-18,25.0,16730.0,8312321.0,344578.0,330811.0,7413.0,164.0,40653.0
2021-12-19,13.0,10697.0,8327335.0,344591.0,330820.0,7413.0,168.0,26904.0
2021-12-20,11.0,17144.0,8343334.0,344602.0,330828.0,7414.0,170.0,43631.0
2021-12-21,29.0,20191.0,8360117.0,344631.0,330858.0,7415.0,168.0,49070.0
2021-12-22,27.0,19061.0,8378695.0,344658.0,330869.0,7415.0,184.0,46407.0
2021-12-23,39.0,16840.0,8396219.0,344697.0,330872.0,7415.0,220.0,44844.0
2021-12-24,27.0,13397.0,8410797.0,344724.0,330886.0,7415.0,233.0,50538.0
2021-12-25,42.0,16062.0,8426309.0,344766.0,330920.0,7416.0,237.0,38503.0
2021-12-26,13.0,11438.0,8438550.0,344779.0,330938.0,7416.0,231.0,24590.0
2021-12-27,20.0,16629.0,8455401.0,344799.0,330973.0,7416.0,213.0,51845.0
2021-12-28,44.0,18877.0,8469908.0,344843.0,331001.0,7416.0,227.0,53506.0
2021-12-29,38.0,18658.0,8490294.0,344881.0,331043.0,7417.0,222.0,52621.0
